product_id,product_name,category,subcategory,brand,price,cost_price,stock_quantity,sales_count,rating_avg,listing_date,status
1,联想 显示器 Pro,电子产品,显示器,联想,3348.51,1699.67,3151,5,4.9,2025-06-08,在售
2,电子工业 瑜伽垫 Pro(银色),图书文娱,瑜伽垫,电子工业,214.26,151.01,489,5,5.0,2019-10-26,缺货
3,九阳 加湿器 Pro,家居生活,加湿器,九阳,415.35,302.37,4749,8,5.0,2024-03-16,在售
4,格力 床上四件套 经典款(金色),家居生活,床上四件套,格力,183.31,53.14,4745,30,5.0,2020-10-07,在售
5,海尔 电饭煲 Plus(粉色),家居生活,电饭煲,海尔,415.16,247.29,2437,22,5.0,2019-05-22,在售
6,恰恰 红酒 升级版(蓝色),食品饮料,红酒,恰恰,252.38,100.14,770,29,2.0,2021-09-30,在售
7,爱仕达 餐桌 旗舰版(红色),家居生活,餐桌,爱仕达,386.31,196.2,3669,17,2.7,2024-09-04,在售
8,中信出版 编程书籍 Pro(黑色),图书文娱,编程书籍,中信出版,36.74,16.47,4481,83,3.7,2023-10-21,在售
9,自然堂 面霜 青春版,美妆个护,面霜,自然堂,311.89,200.62,2891,14,1.5,2025-06-17,在售
10,三只松鼠 巧克力 标准版,食品饮料,巧克力,三只松鼠,24.33,16.26,2995,134,3.4,2022-10-18,在售
11,帮宝适 积木玩具 Pro,母婴用品,积木玩具,帮宝适,526.3,347.38,140,0,4.9,2022-03-26,在售
12,香奈儿 化妆刷 限定版(灰色),美妆个护,化妆刷,香奈儿,15.35,11.42,543,196,3.6,2021-09-04,在售
13,九阳 电风扇 标准版,家居生活,电风扇,九阳,412.33,154.24,1445,14,3.8,2025-03-07,在售
14,ZARA 男装T恤 青春版,服装鞋帽,男装T恤,ZARA,305.49,185.93,3460,8,5.0,2025-03-03,在售
15,鸿星尔克 袜子 Plus,服装鞋帽,袜子,鸿星尔克,17.88,11.23,2853,153,4.3,2023-09-17,在售
16,机械工业 漫画 Pro,图书文娱,漫画,机械工业,26.52,19.37,137,115,4.0,2024-02-06,在售
17,华为 键盘 Plus,电子产品,键盘,华为,861.35,391.93,1746,10,3.1,2019-09-18,下架
18,人民文学 经管书籍 青春版,图书文娱,经管书籍,人民文学,140.01,62.68,139,27,3.0,2024-09-27,在售
19,百草味 巧克力,食品饮料,巧克力,百草味,13.37,9.87,4693,230,3.7,2022-02-01,在售
20,波司登 女装连衣裙 Plus(红色),服装鞋帽,女装连衣裙,波司登,613.64,376.64,2205,2,4.3,2020-07-26,缺货
21,京东图书 英语教材 (红色),图书文娱,英语教材,京东图书,52.09,37.18,3767,62,4.3,2019-11-01,下架
22,无印良品 洗碗机,家居生活,洗碗机,无印良品,1477.2,897.2,2105,3,4.0,2019-04-08,下架
23,樊登读书 书法字帖 升级版,图书文娱,书法字帖,樊登读书,77.48,43.8,998,32,3.6,2023-07-10,在售
24,子初 儿童安全座椅 限定版(粉色),母婴用品,儿童安全座椅,子初,804.56,496.05,891,3,4.0,2024-10-16,在售
25,京东图书 拼图 青春版,图书文娱,拼图,京东图书,33.29,19.04,956,89,4.0,2019-05-25,在售
26,人民文学 乐器 升级版(粉色),图书文娱,乐器,人民文学,188.3,102.44,4925,23,4.3,2024-12-16,在售
27,联想 平板电脑 旗舰版,电子产品,平板电脑,联想,6101.31,4066.46,2123,1,4.3,2019-03-02,在售
28,机械工业 乐器 经典款,图书文娱,乐器,机械工业,1615.79,940.38,1242,3,4.0,2025-05-02,在售
29,启赋 婴儿奶粉 限定版,母婴用品,婴儿奶粉,启赋,530.25,361.23,2978,1,5.0,2020-12-01,缺货
30,匡威 泳衣 新款,服装鞋帽,泳衣,匡威,114.24,51.77,3117,20,3.8,2020-03-09,在售
31,飞鹤 婴儿推车 升级版(白色),母婴用品,婴儿推车,飞鹤,711.04,496.43,4898,10,4.0,2020-03-01,在售
32,特步 太阳镜 升级版(红色),服装鞋帽,太阳镜,特步,35.68,13.97,2403,82,3.9,2022-05-24,在售
33,联想 平板电脑 新款(银色),电子产品,平板电脑,联想,2798.42,842.46,3172,0,4.4,2020-05-13,下架
34,子初 童装 Pro(白色),母婴用品,童装,子初,30.23,21.96,1659,116,3.3,2022-04-22,在售
35,樊登读书 拼图 标准版,图书文娱,拼图,樊登读书,180.3,108.58,3325,22,4.3,2023-07-11,在售
36,帮宝适 婴儿奶粉 旗舰版,母婴用品,婴儿奶粉,帮宝适,262.97,82.04,1468,25,5.0,2019-04-02,在售
37,华为 智能家居设备 经典款(灰色),电子产品,智能家居设备,华为,939.29,638.15,4196,8,1.9,2023-10-13,在售
38,恰恰 保健品 经典款,食品饮料,保健品,恰恰,179.97,108.89,4258,19,5.0,2022-04-20,在售
39,双立人 晾衣架 Plus,家居生活,晾衣架,双立人,79.89,53.91,1027,53,4.3,2025-02-19,在售
40,启赋 婴儿推车 新款,母婴用品,婴儿推车,启赋,329.07,111.69,1539,5,5.0,2023-01-06,在售
41,倩碧 口红 新款(粉色),美妆个护,口红,倩碧,229.48,97.5,4394,13,4.7,2022-04-11,在售
42,好奇 早教机 标准版,母婴用品,早教机,好奇,234.41,153.32,462,26,2.0,2019-09-16,在售
43,安踏 高跟鞋 青春版,服装鞋帽,高跟鞋,安踏,340.08,144.86,120,5,4.5,2023-01-18,在售
44,五粮液 饮料 青春版,食品饮料,饮料,五粮液,5.72,1.68,2744,493,4.3,2022-01-17,在售
45,星巴克 巧克力 旗舰版,食品饮料,巧克力,星巴克,165.68,82.6,2694,18,2.0,2020-08-13,在售
46,苏泊尔 保温杯,家居生活,保温杯,苏泊尔,88.32,32.67,2907,26,3.3,2020-07-22,在售
47,新东方 书法字帖 旗舰版,图书文娱,书法字帖,新东方,16.04,10.0,4333,210,3.6,2022-02-27,在售
48,子初 辅食机 Plus,母婴用品,辅食机,子初,282.27,97.44,309,18,3.7,2019-05-01,在售
49,奥克斯 抱枕 旗舰版,家居生活,抱枕,奥克斯,21.94,12.7,2026,123,3.5,2025-05-26,在售
50,子初 积木玩具,母婴用品,积木玩具,子初,345.9,115.95,334,19,3.0,2022-02-22,下架
51,雅诗兰黛 面膜 经典款,美妆个护,面膜,雅诗兰黛,150.58,52.83,844,35,3.0,2020-01-10,在售
52,babycare 儿童帐篷 青春版(粉色),母婴用品,儿童帐篷,babycare,520.32,286.29,3267,4,4.0,2023-05-14,下架
53,SK-II 身体乳 (黑色),美妆个护,身体乳,SK-II,69.15,24.11,1151,77,3.2,2022-12-30,在售
54,茅台 果冻 Plus,食品饮料,果冻,茅台,7.68,2.15,439,328,3.9,2024-03-11,下架
55,费列罗 果冻 旗舰版,食品饮料,果冻,费列罗,4.89,2.06,1304,545,3.8,2022-05-29,在售
56,五粮液 大米 旗舰版,食品饮料,大米,五粮液,159.64,59.0,4595,20,3.8,2022-06-18,在售
57,迪奥 洗发水 限定版,美妆个护,洗发水,迪奥,183.23,75.52,2210,20,4.0,2021-10-02,在售
58,BOSE 智能手表 Pro,电子产品,智能手表,BOSE,3286.78,2095.99,1352,0,3.5,2024-05-15,在售
59,戴森 抱枕 标准版(红色),家居生活,抱枕,戴森,140.53,37.8,4490,21,4.0,2024-02-06,在售
60,安踏 女装连衣裙 标准版,服装鞋帽,女装连衣裙,安踏,298.8,179.9,2604,9,4.3,2020-12-09,在售
61,vivo 智能手表 新款(黑色),电子产品,智能手表,vivo,1946.73,706.77,3861,2,5.0,2022-03-12,在售
62,网易严选 灯具 (白色),家居生活,灯具,网易严选,90.37,65.63,1313,66,4.7,2024-09-30,在售
63,波司登 汉服 标准版,服装鞋帽,汉服,波司登,536.72,143.73,2176,5,4.2,2021-01-21,下架
64,宜家 空气净化器 新款,家居生活,空气净化器,宜家,541.92,284.72,1272,8,5.0,2024-01-01,在售
65,华为 投影仪 青春版,电子产品,投影仪,华为,4027.56,1546.58,1923,4,3.9,2021-05-30,在售
66,可优比 游泳圈 新款(灰色),母婴用品,游泳圈,可优比,24.26,14.65,3526,110,3.9,2022-11-01,在售
67,农夫山泉 牛奶,食品饮料,牛奶,农夫山泉,57.52,35.82,1355,63,3.5,2019-12-14,在售
68,OPPO 打印机,电子产品,打印机,OPPO,1149.77,306.5,462,3,5.0,2022-01-29,在售
69,海澜之家 袜子 Plus(白色),服装鞋帽,袜子,海澜之家,37.64,19.98,306,100,4.0,2022-10-01,在售
70,三只松鼠 保健品 旗舰版,食品饮料,保健品,三只松鼠,439.26,319.3,930,13,3.5,2021-08-23,在售
71,可优比 奶瓶 升级版,母婴用品,奶瓶,可优比,22.86,15.18,412,145,3.9,2019-07-19,在售
72,老板电器 收纳箱 标准版(金色),家居生活,收纳箱,老板电器,43.9,23.87,4208,61,3.3,2024-06-16,在售
73,完美日记 指甲油 旗舰版,美妆个护,指甲油,完美日记,113.27,49.9,2960,26,4.3,2023-10-04,下架
74,新东方 钢笔 新款,图书文娱,钢笔,新东方,1064.84,733.18,13,7,3.3,2022-01-11,在售
75,百雀羚 护手霜 升级版,美妆个护,护手霜,百雀羚,47.57,17.87,421,65,3.8,2019-10-15,在售
76,百草味 调味料 标准版,食品饮料,调味料,百草味,12.79,3.79,4520,226,3.6,2021-11-13,在售
77,三星 显示器 Plus,电子产品,显示器,三星,918.39,547.55,2064,9,3.0,2022-07-21,在售
78,人民文学 经管书籍,图书文娱,经管书籍,人民文学,27.22,10.91,3575,134,4.1,2020-05-17,在售
79,无印良品 垃圾桶 经典款,家居生活,垃圾桶,无印良品,13.19,8.92,4741,242,4.2,2024-03-24,在售
80,兰蔻 化妆刷,美妆个护,化妆刷,兰蔻,18.51,9.81,1963,177,4.2,2021-03-05,下架
81,资生堂 面膜,美妆个护,面膜,资生堂,165.48,59.68,3062,24,3.7,2022-09-09,缺货
82,小米 智能家居设备 经典款(红色),电子产品,智能家居设备,小米,646.06,302.63,872,8,5.0,2022-02-28,在售
83,特步 羽绒服 限定版(粉色),服装鞋帽,羽绒服,特步,241.88,168.49,119,31,4.5,2019-07-14,在售
84,雪花秀 口红 Pro(蓝色),美妆个护,口红,雪花秀,65.71,44.5,1288,49,3.7,2021-04-18,在售
85,星巴克 调味料 Pro,食品饮料,调味料,星巴克,33.98,14.37,219,81,3.4,2022-05-27,在售
86,耐克 西装 限定版(白色),服装鞋帽,西装,耐克,2386.5,1458.31,820,3,1.6,2023-07-20,在售
87,九阳 餐桌 新款(金色),家居生活,餐桌,九阳,1105.97,682.75,635,0,3.4,2021-06-17,在售
88,资生堂 护手霜 青春版,美妆个护,护手霜,资生堂,34.47,17.27,1,88,3.5,2020-04-05,在售
89,海尔 空气净化器 青春版,家居生活,空气净化器,海尔,1256.66,816.02,3285,2,4.0,2024-12-13,在售
90,波司登 卫衣 新款,服装鞋帽,卫衣,波司登,92.24,62.12,4499,38,2.4,2022-04-11,在售
91,美赞臣 儿童帐篷 限定版(灰色),母婴用品,儿童帐篷,美赞臣,839.05,289.87,887,4,3.9,2023-08-03,在售
92,完美日记 眼影盘 旗舰版,美妆个护,眼影盘,完美日记,350.25,159.77,873,9,3.4,2020-12-02,在售
93,太平鸟 太阳镜 经典款,服装鞋帽,太阳镜,太平鸟,94.28,59.59,3843,51,3.6,2021-02-25,在售
94,美的 抱枕 青春版,家居生活,抱枕,美的,35.75,18.84,177,100,3.4,2022-12-24,在售
95,好奇 童装 新款(蓝色),母婴用品,童装,好奇,214.56,157.27,3184,16,4.2,2024-11-11,在售
96,京东图书 围棋 Pro,图书文娱,围棋,京东图书,48.69,17.74,4019,49,4.0,2020-09-21,在售
97,百雀羚 面膜 (灰色),美妆个护,面膜,百雀羚,152.07,112.82,2702,19,3.0,2022-10-19,缺货
98,樊登读书 围棋 青春版,图书文娱,围棋,樊登读书,68.71,21.42,4399,42,2.7,2024-03-30,在售
99,迪奥 面膜 经典款,美妆个护,面膜,迪奥,234.36,147.3,1955,15,5.0,2021-09-17,在售
100,新东方 科幻小说 青春版(红色),图书文娱,科幻小说,新东方,28.76,7.43,346,122,3.5,2024-06-23,在售
101,雪花秀 粉底液 经典款,美妆个护,粉底液,雪花秀,66.97,22.77,4410,40,3.8,2019-08-08,在售
102,好孩子 儿童水杯 限定版(红色),母婴用品,儿童水杯,好孩子,55.04,40.74,4517,44,3.6,2021-01-14,在售
103,雅诗兰黛 美容仪 Plus(红色),美妆个护,美容仪,雅诗兰黛,319.48,144.21,979,10,3.0,2019-03-09,在售
104,三只松鼠 牛奶 经典款,食品饮料,牛奶,三只松鼠,11.39,4.78,214,235,3.7,2023-07-29,在售
105,欧莱雅 护手霜 Plus(粉色),美妆个护,护手霜,欧莱雅,44.7,13.07,282,72,4.1,2020-02-04,在售
106,海尔 洗碗机 青春版,家居生活,洗碗机,海尔,2762.86,1704.83,1233,0,5.0,2022-01-18,在售
107,匡威 泳衣 (白色),服装鞋帽,泳衣,匡威,55.56,35.96,409,89,3.8,2022-03-17,在售
108,好奇 纸尿裤 标准版,母婴用品,纸尿裤,好奇,50.57,33.15,2654,67,4.6,2019-05-12,在售
109,可优比 婴儿床 经典款(黑色),母婴用品,婴儿床,可优比,2865.91,1371.31,2071,0,3.0,2019-04-06,在售
110,农夫山泉 保健品 新款,食品饮料,保健品,农夫山泉,69.99,34.44,2799,56,3.0,2023-10-03,在售
111,罗技 移动硬盘 新款,电子产品,移动硬盘,罗技,224.6,161.38,3453,20,4.5,2021-06-17,在售
112,飞鹤 早教机,母婴用品,早教机,飞鹤,582.01,191.33,1360,11,4.0,2023-09-21,在售
113,雷蛇 游戏主机 升级版,电子产品,游戏主机,雷蛇,2049.6,671.9,350,0,4.1,2020-09-20,在售
114,华硕 笔记本电脑 青春版,电子产品,笔记本电脑,华硕,12135.65,4300.5,641,0,5.0,2019-04-19,下架
115,自然堂 美容仪 经典款,美妆个护,美容仪,自然堂,2711.0,827.58,4633,0,5.0,2020-01-08,在售
116,海尔 收纳箱 升级版,家居生活,收纳箱,海尔,13.6,9.94,3584,224,3.8,2020-10-03,在售
117,华硕 VR设备 限定版,电子产品,VR设备,华硕,3632.47,2598.75,2689,1,1.0,2022-05-05,在售
118,星巴克 茶叶 标准版(金色),食品饮料,茶叶,星巴克,385.22,188.72,459,8,3.9,2023-03-30,在售
119,当当 考研资料 Plus,图书文娱,考研资料,当当,144.99,67.87,413,18,2.7,2019-02-14,在售
120,UR 羽绒服 升级版,服装鞋帽,羽绒服,UR,2254.0,718.95,3617,0,2.7,2023-10-04,在售
121,子初 婴儿沐浴露 Pro,母婴用品,婴儿沐浴露,子初,123.51,58.13,2876,27,3.8,2022-07-04,在售
122,得到 文具,图书文娱,文具,得到,2.57,1.62,4442,907,3.6,2023-07-25,在售
123,双立人 抱枕 升级版,家居生活,抱枕,双立人,15.19,7.02,4001,224,3.7,2022-10-14,缺货
124,好孩子 儿童帐篷 青春版,母婴用品,儿童帐篷,好孩子,164.92,94.77,1222,14,3.7,2019-10-08,在售
125,英氏 纸尿裤 限定版(蓝色),母婴用品,纸尿裤,英氏,42.34,19.62,58,57,4.0,2020-01-11,缺货
126,子初 婴儿背带 升级版,母婴用品,婴儿背带,子初,42.95,15.27,3329,58,3.7,2023-06-24,在售
127,华为 智能手表 Pro,电子产品,智能手表,华为,273.42,75.19,4701,25,3.5,2024-07-14,在售
128,安踏 泳衣 (白色),服装鞋帽,泳衣,安踏,99.6,70.2,4482,47,2.5,2020-07-23,下架
129,人民文学 书法字帖 新款,图书文娱,书法字帖,人民文学,47.44,12.35,2430,44,3.5,2023-08-21,缺货
130,宜家 吸尘器,家居生活,吸尘器,宜家,1373.01,901.63,348,7,4.5,2025-03-20,下架
131,vivo 打印机 升级版(黑色),电子产品,打印机,vivo,300.12,205.62,2386,14,4.0,2023-02-05,在售
132,樊登读书 编程书籍 经典款,图书文娱,编程书籍,樊登读书,132.59,94.56,476,20,2.5,2019-08-26,在售
133,华硕 智能家居设备 经典款(蓝色),电子产品,智能家居设备,华硕,1001.28,605.02,3746,6,4.0,2019-08-06,在售
134,当当 围棋 限定版(银色),图书文娱,围棋,当当,29.69,13.5,3301,101,3.8,2024-10-12,在售
135,雪花秀 身体乳 经典款,美妆个护,身体乳,雪花秀,30.28,8.3,228,110,3.9,2025-02-12,缺货
136,苏泊尔 电饭煲 旗舰版,家居生活,电饭煲,苏泊尔,413.43,169.9,4689,5,4.4,2022-03-13,在售
137,babycare 婴儿背带 Pro,母婴用品,婴儿背带,babycare,118.53,51.84,1511,44,3.7,2019-09-05,在售
138,膳魔师 吸尘器 Plus,家居生活,吸尘器,膳魔师,3007.01,1870.46,399,1,3.4,2022-09-22,在售
139,美的 抱枕 升级版(黑色),家居生活,抱枕,美的,145.36,98.18,4825,40,4.2,2022-03-14,在售
140,来伊份 红酒 新款,食品饮料,红酒,来伊份,245.99,179.84,4645,12,3.0,2022-02-27,在售
141,华硕 VR设备 标准版,电子产品,VR设备,华硕,939.37,569.2,2178,2,4.5,2022-02-16,缺货
142,SK-II 护手霜 标准版(金色),美妆个护,护手霜,SK-II,74.53,28.73,4115,40,4.0,2022-12-14,在售
143,全棉时代 积木玩具 升级版,母婴用品,积木玩具,全棉时代,166.56,80.64,82,23,4.0,2019-12-14,在售
144,完美日记 身体乳 经典款(蓝色),美妆个护,身体乳,完美日记,123.55,52.06,112,24,4.0,2019-04-17,在售
145,茅台 调味料 标准版(黑色),食品饮料,调味料,茅台,20.0,9.08,4301,143,4.1,2024-05-14,在售
146,特步 汉服 旗舰版(灰色),服装鞋帽,汉服,特步,413.99,159.81,230,11,1.5,2022-11-19,在售
147,良品铺子 方便面 升级版(黑色),食品饮料,方便面,良品铺子,10.46,3.15,4601,289,3.4,2021-06-25,缺货
148,OPPO 相机 Plus,电子产品,相机,OPPO,1469.02,772.6,494,4,3.0,2024-06-21,缺货
149,SK-II 洗面奶 青春版,美妆个护,洗面奶,SK-II,23.06,8.87,4147,139,3.7,2022-12-04,在售
150,联想 显示器 标准版,电子产品,显示器,联想,602.46,213.2,317,16,5.0,2020-02-14,在售
151,海澜之家 皮带 Pro,服装鞋帽,皮带,海澜之家,240.31,86.25,1336,13,3.5,2024-04-07,在售
152,九阳 加湿器 标准版(金色),家居生活,加湿器,九阳,112.97,44.8,2618,34,3.8,2020-01-07,在售
153,李宁 男装T恤 Plus,服装鞋帽,男装T恤,李宁,33.87,24.74,1403,100,3.9,2020-12-14,在售
154,UR 皮带 标准版,服装鞋帽,皮带,UR,79.68,35.02,3569,51,3.0,2023-03-13,在售
155,启赋 纸尿裤 新款(黑色),母婴用品,纸尿裤,启赋,45.69,28.23,537,70,4.0,2019-08-22,下架
156,海尔 微波炉 新款(银色),家居生活,微波炉,海尔,1393.36,614.01,4962,3,5.0,2020-03-20,在售
157,百草味 咖啡 Plus(粉色),食品饮料,咖啡,百草味,42.82,11.05,1418,90,3.4,2022-06-09,下架
158,奥克斯 收纳箱 标准版,家居生活,收纳箱,奥克斯,25.18,15.98,493,95,4.2,2019-02-02,下架
159,机械工业 漫画 青春版,图书文娱,漫画,机械工业,5.84,2.18,2489,421,3.8,2020-09-26,在售
160,戴尔 充电宝 新款,电子产品,充电宝,戴尔,60.47,30.6,3201,62,3.2,2023-01-02,在售
161,小米 投影仪,电子产品,投影仪,小米,4615.35,1570.39,1258,1,4.9,2023-10-30,在售
162,蒙牛 坚果零食 旗舰版,食品饮料,坚果零食,蒙牛,19.54,5.04,3523,144,4.0,2020-04-14,在售
163,蒙牛 牛奶 旗舰版,食品饮料,牛奶,蒙牛,27.16,18.32,3120,85,4.1,2021-02-27,在售
164,费列罗 糖果 标准版,食品饮料,糖果,费列罗,91.06,59.8,404,36,2.0,2022-10-05,在售
165,知乎 小说 Plus,图书文娱,小说,知乎,19.84,14.66,1522,173,3.7,2019-05-01,在售
166,良品铺子 巧克力 (红色),食品饮料,巧克力,良品铺子,35.43,23.4,3129,100,3.3,2025-02-13,在售
167,三只松鼠 果冻 限定版,食品饮料,果冻,三只松鼠,6.16,4.36,1139,452,3.8,2024-02-29,在售
168,海尔 微波炉 标准版(红色),家居生活,微波炉,海尔,436.37,292.31,4446,16,4.0,2020-11-16,下架
169,帮宝适 温奶器 旗舰版(粉色),母婴用品,温奶器,帮宝适,56.91,14.23,670,66,4.6,2023-05-21,在售
170,欧莱雅 香水 青春版(金色),美妆个护,香水,欧莱雅,248.44,88.36,1661,16,3.0,2024-09-01,在售
171,资生堂 防晒霜 限定版,美妆个护,防晒霜,资生堂,94.23,45.14,4544,49,4.0,2019-07-11,在售
172,vivo 显示器 升级版,电子产品,显示器,vivo,606.24,351.57,1622,7,4.5,2021-09-16,在售
173,H&M 西装 Pro,服装鞋帽,西装,H&M,1200.82,777.45,4943,3,4.4,2024-01-30,在售
174,ZARA 牛仔裤 限定版,服装鞋帽,牛仔裤,ZARA,192.86,99.21,4298,29,3.7,2022-12-06,在售
175,兰蔻 定妆喷雾 青春版(粉色),美妆个护,定妆喷雾,兰蔻,73.63,29.96,4131,41,3.5,2019-05-17,在售
176,玉兰油 口红 新款(灰色),美妆个护,口红,玉兰油,29.06,18.33,3919,146,4.1,2023-11-17,在售
177,倩碧 香水 升级版,美妆个护,香水,倩碧,52.95,18.24,3416,76,3.6,2020-07-03,在售
178,特步 运动外套 Pro,服装鞋帽,运动外套,特步,281.53,206.04,4668,19,4.0,2023-11-09,在售
179,索尼 键盘 标准版(白色),电子产品,键盘,索尼,946.26,409.53,238,4,4.3,2019-03-24,在售
180,花西子 美容仪 青春版,美妆个护,美容仪,花西子,845.35,486.76,245,7,4.4,2023-09-01,在售
181,安踏 女装连衣裙 新款(灰色),服装鞋帽,女装连衣裙,安踏,200.09,97.9,118,30,3.8,2025-06-21,在售
182,伊利 坚果零食 Plus(灰色),食品饮料,坚果零食,伊利,39.57,15.95,3813,76,3.9,2025-04-29,在售
183,贝亲 儿童牙刷 升级版,母婴用品,儿童牙刷,贝亲,5.04,3.09,231,535,3.6,2024-10-26,在售
184,京东图书 心理学 升级版(白色),图书文娱,心理学,京东图书,32.83,13.8,39,76,3.5,2020-04-24,在售
185,雀巢 咖啡 Pro,食品饮料,咖啡,雀巢,147.61,61.59,289,42,4.0,2025-01-14,在售
186,新东方 小说 升级版,图书文娱,小说,新东方,20.26,13.66,3671,139,3.5,2020-08-08,在售
187,UR 泳衣 新款,服装鞋帽,泳衣,UR,90.28,30.36,415,46,4.4,2021-04-16,在售
188,九阳 空气净化器 升级版,家居生活,空气净化器,九阳,4166.21,2924.13,3802,0,2.5,2024-06-12,下架
189,阿迪达斯 泳衣,服装鞋帽,泳衣,阿迪达斯,213.84,70.31,379,15,3.5,2025-05-20,在售
190,美的 晾衣架 限定版(粉色),家居生活,晾衣架,美的,43.31,20.82,4340,70,3.7,2024-05-03,在售
191,百雀羚 粉底液 经典款,美妆个护,粉底液,百雀羚,116.77,85.19,169,41,4.2,2019-02-13,在售
192,波司登 西装 限定版,服装鞋帽,西装,波司登,861.81,509.11,1895,1,5.0,2020-05-18,在售
193,费列罗 果冻 经典款,食品饮料,果冻,费列罗,9.08,2.69,2941,285,3.8,2022-06-13,在售
194,中信出版 科幻小说 升级版,图书文娱,科幻小说,中信出版,36.35,21.33,482,81,3.4,2021-05-12,在售
195,格力 收纳箱 青春版,家居生活,收纳箱,格力,17.97,9.92,4515,172,3.6,2019-04-05,在售
196,当当 漫画 经典款,图书文娱,漫画,当当,5.5,2.91,226,445,3.6,2021-11-24,在售
197,恰恰 肉干 新款,食品饮料,肉干,恰恰,31.12,21.0,21,94,3.9,2024-04-29,在售
198,雀巢 薯片 旗舰版,食品饮料,薯片,雀巢,11.01,7.37,292,262,3.5,2024-03-26,下架
199,H&M 太阳镜 Pro,服装鞋帽,太阳镜,H&M,172.06,70.71,139,35,3.2,2023-09-13,在售
200,花王 儿童水杯 标准版,母婴用品,儿童水杯,花王,82.79,52.02,1457,35,3.8,2021-10-27,在售
201,老板电器 微波炉 青春版(红色),家居生活,微波炉,老板电器,558.6,319.82,3992,18,2.7,2021-02-19,在售
202,玉兰油 化妆刷 Plus(灰色),美妆个护,化妆刷,玉兰油,90.91,54.25,3035,38,4.4,2023-11-14,在售
203,苏泊尔 垃圾桶 新款(粉色),家居生活,垃圾桶,苏泊尔,90.49,42.59,830,33,4.0,2024-03-17,下架
204,特步 皮带 升级版,服装鞋帽,皮带,特步,41.5,27.19,212,87,4.5,2023-10-24,下架
205,三星 鼠标 Plus,电子产品,鼠标,三星,75.16,52.12,3180,46,3.5,2023-03-03,在售
206,佳能 平板电脑 经典款(黑色),电子产品,平板电脑,佳能,7080.03,2496.85,503,0,2.7,2023-04-26,在售
207,张裕 红酒 Plus(蓝色),食品饮料,红酒,张裕,991.37,509.41,2513,10,5.0,2019-08-07,下架
208,知乎 乐器 (白色),图书文娱,乐器,知乎,4656.94,1966.76,4420,0,5.0,2023-03-10,在售
209,良品铺子 蛋白粉 升级版(银色),食品饮料,蛋白粉,良品铺子,133.35,60.3,102,36,2.8,2020-11-11,在售
210,SK-II 染发剂 (黑色),美妆个护,染发剂,SK-II,209.39,153.63,4804,13,3.2,2025-05-22,下架
211,恰恰 进口饼干 旗舰版,食品饮料,进口饼干,恰恰,11.85,8.32,1846,242,4.0,2020-01-20,下架
212,欧莱雅 染发剂 Plus(银色),美妆个护,染发剂,欧莱雅,27.78,10.0,2420,113,3.2,2025-05-16,在售
213,特步 西装,服装鞋帽,西装,特步,376.4,249.48,4396,14,3.0,2021-02-26,在售
214,三星 投影仪 旗舰版(白色),电子产品,投影仪,三星,3060.43,1795.66,3752,3,4.0,2019-07-28,在售
215,戴森 厨房刀具 青春版(银色),家居生活,厨房刀具,戴森,384.29,216.82,3423,16,5.0,2019-04-05,在售
216,五粮液 蜂蜜 旗舰版,食品饮料,蜂蜜,五粮液,190.34,49.0,428,19,4.0,2021-05-15,下架
217,李宁 高跟鞋 限定版,服装鞋帽,高跟鞋,李宁,732.68,296.96,4574,1,5.0,2019-04-26,在售
218,babycare 婴儿奶粉 旗舰版,母婴用品,婴儿奶粉,babycare,350.11,256.02,3225,17,4.0,2022-09-19,在售
219,五粮液 大米 新款(银色),食品饮料,大米,五粮液,21.53,13.24,2095,154,3.8,2022-11-09,在售
220,香奈儿 面膜 Pro,美妆个护,面膜,香奈儿,186.38,69.16,1848,23,3.5,2021-07-06,在售
221,恰恰 蛋白粉 升级版(白色),食品饮料,蛋白粉,恰恰,746.64,205.1,1092,9,4.2,2023-11-09,在售
222,英氏 爬行垫,母婴用品,爬行垫,英氏,64.58,26.58,1197,63,3.6,2021-06-18,下架
223,华为 显示器 Plus,电子产品,显示器,华为,543.43,239.09,2600,8,5.0,2020-09-02,缺货
224,SK-II 沐浴露 Pro(银色),美妆个护,沐浴露,SK-II,110.43,33.33,106,29,3.2,2023-10-27,在售
225,索尼 音箱 旗舰版(红色),电子产品,音箱,索尼,366.1,128.48,2827,9,4.0,2025-05-08,缺货
226,帮宝适 爬行垫 Pro(灰色),母婴用品,爬行垫,帮宝适,430.85,155.55,2318,12,4.0,2023-01-05,在售
227,蒙牛 调味料 标准版,食品饮料,调味料,蒙牛,35.14,22.98,212,66,3.2,2022-06-14,下架
228,飞鹤 儿童水杯 青春版,母婴用品,儿童水杯,飞鹤,44.43,31.46,41,82,3.4,2020-06-30,下架
229,玉兰油 染发剂,美妆个护,染发剂,玉兰油,31.16,15.91,4816,108,3.3,2019-10-29,在售
230,完美日记 香水 旗舰版,美妆个护,香水,完美日记,1007.82,272.09,2038,1,4.5,2021-12-30,在售
231,苹果 打印机 Plus,电子产品,打印机,苹果,2357.13,1570.36,417,2,4.2,2022-01-04,在售
232,资生堂 眉笔 限定版(红色),美妆个护,眉笔,资生堂,124.9,41.11,1179,19,5.0,2021-04-17,在售
233,玉兰油 香水 标准版,美妆个护,香水,玉兰油,49.1,28.19,4904,48,4.0,2021-07-01,在售
234,苏泊尔 地毯 Pro,家居生活,地毯,苏泊尔,273.2,99.39,373,12,3.8,2023-01-28,下架
235,格力 微波炉 新款,家居生活,微波炉,格力,1238.23,769.89,1086,10,3.5,2025-04-02,在售
236,来伊份 进口饼干 Pro,食品饮料,进口饼干,来伊份,16.07,5.53,3490,181,4.5,2021-06-21,在售
237,农夫山泉 蜂蜜 青春版,食品饮料,蜂蜜,农夫山泉,25.98,11.47,3503,121,4.0,2021-05-17,缺货
238,玉兰油 精华液 限定版,美妆个护,精华液,玉兰油,434.26,109.52,2538,7,2.0,2020-11-08,在售
239,小米 VR设备 标准版(白色),电子产品,VR设备,小米,998.54,271.05,147,4,4.1,2024-09-14,在售
240,电子工业 文具 限定版(红色),图书文娱,文具,电子工业,23.96,16.87,1868,123,4.1,2024-07-09,在售
241,格力 沙发 升级版(红色),家居生活,沙发,格力,8361.47,2622.83,2526,0,4.1,2021-11-12,在售
242,OPPO VR设备,电子产品,VR设备,OPPO,3179.49,1075.31,2213,1,4.2,2019-08-08,在售
243,鸿星尔克 牛仔裤 青春版(金色),服装鞋帽,牛仔裤,鸿星尔克,69.06,39.29,2070,47,3.5,2024-09-06,在售
244,特步 皮带 升级版,服装鞋帽,皮带,特步,125.17,57.42,907,22,4.7,2025-02-14,在售
245,京东图书 健身器材 青春版,图书文娱,健身器材,京东图书,25.73,8.26,3333,148,3.9,2023-01-15,在售
246,H&M 西装 新款(灰色),服装鞋帽,西装,H&M,1854.41,1369.71,4614,2,3.5,2020-11-29,在售
247,电子工业 书法字帖 青春版,图书文娱,书法字帖,电子工业,43.64,14.24,2317,73,4.2,2019-07-27,在售
248,佳能 投影仪 限定版,电子产品,投影仪,佳能,5782.23,2340.98,4111,1,2.9,2022-06-19,在售
249,星巴克 茶叶 Pro,食品饮料,茶叶,星巴克,29.88,15.34,3821,128,4.7,2020-10-14,在售
250,老板电器 加湿器 旗舰版,家居生活,加湿器,老板电器,467.64,232.38,462,5,5.0,2025-03-22,在售
251,格力 保温杯 Plus,家居生活,保温杯,格力,24.73,17.2,220,128,3.7,2020-12-27,在售
252,苏泊尔 电风扇 升级版(白色),家居生活,电风扇,苏泊尔,868.99,228.52,3352,7,4.0,2021-03-28,在售
253,爱仕达 微波炉 经典款(白色),家居生活,微波炉,爱仕达,282.6,99.15,2610,13,3.5,2025-02-22,在售
254,飞鹤 积木玩具 旗舰版(黑色),母婴用品,积木玩具,飞鹤,240.68,132.23,4913,8,5.0,2025-01-25,在售
255,知乎 漫画 (灰色),图书文娱,漫画,知乎,7.96,4.99,3732,332,3.9,2022-11-01,在售
256,华硕 音箱 Pro(银色),电子产品,音箱,华硕,709.02,432.2,574,9,5.0,2020-12-01,在售
257,玉兰油 沐浴露 Pro,美妆个护,沐浴露,玉兰油,98.43,25.72,2586,26,3.7,2025-02-03,在售
258,好孩子 婴儿床 经典款,母婴用品,婴儿床,好孩子,1159.52,392.17,79,0,2.6,2021-01-17,在售
259,华硕 智能手表 Pro,电子产品,智能手表,华硕,542.59,170.37,1298,11,4.0,2019-07-02,在售
260,自然堂 洗发水 经典款,美妆个护,洗发水,自然堂,291.05,211.52,3296,24,2.0,2020-01-23,在售
261,飞鹤 奶瓶 旗舰版,母婴用品,奶瓶,飞鹤,155.73,90.39,57,34,5.0,2020-05-13,在售
262,苏泊尔 保温杯 经典款(灰色),家居生活,保温杯,苏泊尔,355.62,251.39,4858,8,4.5,2022-03-24,在售
263,百雀羚 粉底液 青春版(蓝色),美妆个护,粉底液,百雀羚,127.61,75.9,2287,24,3.0,2023-07-13,在售
264,资生堂 粉底液,美妆个护,粉底液,资生堂,43.95,19.49,307,51,3.5,2023-06-11,在售
265,玉兰油 洗面奶 经典款(蓝色),美妆个护,洗面奶,玉兰油,65.98,23.33,2446,72,3.7,2020-06-08,下架
266,良品铺子 咖啡 青春版,食品饮料,咖啡,良品铺子,22.4,13.7,4076,154,4.2,2024-02-04,在售
267,匡威 高跟鞋,服装鞋帽,高跟鞋,匡威,805.92,283.51,3340,8,4.0,2020-04-24,在售
268,知乎 钢笔 Pro,图书文娱,钢笔,知乎,98.15,37.32,3280,16,3.8,2023-05-10,在售
269,九阳 洗碗机 旗舰版,家居生活,洗碗机,九阳,4324.73,2880.64,2478,1,4.7,2023-10-04,在售
270,惠氏 儿童水杯 旗舰版(红色),母婴用品,儿童水杯,惠氏,174.82,91.02,2093,15,5.0,2022-01-07,在售
271,雷蛇 平板电脑 Plus(灰色),电子产品,平板电脑,雷蛇,2380.4,1467.75,2031,2,3.6,2024-01-26,在售
272,茅台 薯片 (灰色),食品饮料,薯片,茅台,3.87,1.33,1738,682,3.9,2022-12-23,在售
273,百草味 调味料 Plus,食品饮料,调味料,百草味,5.42,3.79,4152,494,3.9,2025-06-19,缺货
274,帮宝适 婴儿奶粉 旗舰版(蓝色),母婴用品,婴儿奶粉,帮宝适,178.86,84.86,4663,19,3.7,2019-11-16,在售
275,海澜之家 皮带,服装鞋帽,皮带,海澜之家,247.71,167.33,2179,13,4.0,2022-03-31,在售
276,老板电器 洗碗机 Plus,家居生活,洗碗机,老板电器,1157.65,478.74,857,4,4.0,2020-04-21,下架
277,张裕 薯片 限定版,食品饮料,薯片,张裕,3.58,1.57,4980,732,4.1,2023-12-05,在售
278,佳能 笔记本电脑 经典款(白色),电子产品,笔记本电脑,佳能,5990.53,2336.26,2895,0,4.2,2021-02-22,下架
279,格力 抱枕 旗舰版,家居生活,抱枕,格力,25.08,6.81,2,134,3.9,2019-05-28,在售
280,无印良品 餐桌 经典款,家居生活,餐桌,无印良品,3013.69,2139.92,1568,0,3.4,2021-04-19,在售
281,星巴克 薯片 Pro(灰色),食品饮料,薯片,星巴克,11.85,3.46,4712,236,4.3,2019-10-12,在售
282,樊登读书 小说 新款,图书文娱,小说,樊登读书,92.77,62.05,357,44,4.2,2021-08-05,在售
283,子初 童装 新款,母婴用品,童装,子初,171.49,47.45,255,21,4.0,2021-07-26,在售
284,农夫山泉 坚果零食 新款(金色),食品饮料,坚果零食,农夫山泉,165.46,76.73,4937,22,5.0,2022-05-25,在售
285,阿迪达斯 汉服 新款(粉色),服装鞋帽,汉服,阿迪达斯,534.29,367.21,232,11,4.0,2020-07-02,在售
286,星巴克 调味料 旗舰版,食品饮料,调味料,星巴克,49.92,37.16,4192,81,3.5,2019-05-07,在售
287,匡威 皮带 限定版,服装鞋帽,皮带,匡威,39.56,23.91,81,67,4.1,2020-07-17,在售
288,欧莱雅 化妆刷 升级版,美妆个护,化妆刷,欧莱雅,19.18,4.83,523,111,3.9,2023-05-18,在售
289,恰恰 方便面 旗舰版(蓝色),食品饮料,方便面,恰恰,31.73,10.14,4181,91,3.4,2020-07-20,在售
290,雪花秀 防晒霜 新款,美妆个护,防晒霜,雪花秀,176.18,56.49,4795,17,4.0,2024-08-18,在售
291,京东图书 乐器 旗舰版(黑色),图书文娱,乐器,京东图书,8977.48,4078.33,4679,1,3.3,2020-06-03,在售
292,中信出版 文具 Plus(蓝色),图书文娱,文具,中信出版,1.3,0.43,140,1699,3.8,2025-03-08,在售
293,vivo 智能家居设备 限定版(粉色),电子产品,智能家居设备,vivo,614.85,403.84,377,7,2.5,2019-04-11,在售
294,完美日记 化妆刷 Pro,美妆个护,化妆刷,完美日记,19.19,7.84,692,159,3.8,2020-03-31,在售
295,佳能 VR设备 新款(白色),电子产品,VR设备,佳能,805.89,599.01,3066,2,5.0,2021-12-06,在售
296,膳魔师 保温杯 青春版,家居生活,保温杯,膳魔师,20.25,10.17,550,121,4.1,2025-05-16,在售
297,新东方 小说 青春版,图书文娱,小说,新东方,12.24,4.28,2322,231,4.1,2019-11-18,在售
298,格力 加湿器 升级版,家居生活,加湿器,格力,224.85,145.65,4724,32,4.0,2022-11-20,下架
299,爱仕达 雨伞 青春版,家居生活,雨伞,爱仕达,47.56,19.69,13,69,3.7,2020-12-09,在售
300,良品铺子 蛋白粉 青春版,食品饮料,蛋白粉,良品铺子,177.06,105.52,3398,15,3.0,2022-09-06,在售
301,老板电器 床上四件套 青春版,家居生活,床上四件套,老板电器,558.38,317.88,1953,5,3.5,2019-03-18,在售
302,自然堂 指甲油 标准版,美妆个护,指甲油,自然堂,141.57,94.5,2775,21,4.0,2022-01-31,在售
303,知乎 小说 经典款,图书文娱,小说,知乎,21.64,16.23,1660,138,4.2,2021-10-28,在售
304,星巴克 果冻 标准版(银色),食品饮料,果冻,星巴克,6.94,2.1,122,402,3.9,2023-07-17,缺货
305,罗技 智能手表 限定版,电子产品,智能手表,罗技,2852.44,1494.36,410,1,3.2,2023-12-16,在售
306,膳魔师 吸尘器 限定版,家居生活,吸尘器,膳魔师,390.85,290.11,3889,12,3.3,2023-11-09,缺货
307,百雀羚 护手霜 经典款(蓝色),美妆个护,护手霜,百雀羚,18.06,7.67,4206,151,3.6,2021-03-28,在售
308,优衣库 高跟鞋 标准版,服装鞋帽,高跟鞋,优衣库,353.11,219.18,96,19,5.0,2024-03-04,在售
309,英氏 儿童牙刷 旗舰版(银色),母婴用品,儿童牙刷,英氏,49.01,32.48,322,48,4.5,2019-01-10,在售
310,好孩子 婴儿床,母婴用品,婴儿床,好孩子,2078.26,784.63,867,2,4.0,2020-07-31,在售
311,欧莱雅 洗面奶 经典款(黑色),美妆个护,洗面奶,欧莱雅,275.3,82.25,870,16,4.0,2024-08-18,在售
312,太平鸟 牛仔裤 经典款,服装鞋帽,牛仔裤,太平鸟,59.01,16.21,216,44,4.0,2023-07-21,下架
313,新东方 书法字帖 Plus,图书文娱,书法字帖,新东方,26.03,9.16,2079,104,3.6,2023-11-11,在售
314,人民文学 科幻小说 Plus(白色),图书文娱,科幻小说,人民文学,31.13,16.02,1963,103,3.8,2023-08-17,在售
315,良品铺子 坚果零食 标准版(灰色),食品饮料,坚果零食,良品铺子,127.76,76.35,1647,32,3.0,2019-04-26,在售
316,UR 内衣 经典款,服装鞋帽,内衣,UR,67.27,43.97,610,45,3.4,2021-11-29,在售
317,OPPO 游戏主机 限定版,电子产品,游戏主机,OPPO,5723.3,3967.62,1678,0,4.5,2022-10-12,在售
318,苏泊尔 收纳箱 标准版,家居生活,收纳箱,苏泊尔,19.51,4.88,4602,168,4.1,2023-12-24,在售
319,奥克斯 抱枕 升级版(黑色),家居生活,抱枕,奥克斯,14.68,9.33,899,225,3.8,2024-07-14,在售
320,老板电器 收纳箱 经典款,家居生活,收纳箱,老板电器,34.23,24.74,2987,90,3.9,2024-12-05,在售
321,森马 内衣 Pro(红色),服装鞋帽,内衣,森马,55.72,19.87,2633,66,4.1,2019-03-12,在售
322,完美日记 洗发水 Plus,美妆个护,洗发水,完美日记,110.37,35.06,3016,44,4.3,2020-11-08,在售
323,当当 考研资料 Plus(银色),图书文娱,考研资料,当当,122.26,54.29,237,39,3.3,2023-08-11,在售
324,当当 拼图 Pro,图书文娱,拼图,当当,17.94,12.44,3629,140,3.9,2021-05-31,缺货
325,德芙 坚果零食 Plus(银色),食品饮料,坚果零食,德芙,57.0,20.77,794,39,5.0,2020-04-21,下架
326,优衣库 内衣 标准版(银色),服装鞋帽,内衣,优衣库,26.77,6.89,1898,88,4.4,2020-03-13,在售
327,中信出版 乐器 Pro(灰色),图书文娱,乐器,中信出版,4077.22,2813.61,64,0,2.9,2024-02-21,下架
328,膳魔师 微波炉 Plus,家居生活,微波炉,膳魔师,807.72,420.08,106,0,4.7,2019-05-29,下架
329,佳能 音箱 升级版,电子产品,音箱,佳能,1061.87,425.49,4703,8,4.3,2025-03-31,在售
330,倩碧 身体乳 限定版,美妆个护,身体乳,倩碧,83.45,35.17,4022,35,3.0,2019-03-10,下架
331,格力 晾衣架 新款,家居生活,晾衣架,格力,40.16,24.3,3640,94,4.4,2025-01-24,在售
332,雷蛇 显示器 升级版(蓝色),电子产品,显示器,雷蛇,1430.01,985.84,635,2,2.2,2022-12-31,在售
333,当当 漫画 升级版(银色),图书文娱,漫画,当当,6.35,2.1,762,460,3.8,2022-12-25,缺货
334,鸿星尔克 男装T恤 升级版,服装鞋帽,男装T恤,鸿星尔克,31.33,19.66,4634,113,3.8,2025-04-06,在售
335,佳能 笔记本电脑 Pro(红色),电子产品,笔记本电脑,佳能,10051.65,7158.37,713,0,3.0,2021-11-22,在售
336,恰恰 保健品 青春版(白色),食品饮料,保健品,恰恰,88.89,62.48,122,39,3.7,2024-02-15,在售
337,子初 婴儿湿巾 Plus(黑色),母婴用品,婴儿湿巾,子初,40.48,17.61,4667,71,3.5,2019-03-10,在售
338,知乎 小说 (粉色),图书文娱,小说,知乎,77.96,36.38,4685,30,3.3,2023-08-14,在售
339,德芙 巧克力 青春版(蓝色),食品饮料,巧克力,德芙,123.73,38.44,341,19,2.4,2024-10-02,在售
340,华为 键盘 标准版,电子产品,键盘,华为,362.64,210.74,1940,20,3.7,2023-11-30,在售
341,可优比 游泳圈 Plus(灰色),母婴用品,游泳圈,可优比,22.25,6.78,33,141,4.2,2021-03-28,缺货
342,爱仕达 保温杯 经典款,家居生活,保温杯,爱仕达,196.98,104.65,66,18,3.8,2021-02-09,在售
343,可优比 奶瓶 限定版,母婴用品,奶瓶,可优比,88.56,50.79,3991,33,4.5,2025-04-25,缺货
344,费列罗 牛奶 升级版(红色),食品饮料,牛奶,费列罗,15.61,4.13,621,166,3.6,2023-12-29,缺货
345,花西子 美容仪 新款,美妆个护,美容仪,花西子,252.3,157.45,2760,14,3.0,2025-02-09,在售
346,苏泊尔 加湿器 旗舰版,家居生活,加湿器,苏泊尔,367.29,118.29,1909,6,4.5,2025-06-22,在售
347,京东图书 漫画 青春版(金色),图书文娱,漫画,京东图书,34.88,12.06,4410,58,4.2,2022-04-08,下架
348,小米 平板电脑 Pro,电子产品,平板电脑,小米,4611.32,2803.88,2825,5,4.5,2019-08-01,在售
349,宜家 加湿器 升级版,家居生活,加湿器,宜家,56.44,36.55,49,43,4.8,2023-04-25,在售
350,老板电器 加湿器 Pro,家居生活,加湿器,老板电器,186.86,78.12,842,32,4.0,2022-09-20,在售
351,飞鹤 积木玩具 标准版(黑色),母婴用品,积木玩具,飞鹤,189.45,129.38,1495,15,3.2,2023-11-06,缺货
352,babycare 奶瓶 限定版(银色),母婴用品,奶瓶,babycare,25.48,17.93,4916,135,4.2,2019-10-04,在售
353,babycare 积木玩具 旗舰版,母婴用品,积木玩具,babycare,48.22,35.33,3241,68,3.0,2022-08-15,在售
354,人民文学 经管书籍 升级版(红色),图书文娱,经管书籍,人民文学,169.45,106.29,646,21,2.3,2025-06-19,下架
355,太平鸟 西装 青春版,服装鞋帽,西装,太平鸟,1745.94,994.48,2419,2,4.9,2025-01-22,在售
356,知乎 健身器材 青春版,图书文娱,健身器材,知乎,43.93,21.51,2199,62,3.4,2024-12-15,下架
357,老板电器 床上四件套 新款,家居生活,床上四件套,老板电器,1041.58,644.25,1508,10,3.0,2024-06-18,在售
358,京东图书 围棋 青春版(红色),图书文娱,围棋,京东图书,25.33,16.74,265,104,3.6,2023-12-08,在售
359,迪奥 香水,美妆个护,香水,迪奥,92.17,59.44,364,24,4.5,2019-04-04,在售
360,好孩子 婴儿推车 Pro,母婴用品,婴儿推车,好孩子,256.98,155.66,2607,12,3.0,2024-08-04,在售
361,特步 女装连衣裙 新款,服装鞋帽,女装连衣裙,特步,110.39,40.84,1941,30,4.3,2020-09-21,在售
362,特步 男装T恤 新款(粉色),服装鞋帽,男装T恤,特步,229.1,88.42,2983,31,3.5,2019-04-09,在售
363,阿迪达斯 羽绒服 Pro,服装鞋帽,羽绒服,阿迪达斯,608.66,445.61,1327,4,4.0,2019-06-12,在售
364,帮宝适 积木玩具,母婴用品,积木玩具,帮宝适,77.24,51.77,3356,46,4.7,2019-02-11,在售
365,当当 编程书籍 旗舰版(黑色),图书文娱,编程书籍,当当,44.77,14.81,2064,70,4.3,2019-02-21,缺货
366,老板电器 洗碗机 新款(银色),家居生活,洗碗机,老板电器,1970.18,788.4,1769,0,4.7,2023-06-25,在售
367,德芙 巧克力 旗舰版(粉色),食品饮料,巧克力,德芙,20.75,10.19,4614,194,3.4,2023-04-13,缺货
368,星巴克 保健品 新款(蓝色),食品饮料,保健品,星巴克,334.37,118.92,1314,10,3.8,2019-08-21,在售
369,兰蔻 口红 标准版,美妆个护,口红,兰蔻,154.47,103.85,1228,25,4.0,2024-08-11,在售
370,好奇 婴儿背带 标准版(银色),母婴用品,婴儿背带,好奇,224.43,131.65,462,11,3.5,2023-02-26,在售
371,李宁 太阳镜 标准版(白色),服装鞋帽,太阳镜,李宁,89.35,43.18,157,46,3.4,2019-03-22,在售
372,森马 运动外套 Pro(白色),服装鞋帽,运动外套,森马,103.84,59.08,3433,29,2.0,2020-12-03,在售
373,爱仕达 床上四件套 限定版,家居生活,床上四件套,爱仕达,1410.6,430.72,1506,1,4.0,2020-04-05,下架
374,网易严选 地毯 青春版,家居生活,地毯,网易严选,656.18,195.31,439,4,4.2,2019-11-18,在售
375,华为 打印机 新款(黑色),电子产品,打印机,华为,523.85,385.48,4872,19,4.5,2019-07-04,在售
376,网易严选 空气净化器 Plus,家居生活,空气净化器,网易严选,3532.58,910.76,3933,2,4.5,2024-07-02,在售
377,特步 运动鞋 Plus,服装鞋帽,运动鞋,特步,939.17,544.72,3118,2,3.2,2020-02-15,在售
378,人民文学 小说 旗舰版(金色),图书文娱,小说,人民文学,10.42,6.51,1735,257,3.9,2020-09-17,在售
379,帮宝适 辅食机 经典款,母婴用品,辅食机,帮宝适,877.8,222.94,452,9,3.2,2025-03-22,在售
380,知乎 历史书籍 青春版,图书文娱,历史书籍,知乎,21.3,5.67,2793,125,4.4,2024-05-30,在售
381,海尔 垃圾桶 青春版,家居生活,垃圾桶,海尔,7.13,2.23,4826,416,3.8,2021-11-18,在售
382,雷蛇 鼠标 升级版,电子产品,鼠标,雷蛇,43.43,15.43,1176,82,3.7,2020-01-03,在售
383,小米 鼠标 (金色),电子产品,鼠标,小米,98.08,69.23,4449,49,3.8,2022-12-16,在售
384,戴森 床上四件套 标准版,家居生活,床上四件套,戴森,379.2,244.37,1395,11,3.0,2024-12-08,在售
385,伊利 饮料 经典款(白色),食品饮料,饮料,伊利,5.09,2.01,48,524,4.0,2023-03-09,在售
386,机械工业 经管书籍 (银色),图书文娱,经管书籍,机械工业,30.77,12.65,974,100,4.1,2019-05-01,下架
387,ZARA 睡衣 经典款,服装鞋帽,睡衣,ZARA,116.16,45.9,112,27,3.8,2021-02-19,在售
388,三星 显示器 经典款,电子产品,显示器,三星,1189.16,747.4,3468,7,5.0,2023-10-14,在售
389,新东方 拼图 新款,图书文娱,拼图,新东方,163.39,83.04,4022,14,4.4,2021-02-11,下架
390,得到 书法字帖 升级版(蓝色),图书文娱,书法字帖,得到,25.54,9.6,3290,120,4.1,2023-02-03,在售
391,来伊份 糖果 经典款(金色),食品饮料,糖果,来伊份,17.09,10.35,1680,210,3.6,2019-09-24,在售
392,飞鹤 早教机 标准版,母婴用品,早教机,飞鹤,260.7,143.82,694,7,2.5,2021-10-19,下架
393,倩碧 化妆刷 升级版,美妆个护,化妆刷,倩碧,117.73,36.43,2235,21,4.0,2022-08-25,在售
394,爱他美 婴儿奶粉 经典款,母婴用品,婴儿奶粉,爱他美,406.76,161.59,2461,4,3.5,2025-05-23,在售
395,海尔 微波炉 经典款(红色),家居生活,微波炉,海尔,662.29,431.11,431,6,3.5,2021-05-24,下架
396,电子工业 小说 青春版(黑色),图书文娱,小说,电子工业,19.65,9.41,29,166,3.6,2025-03-24,在售
397,太平鸟 女装连衣裙 新款,服装鞋帽,女装连衣裙,太平鸟,76.16,53.63,249,40,4.8,2019-09-19,在售
398,华硕 数据线 升级版(黑色),电子产品,数据线,华硕,7.19,2.49,2427,323,3.7,2022-05-29,下架
399,知乎 拼图 限定版,图书文娱,拼图,知乎,17.21,5.08,234,168,4.2,2024-07-04,在售
400,迪奥 防晒霜 标准版(金色),美妆个护,防晒霜,迪奥,198.62,138.36,290,21,4.0,2023-07-16,在售
401,人民文学 历史书籍 Plus,图书文娱,历史书籍,人民文学,17.51,4.38,2434,169,3.9,2021-04-25,在售
402,好奇 奶瓶 旗舰版(红色),母婴用品,奶瓶,好奇,269.04,142.85,4237,16,5.0,2021-06-02,在售
403,雷蛇 投影仪,电子产品,投影仪,雷蛇,3507.8,2039.5,160,0,2.2,2020-02-07,在售
404,蒙牛 方便面,食品饮料,方便面,蒙牛,8.95,2.28,2246,307,4.0,2020-02-15,下架
405,方太 保温杯 (白色),家居生活,保温杯,方太,76.62,43.65,400,55,4.2,2024-05-23,在售
406,太平鸟 羽绒服 升级版,服装鞋帽,羽绒服,太平鸟,362.22,133.3,937,8,1.0,2020-03-17,在售
407,格力 地毯 Plus,家居生活,地毯,格力,1623.0,606.66,4614,1,4.1,2023-03-03,下架
408,特步 衬衫 经典款(红色),服装鞋帽,衬衫,特步,144.17,82.02,4715,30,4.2,2023-06-28,在售
409,海澜之家 泳衣 新款,服装鞋帽,泳衣,海澜之家,398.64,286.55,3564,16,3.0,2019-12-27,在售
410,安踏 皮带 Pro(粉色),服装鞋帽,皮带,安踏,184.13,123.16,2189,20,4.7,2024-06-08,在售
411,三星 显示器 Plus,电子产品,显示器,三星,4469.39,1138.86,2882,0,3.2,2019-09-27,在售
412,兰蔻 染发剂 Pro,美妆个护,染发剂,兰蔻,79.85,47.5,255,36,4.2,2021-12-15,下架
413,花王 婴儿沐浴露 限定版(粉色),母婴用品,婴儿沐浴露,花王,49.31,27.79,825,45,3.8,2024-05-01,在售
414,德芙 咖啡 升级版,食品饮料,咖啡,德芙,29.75,18.38,18,101,4.4,2022-03-07,缺货
415,好孩子 儿童水杯 旗舰版,母婴用品,儿童水杯,好孩子,26.5,15.48,3583,111,3.6,2025-01-22,在售
416,膳魔师 雨伞 新款,家居生活,雨伞,膳魔师,11.74,6.13,4701,256,3.8,2022-03-25,在售
417,索尼 手机 升级版(蓝色),电子产品,手机,索尼,5852.5,3450.77,1464,0,4.4,2019-08-25,在售
418,飞鹤 儿童帐篷 青春版(红色),母婴用品,儿童帐篷,飞鹤,243.11,105.7,4764,32,3.8,2025-04-21,在售
419,当当 书法字帖 Pro,图书文娱,书法字帖,当当,24.84,14.29,3819,120,4.4,2021-07-01,在售
420,奥克斯 窗帘 限定版,家居生活,窗帘,奥克斯,434.11,323.69,344,10,3.0,2021-06-13,在售
421,蒙牛 咖啡 青春版,食品饮料,咖啡,蒙牛,58.86,40.86,2115,61,3.0,2020-11-17,在售
422,安踏 卫衣,服装鞋帽,卫衣,安踏,179.55,134.25,184,12,4.5,2020-03-28,在售
423,苏泊尔 窗帘,家居生活,窗帘,苏泊尔,275.46,197.38,1024,7,4.0,2019-08-14,在售
424,奥克斯 地毯 新款,家居生活,地毯,奥克斯,745.96,271.91,3700,3,5.0,2021-07-23,在售
425,苏泊尔 抱枕 标准版(粉色),家居生活,抱枕,苏泊尔,75.49,54.7,4890,46,4.2,2020-01-18,在售
426,华为 VR设备 青春版,电子产品,VR设备,华为,3513.56,1622.98,321,1,3.4,2019-07-11,缺货
427,苏泊尔 保温杯 经典款,家居生活,保温杯,苏泊尔,44.57,25.68,470,91,3.6,2019-12-17,在售
428,苏泊尔 吸尘器 经典款(蓝色),家居生活,吸尘器,苏泊尔,2501.34,872.08,3048,9,5.0,2019-07-12,缺货
429,农夫山泉 坚果零食 限定版,食品饮料,坚果零食,农夫山泉,102.65,58.61,3891,54,2.8,2020-09-17,在售
430,MAC 沐浴露 青春版(灰色),美妆个护,沐浴露,MAC,57.79,36.4,391,62,2.2,2019-08-02,缺货
431,京东图书 文具 (红色),图书文娱,文具,京东图书,2.51,1.61,4244,997,3.6,2025-04-06,在售
432,阿迪达斯 男装T恤 旗舰版,服装鞋帽,男装T恤,阿迪达斯,180.63,50.51,1721,22,3.0,2022-10-17,在售
433,babycare 奶瓶 Pro,母婴用品,奶瓶,babycare,40.64,16.22,3336,96,3.9,2022-04-02,缺货
434,戴森 窗帘 青春版,家居生活,窗帘,戴森,122.35,33.42,198,31,4.0,2023-09-12,在售
435,MAC 化妆刷 Pro,美妆个护,化妆刷,MAC,53.57,31.2,3153,77,4.1,2023-12-11,在售
436,特步 帽子 限定版,服装鞋帽,帽子,特步,137.14,102.71,4174,14,3.0,2023-12-14,在售
437,爱仕达 厨房刀具 Plus(银色),家居生活,厨房刀具,爱仕达,276.74,147.09,238,10,4.8,2024-12-04,在售
438,老板电器 雨伞 青春版,家居生活,雨伞,老板电器,173.68,127.43,175,22,3.5,2024-04-09,在售
439,好奇 奶瓶 旗舰版,母婴用品,奶瓶,好奇,132.36,57.77,2383,32,4.0,2023-12-20,在售
440,蒙牛 蛋白粉 升级版,食品饮料,蛋白粉,蒙牛,314.57,182.09,4028,19,4.5,2024-06-12,缺货
441,OPPO 键盘 青春版,电子产品,键盘,OPPO,31.95,20.63,239,100,4.2,2023-02-01,在售
442,中信出版 英语教材 经典款,图书文娱,英语教材,中信出版,27.34,9.46,2540,104,3.6,2020-04-03,在售
443,中信出版 儿童绘本 限定版,图书文娱,儿童绘本,中信出版,24.91,16.68,2162,121,4.3,2024-07-15,在售
444,BOSE 投影仪 旗舰版(金色),电子产品,投影仪,BOSE,7283.47,4385.93,2496,3,3.8,2024-08-14,在售
445,新东方 拼图 限定版(白色),图书文娱,拼图,新东方,11.95,4.87,3050,256,4.0,2020-08-29,在售
446,美赞臣 爬行垫 青春版,母婴用品,爬行垫,美赞臣,51.98,30.69,3387,55,3.6,2024-10-28,在售
447,尼康 显示器 青春版,电子产品,显示器,尼康,3734.24,1816.02,2380,0,3.4,2024-10-24,在售
448,自然堂 面霜 青春版(白色),美妆个护,面霜,自然堂,52.23,18.52,4090,54,2.5,2021-07-09,在售
449,好孩子 辅食机 旗舰版,母婴用品,辅食机,好孩子,974.28,540.92,2922,3,3.3,2023-05-22,下架
450,可优比 奶瓶 Plus,母婴用品,奶瓶,可优比,76.3,27.9,4403,39,4.2,2024-02-16,在售
451,雪花秀 粉底液,美妆个护,粉底液,雪花秀,70.47,22.72,4074,50,4.2,2022-04-19,在售
452,自然堂 香水 经典款,美妆个护,香水,自然堂,168.35,124.54,419,13,5.0,2024-02-03,在售
453,农夫山泉 茶叶 经典款,食品饮料,茶叶,农夫山泉,99.84,41.37,3693,26,4.7,2024-09-28,在售
454,新东方 英语教材 升级版,图书文娱,英语教材,新东方,291.95,214.77,2762,15,4.5,2024-05-29,在售
455,波司登 男装T恤 限定版(黑色),服装鞋帽,男装T恤,波司登,110.23,56.25,1804,30,5.0,2024-03-30,在售
456,德芙 茶叶 Pro,食品饮料,茶叶,德芙,29.78,22.01,2124,118,3.8,2019-07-13,在售
457,恰恰 果冻 新款,食品饮料,果冻,恰恰,5.52,3.43,4383,454,3.8,2019-04-22,下架
458,玉兰油 化妆刷 旗舰版(红色),美妆个护,化妆刷,玉兰油,12.59,6.35,486,200,4.1,2023-09-27,在售
459,雅诗兰黛 粉底液 标准版,美妆个护,粉底液,雅诗兰黛,149.67,42.9,253,15,4.0,2020-10-28,在售
460,爱他美 童装 (白色),母婴用品,童装,爱他美,374.66,100.8,1605,6,2.1,2022-01-15,在售
461,太平鸟 汉服 青春版(白色),服装鞋帽,汉服,太平鸟,854.42,356.52,3045,1,4.9,2022-07-12,在售
462,人民文学 心理学 新款,图书文娱,心理学,人民文学,30.63,21.56,2929,115,4.2,2024-06-03,在售
463,人民文学 儿童绘本 限定版,图书文娱,儿童绘本,人民文学,21.15,7.41,2157,130,4.0,2024-01-05,在售
464,联想 内存卡 旗舰版,电子产品,内存卡,联想,349.05,96.59,2062,10,5.0,2019-09-26,在售
465,蒙牛 保健品 Plus,食品饮料,保健品,蒙牛,60.44,40.5,3479,54,3.8,2020-05-04,在售
466,中信出版 经管书籍 标准版(蓝色),图书文娱,经管书籍,中信出版,81.31,25.53,1361,24,5.0,2023-06-01,在售
467,启赋 婴儿湿巾 限定版,母婴用品,婴儿湿巾,启赋,95.66,64.24,3527,33,3.5,2019-04-27,在售
468,电子工业 篮球 标准版,图书文娱,篮球,电子工业,73.89,29.05,4200,21,3.6,2024-04-07,在售
469,花王 儿童安全座椅 (银色),母婴用品,儿童安全座椅,花王,3014.98,792.78,1954,0,4.9,2024-01-09,在售
470,特步 男装T恤 新款,服装鞋帽,男装T恤,特步,136.57,43.16,172,25,4.0,2024-09-03,在售
471,德芙 肉干 升级版(黑色),食品饮料,肉干,德芙,122.56,71.55,244,40,3.6,2019-07-31,在售
472,机械工业 编程书籍 青春版(粉色),图书文娱,编程书籍,机械工业,152.04,93.82,4334,22,4.4,2019-11-25,在售
473,德芙 食用油 青春版(白色),食品饮料,食用油,德芙,38.34,12.77,4717,58,4.2,2023-10-31,在售
474,耐克 牛仔裤 标准版(银色),服装鞋帽,牛仔裤,耐克,158.12,48.56,4285,18,4.8,2020-08-07,下架
475,知乎 历史书籍 (蓝色),图书文娱,历史书籍,知乎,38.46,12.54,2305,81,4.0,2021-10-17,在售
476,苏泊尔 微波炉 标准版(银色),家居生活,微波炉,苏泊尔,1517.81,746.63,1105,7,4.2,2024-02-03,在售
477,九阳 雨伞 标准版,家居生活,雨伞,九阳,13.23,5.41,192,199,3.6,2019-02-25,在售
478,爱仕达 微波炉 经典款,家居生活,微波炉,爱仕达,1079.78,307.59,3436,2,1.0,2020-04-11,在售
479,茅台 保健品 经典款(灰色),食品饮料,保健品,茅台,857.74,479.45,3200,3,2.8,2019-02-13,在售
480,老板电器 晾衣架 (金色),家居生活,晾衣架,老板电器,16.04,11.35,147,175,3.8,2023-03-22,在售
481,佳能 路由器 新款,电子产品,路由器,佳能,448.55,258.0,2936,10,3.4,2021-05-28,在售
482,倩碧 化妆刷 Plus,美妆个护,化妆刷,倩碧,82.67,27.61,3515,51,3.1,2020-05-13,在售
483,德芙 肉干 升级版(金色),食品饮料,肉干,德芙,112.21,29.71,4417,41,3.8,2022-10-07,在售
484,良品铺子 方便面 限定版,食品饮料,方便面,良品铺子,10.43,6.43,4385,254,3.7,2024-12-08,在售
485,五粮液 保健品 标准版(金色),食品饮料,保健品,五粮液,462.14,177.74,4727,13,5.0,2023-05-03,在售
486,格力 微波炉 (黑色),家居生活,微波炉,格力,1062.02,764.21,259,8,3.0,2019-01-06,在售
487,费列罗 坚果零食,食品饮料,坚果零食,费列罗,22.37,8.65,746,148,3.9,2019-02-06,在售
488,五粮液 进口饼干 (蓝色),食品饮料,进口饼干,五粮液,10.01,3.48,2752,326,3.8,2019-08-14,在售
489,玉兰油 化妆刷 标准版(白色),美妆个护,化妆刷,玉兰油,104.04,67.15,4268,41,4.3,2021-01-13,在售
490,农夫山泉 保健品 升级版,食品饮料,保健品,农夫山泉,105.46,27.69,4935,56,3.8,2019-05-29,在售
491,好孩子 游泳圈 标准版(黑色),母婴用品,游泳圈,好孩子,187.34,94.88,344,13,5.0,2022-06-11,缺货
492,全棉时代 温奶器 限定版(银色),母婴用品,温奶器,全棉时代,166.36,120.68,2447,33,5.0,2021-05-08,在售
493,H&M 衬衫,服装鞋帽,衬衫,H&M,70.95,38.41,4207,42,3.8,2023-07-20,缺货
494,膳魔师 加湿器 标准版(银色),家居生活,加湿器,膳魔师,127.68,42.87,4652,44,3.0,2024-06-25,在售
495,佳能 笔记本电脑 Plus,电子产品,笔记本电脑,佳能,3648.56,2327.97,21,2,4.4,2019-04-01,在售
496,九阳 微波炉 经典款,家居生活,微波炉,九阳,247.63,65.17,646,18,4.0,2024-10-15,在售
497,老板电器 洗碗机 Plus(银色),家居生活,洗碗机,老板电器,6468.26,2889.48,4086,0,4.8,2023-10-19,在售
498,中信出版 瑜伽垫 经典款(白色),图书文娱,瑜伽垫,中信出版,158.81,115.9,3790,35,2.0,2024-09-12,在售
499,戴尔 游戏主机,电子产品,游戏主机,戴尔,2871.02,1321.26,226,5,4.3,2025-02-04,在售
500,机械工业 乐器 限定版,图书文娱,乐器,机械工业,254.18,152.85,808,19,1.8,2019-05-29,在售
501,五粮液 牛奶 新款(粉色),食品饮料,牛奶,五粮液,15.27,8.96,1603,214,4.1,2020-10-01,在售
502,雪花秀 面膜 Plus,美妆个护,面膜,雪花秀,250.53,125.62,151,17,5.0,2024-04-30,缺货
503,知乎 钢笔,图书文娱,钢笔,知乎,519.74,312.82,2880,4,4.0,2024-08-13,下架
504,SK-II 洗面奶 Pro(红色),美妆个护,洗面奶,SK-II,91.47,39.59,998,32,4.0,2024-01-19,在售
505,海澜之家 内衣 经典款,服装鞋帽,内衣,海澜之家,51.95,14.03,1450,57,4.4,2019-10-31,缺货
506,飞鹤 婴儿床 新款,母婴用品,婴儿床,飞鹤,1028.08,349.21,2988,1,4.0,2024-07-02,在售
507,联想 音箱 限定版,电子产品,音箱,联想,151.34,91.86,1104,26,4.0,2025-03-26,下架
508,佳能 相机 标准版,电子产品,相机,佳能,4821.24,1830.91,86,0,4.0,2024-09-27,在售
509,奥克斯 吸尘器 Pro,家居生活,吸尘器,奥克斯,1555.03,533.39,839,6,2.0,2023-09-24,在售
510,京东图书 围棋 Plus(银色),图书文娱,围棋,京东图书,62.31,19.24,4316,55,4.4,2019-04-17,在售
511,良品铺子 巧克力 青春版(金色),食品饮料,巧克力,良品铺子,92.83,39.4,4466,27,3.2,2019-07-15,在售
512,佳能 智能手表 Pro,电子产品,智能手表,佳能,882.49,268.85,2638,8,4.0,2019-09-22,在售
513,九阳 雨伞 经典款(白色),家居生活,雨伞,九阳,12.0,5.53,23,243,3.8,2019-12-26,在售
514,华硕 显示器 标准版(灰色),电子产品,显示器,华硕,3083.05,846.12,390,1,4.5,2022-02-17,在售
515,三星 键盘 旗舰版,电子产品,键盘,三星,216.85,62.88,427,13,3.7,2021-03-06,下架
516,三星 音箱 标准版,电子产品,音箱,三星,54.39,16.59,220,67,2.8,2023-09-01,在售
517,网易严选 电饭煲 旗舰版(蓝色),家居生活,电饭煲,网易严选,486.83,280.77,4003,9,5.0,2024-01-29,在售
518,子初 童装 Pro,母婴用品,童装,子初,112.02,31.57,4633,33,4.2,2020-06-24,缺货
519,电子工业 拼图 Plus(金色),图书文娱,拼图,电子工业,23.73,8.86,4596,150,3.9,2020-11-15,在售
520,ZARA 太阳镜 经典款,服装鞋帽,太阳镜,ZARA,138.78,51.57,47,35,3.7,2023-12-14,在售
521,好孩子 儿童水杯 经典款,母婴用品,儿童水杯,好孩子,192.14,79.48,1390,28,4.4,2021-10-20,下架
522,H&M 羽绒服 (灰色),服装鞋帽,羽绒服,H&M,317.81,130.27,1159,8,3.0,2020-02-05,在售
523,京东图书 笔记本 Plus(银色),图书文娱,笔记本,京东图书,29.5,13.11,3512,88,3.6,2023-02-27,在售
524,李宁 帽子,服装鞋帽,帽子,李宁,28.58,13.99,405,127,4.2,2022-11-28,在售
525,SK-II 护手霜,美妆个护,护手霜,SK-II,137.52,38.55,2040,27,3.0,2025-06-07,在售
526,网易严选 窗帘 新款,家居生活,窗帘,网易严选,170.88,91.98,2759,7,3.4,2020-08-03,在售
527,尼康 充电宝 限定版(银色),电子产品,充电宝,尼康,240.55,131.93,2120,29,4.3,2023-08-23,在售
528,知乎 儿童绘本 旗舰版,图书文娱,儿童绘本,知乎,13.04,3.61,2543,183,3.8,2024-10-17,下架
529,爱仕达 电饭煲 Pro(黑色),家居生活,电饭煲,爱仕达,152.9,67.29,4190,29,4.5,2024-06-04,在售
530,美赞臣 温奶器,母婴用品,温奶器,美赞臣,85.4,42.91,4155,52,3.3,2020-12-26,下架
531,宜家 电饭煲 标准版(银色),家居生活,电饭煲,宜家,1136.59,599.1,1458,4,5.0,2023-05-06,在售
532,百草味 方便面 限定版(灰色),食品饮料,方便面,百草味,30.15,10.09,3879,107,3.9,2019-12-01,在售
533,babycare 婴儿湿巾 经典款,母婴用品,婴儿湿巾,babycare,47.24,18.85,1478,94,3.4,2025-04-20,在售
534,完美日记 护手霜 旗舰版(蓝色),美妆个护,护手霜,完美日记,149.37,41.71,24,19,4.2,2021-08-12,在售
535,樊登读书 钢笔 经典款,图书文娱,钢笔,樊登读书,19.17,12.78,2756,146,3.9,2021-01-01,在售
536,蒙牛 调味料 旗舰版,食品饮料,调味料,蒙牛,3.51,2.57,4897,692,3.8,2022-07-31,在售
537,当当 漫画 青春版(银色),图书文娱,漫画,当当,18.42,13.18,913,189,4.2,2019-05-25,在售
538,BOSE 移动硬盘 青春版,电子产品,移动硬盘,BOSE,830.71,358.43,2886,7,4.1,2023-08-25,在售
539,鸿星尔克 运动外套 (粉色),服装鞋帽,运动外套,鸿星尔克,1015.03,526.57,3647,1,4.2,2024-01-25,在售
540,张裕 蛋白粉 青春版,食品饮料,蛋白粉,张裕,137.32,52.41,4457,34,3.7,2023-10-18,在售
541,海尔 洗碗机 新款,家居生活,洗碗机,海尔,1319.64,924.68,3406,2,4.2,2025-02-19,在售
542,波司登 帽子 新款(白色),服装鞋帽,帽子,波司登,49.12,21.79,22,87,4.1,2024-11-08,在售
543,联想 数据线 旗舰版,电子产品,数据线,联想,17.11,5.78,2106,165,4.0,2019-09-22,在售
544,华为 音箱 标准版,电子产品,音箱,华为,186.83,120.33,1075,24,4.0,2025-01-20,在售
545,全棉时代 婴儿推车 Pro(白色),母婴用品,婴儿推车,全棉时代,1769.1,672.82,3102,1,4.3,2023-05-12,在售
546,尼康 充电宝 青春版,电子产品,充电宝,尼康,90.99,31.14,183,32,3.5,2021-11-21,在售
547,恰恰 咖啡 限定版,食品饮料,咖啡,恰恰,104.8,60.63,3144,33,3.8,2020-12-31,缺货
548,花西子 指甲油 旗舰版(银色),美妆个护,指甲油,花西子,103.03,36.13,3218,47,4.1,2023-09-12,在售
549,戴尔 耳机 标准版,电子产品,耳机,戴尔,55.32,33.57,123,62,3.2,2020-04-16,下架
550,苏泊尔 加湿器 限定版,家居生活,加湿器,苏泊尔,52.09,14.19,3909,70,3.3,2019-03-05,在售
551,宜家 收纳箱 新款(蓝色),家居生活,收纳箱,宜家,12.39,6.43,1717,227,3.6,2019-04-06,在售
552,美的 电风扇 经典款,家居生活,电风扇,美的,514.25,165.37,137,13,4.0,2019-04-19,在售
553,恰恰 调味料 青春版,食品饮料,调味料,恰恰,11.99,6.55,1466,210,4.0,2021-05-03,在售
554,京东图书 儿童绘本 经典款,图书文娱,儿童绘本,京东图书,17.3,10.78,829,230,3.6,2024-12-10,在售
555,雀巢 坚果零食 Pro,食品饮料,坚果零食,雀巢,11.99,7.69,677,252,3.9,2024-05-22,在售
556,ZARA 泳衣 Pro(银色),服装鞋帽,泳衣,ZARA,170.82,102.29,3629,18,5.0,2021-01-15,在售
557,人民文学 小说 Pro,图书文娱,小说,人民文学,34.68,21.59,4887,104,3.2,2021-01-05,在售
558,老板电器 加湿器,家居生活,加湿器,老板电器,74.27,32.99,609,41,4.3,2022-11-03,下架
559,雷蛇 VR设备 升级版,电子产品,VR设备,雷蛇,3833.14,2376.33,2674,0,4.8,2019-05-03,在售
560,自然堂 美容仪 限定版,美妆个护,美容仪,自然堂,936.83,546.37,3034,1,3.0,2024-07-22,在售
561,新东方 经管书籍,图书文娱,经管书籍,新东方,81.63,21.87,718,35,3.3,2024-12-04,在售
562,双立人 保温杯 经典款(白色),家居生活,保温杯,双立人,238.11,80.76,90,18,5.0,2022-08-06,在售
563,爱仕达 床上四件套 青春版(金色),家居生活,床上四件套,爱仕达,1501.33,520.6,2686,1,3.9,2021-02-07,缺货
564,戴森 电风扇 (蓝色),家居生活,电风扇,戴森,59.04,31.51,236,51,4.0,2020-07-07,在售
565,美赞臣 婴儿推车 (红色),母婴用品,婴儿推车,美赞臣,249.15,102.43,3243,18,5.0,2022-10-04,在售
566,H&M 牛仔裤 标准版(灰色),服装鞋帽,牛仔裤,H&M,260.8,183.52,448,16,5.0,2019-05-26,缺货
567,匡威 高跟鞋 Pro,服装鞋帽,高跟鞋,匡威,267.28,84.89,482,11,2.5,2022-05-06,在售
568,雪花秀 指甲油 旗舰版,美妆个护,指甲油,雪花秀,25.59,9.83,1689,129,4.0,2019-08-07,在售
569,玉兰油 染发剂 旗舰版,美妆个护,染发剂,玉兰油,19.44,8.11,2269,156,4.0,2022-04-05,缺货
570,奥克斯 吸尘器 经典款,家居生活,吸尘器,奥克斯,541.81,251.93,3064,9,3.8,2025-06-16,在售
571,花王 婴儿奶粉 Pro,母婴用品,婴儿奶粉,花王,128.44,44.86,3291,34,3.5,2021-06-03,在售
572,伊利 大米,食品饮料,大米,伊利,188.77,112.64,1255,12,3.0,2020-01-22,在售
573,海尔 厨房刀具 新款(白色),家居生活,厨房刀具,海尔,458.96,198.71,4751,4,5.0,2020-09-18,在售
574,中信出版 历史书籍 经典款,图书文娱,历史书籍,中信出版,155.05,95.78,2376,26,3.0,2023-06-26,在售
575,迪奥 洗面奶 旗舰版,美妆个护,洗面奶,迪奥,56.88,39.48,3262,63,4.4,2019-10-03,在售
576,得到 儿童绘本 升级版,图书文娱,儿童绘本,得到,13.75,8.9,1343,196,4.1,2022-02-18,下架
577,MAC 指甲油 限定版,美妆个护,指甲油,MAC,13.96,7.98,666,199,3.4,2024-10-14,在售
578,花西子 面膜 限定版(白色),美妆个护,面膜,花西子,189.24,53.94,3208,21,5.0,2024-02-06,在售
579,网易严选 地毯 限定版(金色),家居生活,地毯,网易严选,94.9,70.98,3835,44,5.0,2022-03-02,在售
580,帮宝适 积木玩具 Plus(金色),母婴用品,积木玩具,帮宝适,23.0,10.86,115,148,3.9,2023-12-22,在售
581,苹果 平板电脑 新款(红色),电子产品,平板电脑,苹果,8901.78,6473.75,4262,0,3.0,2025-03-31,在售
582,李宁 牛仔裤 新款(蓝色),服装鞋帽,牛仔裤,李宁,122.18,41.49,4258,50,3.3,2019-02-22,缺货
583,倩碧 指甲油 标准版,美妆个护,指甲油,倩碧,123.56,41.27,3468,26,4.3,2025-03-02,下架
584,格力 保温杯 经典款,家居生活,保温杯,格力,326.35,164.03,845,10,4.7,2024-04-15,在售
585,美的 收纳箱,家居生活,收纳箱,美的,15.0,3.76,2496,209,4.0,2025-06-15,在售
586,老板电器 吸尘器 新款(银色),家居生活,吸尘器,老板电器,2403.24,1222.63,1024,1,2.0,2024-04-07,在售
587,李宁 男装T恤 升级版(蓝色),服装鞋帽,男装T恤,李宁,211.77,131.32,2225,20,3.6,2025-04-01,在售
588,苏泊尔 抱枕 限定版(黑色),家居生活,抱枕,苏泊尔,71.68,45.13,4014,48,3.9,2021-11-08,在售
589,SK-II 指甲油 限定版(银色),美妆个护,指甲油,SK-II,76.15,49.06,3552,46,4.3,2021-05-02,在售
590,张裕 保健品 Pro,食品饮料,保健品,张裕,262.63,171.87,3061,12,4.0,2020-08-01,在售
591,佳能 投影仪 新款(白色),电子产品,投影仪,佳能,6149.88,2087.45,2702,0,3.3,2022-03-06,在售
592,中信出版 拼图 标准版(金色),图书文娱,拼图,中信出版,109.11,54.51,3752,37,3.7,2021-02-10,在售
593,帮宝适 早教机 旗舰版,母婴用品,早教机,帮宝适,391.2,210.8,99,12,3.0,2025-02-08,在售
594,星巴克 食用油 经典款,食品饮料,食用油,星巴克,97.62,55.07,3873,29,4.0,2022-06-28,下架
595,ZARA 女装连衣裙,服装鞋帽,女装连衣裙,ZARA,251.11,146.1,271,18,5.0,2024-09-01,在售
596,好奇 爬行垫 经典款(金色),母婴用品,爬行垫,好奇,57.06,29.76,4102,65,3.7,2021-09-05,在售
597,星巴克 进口饼干 旗舰版,食品饮料,进口饼干,星巴克,93.17,55.43,1139,26,4.5,2024-01-31,下架
598,戴尔 游戏主机 新款(灰色),电子产品,游戏主机,戴尔,4646.39,1421.02,4567,0,4.1,2023-03-25,在售
599,中信出版 书法字帖 (红色),图书文娱,书法字帖,中信出版,16.31,7.63,2433,129,4.0,2024-09-20,在售
600,UR 睡衣 限定版,服装鞋帽,睡衣,UR,51.29,21.89,4162,43,4.3,2020-08-05,在售
601,索尼 投影仪 升级版(灰色),电子产品,投影仪,索尼,1329.72,864.79,2650,4,3.6,2021-07-10,在售
602,雪花秀 指甲油 经典款(粉色),美妆个护,指甲油,雪花秀,28.56,14.47,2242,89,4.7,2024-08-30,在售
603,资生堂 沐浴露 升级版(金色),美妆个护,沐浴露,资生堂,57.01,38.82,3913,67,4.3,2022-11-03,在售
604,恰恰 牛奶 青春版,食品饮料,牛奶,恰恰,13.67,7.75,4299,173,4.0,2023-03-26,在售
605,联想 内存卡 标准版(金色),电子产品,内存卡,联想,391.21,150.87,2704,6,4.7,2023-09-25,在售
606,索尼 相机 青春版,电子产品,相机,索尼,2229.9,1157.11,2832,1,5.0,2022-01-28,下架
607,阿迪达斯 泳衣 旗舰版,服装鞋帽,泳衣,阿迪达斯,193.76,104.07,4432,26,5.0,2023-05-22,下架
608,vivo 智能手表 Plus,电子产品,智能手表,vivo,3298.1,967.65,4930,6,3.3,2021-11-01,在售
609,玉兰油 精华液 Plus,美妆个护,精华液,玉兰油,142.59,98.78,2553,19,2.8,2020-08-25,在售
610,京东图书 心理学 Pro(黑色),图书文娱,心理学,京东图书,26.66,13.0,284,109,4.4,2021-08-27,在售
611,樊登读书 文具 标准版(金色),图书文娱,文具,樊登读书,1.25,0.65,4099,1713,3.9,2024-09-21,在售
612,鸿星尔克 女装连衣裙 Plus,服装鞋帽,女装连衣裙,鸿星尔克,97.01,61.97,476,42,3.5,2021-06-22,在售
613,九阳 电饭煲 新款(金色),家居生活,电饭煲,九阳,121.73,38.39,903,25,3.0,2021-01-12,在售
614,机械工业 健身器材 青春版,图书文娱,健身器材,机械工业,45.95,19.7,4653,72,4.1,2019-11-28,在售
615,星巴克 果冻 限定版,食品饮料,果冻,星巴克,5.98,1.75,3396,407,3.7,2023-08-30,在售
616,ZARA 运动鞋 (粉色),服装鞋帽,运动鞋,ZARA,244.8,80.05,4488,12,4.6,2020-07-19,在售
617,资生堂 化妆刷 经典款(银色),美妆个护,化妆刷,资生堂,26.29,12.6,3021,95,3.6,2023-08-31,下架
618,贝亲 婴儿推车 标准版,母婴用品,婴儿推车,贝亲,256.2,98.88,343,19,3.2,2019-06-06,在售
619,方太 厨房刀具 标准版(粉色),家居生活,厨房刀具,方太,44.86,28.08,2099,95,3.6,2024-10-20,在售
620,知乎 围棋 限定版,图书文娱,围棋,知乎,31.79,14.58,1026,72,3.6,2022-07-18,在售
621,得到 笔记本 升级版,图书文娱,笔记本,得到,12.73,4.84,436,239,3.9,2024-09-04,在售
622,小米 充电宝 标准版,电子产品,充电宝,小米,42.02,13.75,3415,79,3.5,2020-09-03,在售
623,网易严选 晾衣架 新款,家居生活,晾衣架,网易严选,11.05,7.16,3134,277,3.9,2022-04-07,在售
624,海尔 餐桌 Pro(白色),家居生活,餐桌,海尔,2874.82,1459.01,3223,0,4.2,2023-08-24,在售
625,BOSE 鼠标 Pro,电子产品,鼠标,BOSE,632.08,357.06,91,8,3.5,2024-12-27,下架
626,vivo 耳机 限定版,电子产品,耳机,vivo,289.3,139.17,3874,10,4.3,2020-05-15,在售
627,新东方 文具 升级版(黑色),图书文娱,文具,新东方,9.74,3.1,51,318,4.1,2019-07-22,在售
628,迪奥 沐浴露 标准版(黑色),美妆个护,沐浴露,迪奥,40.77,27.19,4279,90,3.7,2019-02-22,在售
629,森马 内衣 经典款,服装鞋帽,内衣,森马,46.85,12.54,2406,61,3.7,2021-01-18,在售
630,阿迪达斯 袜子 Plus(黑色),服装鞋帽,袜子,阿迪达斯,5.3,2.34,4314,512,3.8,2024-02-25,在售
631,佳能 显示器 升级版,电子产品,显示器,佳能,3369.62,2026.68,196,5,2.4,2022-04-16,在售
632,蒙牛 茶叶 Pro,食品饮料,茶叶,蒙牛,88.45,60.9,4609,28,4.0,2023-04-15,在售
633,戴尔 移动硬盘 Pro,电子产品,移动硬盘,戴尔,646.7,228.86,237,3,2.0,2021-01-29,在售
634,方太 雨伞 Plus(红色),家居生活,雨伞,方太,39.24,21.83,2556,98,3.1,2021-10-01,下架
635,良品铺子 进口饼干 新款,食品饮料,进口饼干,良品铺子,10.65,2.85,4457,229,4.1,2022-08-25,在售
636,尼康 相机 经典款(金色),电子产品,相机,尼康,2819.64,1999.75,3596,0,3.6,2021-08-20,在售
637,特步 衬衫 旗舰版(红色),服装鞋帽,衬衫,特步,194.73,110.48,435,29,3.8,2019-06-10,在售
638,新东方 瑜伽垫 Plus,图书文娱,瑜伽垫,新东方,146.54,69.97,482,21,4.5,2019-06-08,在售
639,三只松鼠 肉干 Plus(白色),食品饮料,肉干,三只松鼠,30.12,12.27,967,129,3.5,2019-10-06,在售
640,倩碧 口红 青春版(红色),美妆个护,口红,倩碧,79.81,48.94,1314,44,3.5,2019-04-11,在售
641,京东图书 儿童绘本 升级版(黑色),图书文娱,儿童绘本,京东图书,10.77,7.1,3122,277,3.8,2025-01-29,下架
642,京东图书 拼图 Plus(灰色),图书文娱,拼图,京东图书,48.91,21.29,1979,91,3.8,2024-01-01,在售
643,好孩子 童装 升级版(金色),母婴用品,童装,好孩子,29.58,12.83,2893,102,3.7,2022-10-28,在售
644,九阳 餐桌,家居生活,餐桌,九阳,3604.83,1376.84,2475,0,3.9,2022-06-07,在售
645,可优比 婴儿床 Pro(灰色),母婴用品,婴儿床,可优比,395.91,110.49,132,15,4.0,2021-10-30,在售
646,机械工业 书法字帖 Pro,图书文娱,书法字帖,机械工业,60.61,33.38,1898,67,3.5,2019-08-10,在售
647,匡威 运动外套 标准版(金色),服装鞋帽,运动外套,匡威,952.94,469.56,4445,13,4.2,2023-07-16,在售
648,京东图书 编程书籍 (灰色),图书文娱,编程书籍,京东图书,35.46,15.28,2338,85,3.7,2024-12-09,下架
649,H&M 西装 旗舰版(金色),服装鞋帽,西装,H&M,956.22,313.75,4606,8,4.0,2025-05-20,在售
650,迪奥 面霜 Pro,美妆个护,面霜,迪奥,1046.0,289.97,2398,7,5.0,2019-04-27,在售
651,爱他美 纸尿裤 旗舰版,母婴用品,纸尿裤,爱他美,84.39,41.18,2524,35,2.0,2021-05-29,在售
652,海澜之家 衬衫 新款(白色),服装鞋帽,衬衫,海澜之家,294.27,203.23,3687,13,4.1,2024-03-15,在售
653,UR 袜子 升级版(灰色),服装鞋帽,袜子,UR,17.54,12.33,4321,194,4.0,2023-09-17,在售
654,飞鹤 辅食机 Plus,母婴用品,辅食机,飞鹤,684.56,199.43,678,3,4.0,2020-06-18,在售
655,优衣库 帽子 Pro,服装鞋帽,帽子,优衣库,64.37,38.54,3711,48,4.0,2019-09-09,在售
656,戴森 电风扇 旗舰版(粉色),家居生活,电风扇,戴森,374.67,202.32,3423,18,4.3,2020-03-09,在售
657,好奇 儿童水杯 升级版(金色),母婴用品,儿童水杯,好奇,31.58,16.54,2763,87,4.3,2020-08-13,在售
658,爱仕达 雨伞 经典款(金色),家居生活,雨伞,爱仕达,145.9,98.82,346,31,2.7,2024-10-25,下架
659,vivo 路由器 标准版(银色),电子产品,路由器,vivo,60.64,23.83,795,60,3.5,2020-06-19,在售
660,完美日记 护手霜 Plus,美妆个护,护手霜,完美日记,162.68,94.97,15,21,3.0,2020-05-12,在售
661,爱仕达 微波炉 Plus(灰色),家居生活,微波炉,爱仕达,1546.08,892.64,323,2,4.0,2023-03-09,缺货
662,启赋 爬行垫 经典款,母婴用品,爬行垫,启赋,56.01,41.64,401,74,3.9,2021-07-22,在售
663,双立人 抱枕 旗舰版,家居生活,抱枕,双立人,15.79,10.45,3355,211,3.8,2024-06-23,在售
664,三星 内存卡 旗舰版,电子产品,内存卡,三星,106.44,31.97,743,46,3.7,2019-07-03,在售
665,机械工业 篮球,图书文娱,篮球,机械工业,271.39,169.28,19,20,4.5,2025-02-04,在售
666,得到 心理学 升级版,图书文娱,心理学,得到,15.74,9.54,4903,189,4.1,2025-05-22,在售
667,中信出版 心理学 (金色),图书文娱,心理学,中信出版,41.34,20.03,3048,101,3.5,2024-02-19,在售
668,美赞臣 奶瓶 升级版(灰色),母婴用品,奶瓶,美赞臣,30.84,18.36,2123,86,3.7,2024-03-12,在售
669,雷蛇 移动硬盘 青春版(粉色),电子产品,移动硬盘,雷蛇,836.79,558.49,2916,1,3.0,2021-09-27,在售
670,京东图书 文具 Plus(银色),图书文娱,文具,京东图书,1.2,0.76,2180,1772,4.0,2024-02-04,在售
671,英氏 早教机 Plus,母婴用品,早教机,英氏,675.0,387.92,1685,9,4.1,2022-06-15,下架
672,爱仕达 空气净化器 标准版,家居生活,空气净化器,爱仕达,347.37,250.99,3345,8,4.0,2023-11-18,缺货
673,佳能 游戏主机 升级版,电子产品,游戏主机,佳能,1886.08,980.48,594,0,3.5,2020-02-25,在售
674,网易严选 餐桌 (白色),家居生活,餐桌,网易严选,446.71,332.31,1480,7,5.0,2025-03-23,在售
675,苏泊尔 吸尘器 限定版,家居生活,吸尘器,苏泊尔,2432.73,791.68,4425,0,4.6,2023-11-09,在售
676,特步 羽绒服 限定版(黑色),服装鞋帽,羽绒服,特步,701.2,324.89,1563,2,4.0,2023-07-08,在售
677,帮宝适 温奶器 升级版(银色),母婴用品,温奶器,帮宝适,106.5,72.31,221,25,2.0,2021-04-17,下架
678,飞鹤 儿童帐篷 旗舰版(蓝色),母婴用品,儿童帐篷,飞鹤,221.4,104.5,1459,28,3.7,2021-01-15,在售
679,波司登 高跟鞋 青春版,服装鞋帽,高跟鞋,波司登,132.14,91.64,1023,47,3.8,2024-06-16,下架
680,良品铺子 食用油 Pro,食品饮料,食用油,良品铺子,80.62,56.79,141,29,4.7,2023-10-25,在售
681,华硕 内存卡 标准版(蓝色),电子产品,内存卡,华硕,108.89,49.44,1242,38,3.8,2021-01-30,在售
682,戴尔 智能手表,电子产品,智能手表,戴尔,902.22,254.26,3939,17,4.0,2021-12-03,缺货
683,恰恰 肉干 Pro,食品饮料,肉干,恰恰,135.54,53.36,4163,37,4.0,2021-03-30,在售
684,雀巢 薯片 升级版,食品饮料,薯片,雀巢,9.88,7.41,2352,303,3.9,2022-09-25,在售
685,OPPO VR设备 限定版,电子产品,VR设备,OPPO,2116.19,1474.33,4121,2,3.7,2021-01-08,在售
686,知乎 拼图 旗舰版(金色),图书文娱,拼图,知乎,43.34,13.42,1836,76,3.9,2020-03-24,在售
687,罗技 游戏主机 青春版(白色),电子产品,游戏主机,罗技,3725.57,1450.22,266,0,2.9,2024-05-25,在售
688,九阳 晾衣架 Plus,家居生活,晾衣架,九阳,95.36,63.27,430,30,4.0,2022-12-09,在售
689,樊登读书 科幻小说 旗舰版,图书文娱,科幻小说,樊登读书,13.08,4.01,4588,198,4.0,2025-04-19,在售
690,花王 辅食机 Pro,母婴用品,辅食机,花王,371.35,202.86,4089,7,5.0,2021-08-31,在售
691,森马 泳衣 Plus(灰色),服装鞋帽,泳衣,森马,65.26,42.87,3779,48,3.8,2024-10-15,在售
692,英氏 积木玩具 Plus(白色),母婴用品,积木玩具,英氏,215.62,123.5,2260,33,4.0,2020-04-06,在售
693,贝亲 积木玩具 限定版,母婴用品,积木玩具,贝亲,369.87,196.74,2076,17,3.7,2023-05-22,在售
694,香奈儿 美容仪 Pro(白色),美妆个护,美容仪,香奈儿,973.77,314.03,4802,9,3.6,2023-07-28,在售
695,启赋 爬行垫 限定版,母婴用品,爬行垫,启赋,486.12,163.27,1150,6,5.0,2020-05-03,在售
696,匡威 太阳镜 经典款(红色),服装鞋帽,太阳镜,匡威,351.53,102.38,3895,5,4.4,2021-02-18,在售
697,樊登读书 经管书籍 Pro(银色),图书文娱,经管书籍,樊登读书,29.41,15.55,1259,138,3.8,2019-03-07,在售
698,老板电器 抱枕 青春版(银色),家居生活,抱枕,老板电器,133.12,95.61,1925,13,5.0,2021-04-11,在售
699,索尼 路由器 限定版(银色),电子产品,路由器,索尼,709.25,235.16,3340,10,5.0,2025-06-04,在售
700,索尼 投影仪 标准版(金色),电子产品,投影仪,索尼,4017.21,1404.74,323,5,3.5,2021-05-27,在售
701,奥克斯 空气净化器 Plus,家居生活,空气净化器,奥克斯,1141.68,470.59,2094,4,2.4,2020-03-19,在售
702,资生堂 身体乳 限定版,美妆个护,身体乳,资生堂,31.15,23.08,1479,119,3.5,2022-09-08,在售
703,可优比 纸尿裤 青春版,母婴用品,纸尿裤,可优比,72.73,19.44,1866,59,4.0,2025-01-24,在售
704,张裕 燕窝 Plus,食品饮料,燕窝,张裕,239.18,136.9,3424,15,3.5,2024-11-22,在售
705,佳能 充电宝 经典款,电子产品,充电宝,佳能,118.17,35.98,3559,22,3.0,2024-08-31,在售
706,戴森 加湿器 旗舰版(银色),家居生活,加湿器,戴森,37.54,25.45,2650,100,3.8,2024-07-02,在售
707,安踏 高跟鞋 Plus(红色),服装鞋帽,高跟鞋,安踏,692.09,234.35,4589,5,2.0,2021-01-30,在售
708,飞鹤 游泳圈 限定版(灰色),母婴用品,游泳圈,飞鹤,21.41,7.85,4972,125,4.0,2020-12-20,在售
709,新东方 小说 旗舰版(灰色),图书文娱,小说,新东方,20.77,6.47,3729,123,3.8,2021-09-18,在售
710,vivo 显示器 新款(白色),电子产品,显示器,vivo,3178.99,1765.0,1141,2,4.2,2019-04-10,在售
711,当当 健身器材 标准版,图书文娱,健身器材,当当,184.06,93.54,2220,23,3.7,2021-02-02,在售
712,阿迪达斯 袜子 标准版,服装鞋帽,袜子,阿迪达斯,59.48,33.14,357,68,3.5,2023-07-07,在售
713,三星 耳机 标准版,电子产品,耳机,三星,58.6,40.62,2071,49,3.8,2024-09-18,在售
714,花西子 染发剂 旗舰版(银色),美妆个护,染发剂,花西子,62.8,28.29,134,51,3.8,2022-10-23,在售
715,美的 地毯 青春版,家居生活,地毯,美的,1066.89,572.42,570,3,3.0,2021-04-22,在售
716,戴森 晾衣架 旗舰版,家居生活,晾衣架,戴森,24.19,10.82,3138,120,3.9,2024-08-13,在售
717,惠氏 婴儿奶粉 新款,母婴用品,婴儿奶粉,惠氏,975.05,342.3,3085,4,4.4,2021-10-23,在售
718,农夫山泉 饮料 升级版,食品饮料,饮料,农夫山泉,6.51,1.8,456,435,3.8,2020-01-11,下架
719,英氏 纸尿裤 标准版(金色),母婴用品,纸尿裤,英氏,120.44,50.38,3855,32,3.0,2021-04-21,在售
720,英氏 游泳圈 Plus(蓝色),母婴用品,游泳圈,英氏,49.37,15.29,3780,61,3.3,2025-01-18,在售
721,格力 餐桌 升级版(黑色),家居生活,餐桌,格力,271.04,202.76,3770,19,4.5,2019-10-21,缺货
722,MAC 口红 经典款(粉色),美妆个护,口红,MAC,242.84,146.22,2398,25,4.8,2023-01-26,在售
723,戴森 加湿器 Pro,家居生活,加湿器,戴森,357.73,109.85,3220,9,4.7,2023-11-18,在售
724,太平鸟 运动外套,服装鞋帽,运动外套,太平鸟,126.33,86.91,4519,34,3.2,2021-10-24,在售
725,联想 路由器 Pro,电子产品,路由器,联想,125.29,79.74,471,33,4.6,2024-02-08,在售
726,海澜之家 衬衫 Pro(红色),服装鞋帽,衬衫,海澜之家,66.94,46.02,4587,51,3.5,2023-12-15,在售
727,当当 书法字帖 青春版(金色),图书文娱,书法字帖,当当,80.25,51.95,2315,57,5.0,2022-08-19,在售
728,森马 汉服 升级版,服装鞋帽,汉服,森马,162.68,41.27,488,33,2.5,2020-02-15,在售
729,迪奥 身体乳,美妆个护,身体乳,迪奥,138.43,43.34,4543,35,5.0,2024-07-08,缺货
730,戴尔 显示器 标准版,电子产品,显示器,戴尔,1003.01,681.66,178,0,3.6,2020-08-08,在售
731,新东方 漫画 新款,图书文娱,漫画,新东方,6.34,3.41,4350,401,4.2,2021-01-07,下架
732,佳能 智能家居设备 旗舰版,电子产品,智能家居设备,佳能,1956.17,1207.25,3494,0,4.8,2020-01-24,在售
733,飞鹤 婴儿推车 经典款,母婴用品,婴儿推车,飞鹤,2446.15,965.45,4448,0,3.8,2019-04-04,在售
734,人民文学 书法字帖 旗舰版,图书文娱,书法字帖,人民文学,21.28,6.47,13,156,3.7,2023-04-18,在售
735,BOSE 移动硬盘 旗舰版(粉色),电子产品,移动硬盘,BOSE,238.87,113.68,3756,14,3.0,2025-02-17,在售
736,膳魔师 洗碗机,家居生活,洗碗机,膳魔师,1355.15,663.9,880,0,3.9,2023-08-10,在售
737,华为 充电宝 限定版(粉色),电子产品,充电宝,华为,84.87,56.32,2896,40,3.5,2023-10-12,下架
738,花西子 卸妆水 Pro(银色),美妆个护,卸妆水,花西子,228.75,152.68,3440,11,3.3,2024-02-13,在售
739,机械工业 乐器 限定版,图书文娱,乐器,机械工业,223.5,138.17,191,13,4.2,2023-01-16,在售
740,电子工业 篮球 新款(金色),图书文娱,篮球,电子工业,98.71,62.79,2532,32,3.5,2020-10-19,在售
741,茅台 燕窝 升级版(金色),食品饮料,燕窝,茅台,322.7,86.99,441,12,5.0,2022-01-07,在售
742,资生堂 定妆喷雾 旗舰版,美妆个护,定妆喷雾,资生堂,78.14,57.89,3863,61,2.8,2022-08-22,在售
743,飞鹤 辅食机 升级版(蓝色),母婴用品,辅食机,飞鹤,539.11,139.82,981,9,2.5,2023-07-26,在售
744,安踏 衬衫 新款,服装鞋帽,衬衫,安踏,124.34,40.37,2137,11,3.7,2024-08-21,在售
745,飞鹤 婴儿沐浴露 旗舰版,母婴用品,婴儿沐浴露,飞鹤,133.35,84.47,1744,21,2.0,2022-08-01,在售
746,匡威 汉服 Plus(蓝色),服装鞋帽,汉服,匡威,373.83,262.65,3961,11,2.5,2019-09-19,在售
747,babycare 婴儿推车 青春版,母婴用品,婴儿推车,babycare,681.19,379.74,2744,3,4.6,2024-11-28,在售
748,尼康 移动硬盘,电子产品,移动硬盘,尼康,789.61,469.77,1470,3,4.8,2020-08-20,在售
749,樊登读书 围棋 新款(灰色),图书文娱,围棋,樊登读书,76.35,26.97,1817,44,5.0,2021-02-01,下架
750,海澜之家 运动外套 标准版(红色),服装鞋帽,运动外套,海澜之家,276.7,150.89,3674,15,3.5,2025-06-18,在售
751,恰恰 食用油 Plus(红色),食品饮料,食用油,恰恰,93.48,32.89,98,44,3.0,2024-09-10,在售
752,玉兰油 染发剂 经典款,美妆个护,染发剂,玉兰油,69.76,32.79,4994,44,3.8,2024-11-06,在售
753,中信出版 小说 青春版,图书文娱,小说,中信出版,50.68,14.79,672,76,4.4,2024-05-26,在售
754,新东方 钢笔 新款,图书文娱,钢笔,新东方,852.13,570.92,4102,14,4.3,2020-12-11,在售
755,三星 内存卡 Plus,电子产品,内存卡,三星,90.61,24.59,133,25,4.5,2020-06-30,下架
756,兰蔻 沐浴露 经典款,美妆个护,沐浴露,兰蔻,121.82,41.98,336,31,3.0,2020-06-22,在售
757,老板电器 垃圾桶 (粉色),家居生活,垃圾桶,老板电器,26.85,11.39,352,109,3.8,2024-04-11,在售
758,飞鹤 奶瓶 Pro(银色),母婴用品,奶瓶,飞鹤,36.13,21.23,358,102,3.4,2019-01-18,下架
759,自然堂 定妆喷雾 限定版,美妆个护,定妆喷雾,自然堂,169.05,75.7,3705,26,4.1,2024-04-26,在售
760,得到 乐器 旗舰版,图书文娱,乐器,得到,7428.92,5435.33,175,0,3.5,2019-12-16,在售
761,兰蔻 身体乳 Pro,美妆个护,身体乳,兰蔻,285.21,184.47,1186,11,5.0,2025-03-27,缺货
762,特步 泳衣 (白色),服装鞋帽,泳衣,特步,45.0,17.02,3901,86,3.7,2020-01-17,在售
763,华硕 平板电脑 升级版,电子产品,平板电脑,华硕,1650.66,912.65,3909,2,5.0,2021-01-23,在售
764,农夫山泉 蛋白粉 (银色),食品饮料,蛋白粉,农夫山泉,172.96,47.52,1746,22,3.8,2022-02-26,在售
765,迪奥 染发剂 Pro,美妆个护,染发剂,迪奥,213.47,145.87,197,16,3.0,2024-10-21,在售
766,无印良品 晾衣架 (红色),家居生活,晾衣架,无印良品,19.4,7.39,1282,184,4.0,2020-04-28,在售
767,花王 婴儿床 旗舰版,母婴用品,婴儿床,花王,372.78,134.26,3589,6,3.1,2023-02-24,缺货
768,子初 积木玩具 限定版,母婴用品,积木玩具,子初,148.35,108.33,2868,32,4.3,2020-10-01,在售
769,方太 沙发,家居生活,沙发,方太,1176.25,616.07,4227,1,4.0,2023-02-25,在售
770,伊利 调味料 青春版(黑色),食品饮料,调味料,伊利,14.79,6.58,1545,209,3.8,2019-06-21,在售
771,香奈儿 面霜 (蓝色),美妆个护,面霜,香奈儿,174.82,64.86,4831,20,5.0,2024-04-13,在售
772,电子工业 历史书籍,图书文娱,历史书籍,电子工业,103.74,73.96,2096,32,3.5,2019-10-29,在售
773,电子工业 心理学 限定版,图书文娱,心理学,电子工业,16.51,10.75,2986,191,3.4,2021-10-17,在售
774,老板电器 收纳箱 新款(灰色),家居生活,收纳箱,老板电器,34.64,13.65,2041,91,3.5,2023-10-07,在售
775,BOSE 显示器 标准版(银色),电子产品,显示器,BOSE,856.26,520.4,3754,5,4.0,2020-11-08,下架
776,蒙牛 调味料 标准版(灰色),食品饮料,调味料,蒙牛,4.91,2.3,2805,549,3.6,2019-09-29,在售
777,好奇 儿童水杯 限定版(金色),母婴用品,儿童水杯,好奇,19.89,14.46,4453,129,3.4,2020-10-28,在售
778,索尼 移动硬盘 (粉色),电子产品,移动硬盘,索尼,1339.76,444.67,413,6,4.1,2021-06-14,在售
779,MAC 面霜 标准版,美妆个护,面霜,MAC,90.86,62.97,205,32,4.5,2021-05-29,在售
780,老板电器 电风扇 Pro(粉色),家居生活,电风扇,老板电器,897.89,254.22,3365,4,3.8,2020-12-20,在售
781,中信出版 漫画 限定版(粉色),图书文娱,漫画,中信出版,7.68,3.89,2710,338,3.6,2023-07-28,在售
782,可优比 婴儿推车 旗舰版,母婴用品,婴儿推车,可优比,204.37,139.07,1457,15,4.0,2021-07-01,在售
783,玉兰油 精华液 旗舰版,美妆个护,精华液,玉兰油,217.49,97.42,4556,26,5.0,2019-10-23,下架
784,雅诗兰黛 香水 限定版,美妆个护,香水,雅诗兰黛,920.17,585.74,1832,7,3.1,2022-09-12,下架
785,戴尔 耳机 青春版(粉色),电子产品,耳机,戴尔,101.05,32.81,3273,27,4.2,2020-09-01,在售
786,中信出版 考研资料 经典款,图书文娱,考研资料,中信出版,112.77,53.46,3662,32,5.0,2019-04-19,在售
787,戴森 洗碗机 Pro,家居生活,洗碗机,戴森,1946.8,637.11,2767,5,1.9,2022-08-27,在售
788,ZARA 运动外套 限定版(白色),服装鞋帽,运动外套,ZARA,743.11,540.4,1459,3,4.7,2021-03-04,在售
789,老板电器 晾衣架 (黑色),家居生活,晾衣架,老板电器,27.71,9.45,160,130,3.4,2024-09-04,在售
790,苏泊尔 床上四件套 限定版,家居生活,床上四件套,苏泊尔,109.87,79.84,3558,38,3.5,2022-06-23,在售
791,ZARA 内衣 Pro,服装鞋帽,内衣,ZARA,62.01,20.36,1949,60,4.7,2022-07-28,在售
792,波司登 休闲裤 Pro,服装鞋帽,休闲裤,波司登,88.96,45.72,3180,27,4.3,2021-05-17,在售
793,花王 摇铃 升级版(黑色),母婴用品,摇铃,花王,68.2,22.24,3961,55,4.7,2025-01-26,在售
794,爱他美 婴儿推车,母婴用品,婴儿推车,爱他美,497.0,348.92,2603,8,4.0,2023-03-18,在售
795,太平鸟 女装连衣裙 Plus,服装鞋帽,女装连衣裙,太平鸟,507.44,283.8,3831,11,2.0,2020-08-26,在售
796,方太 空气净化器 旗舰版,家居生活,空气净化器,方太,3261.91,1907.72,2283,1,4.3,2022-07-04,在售
797,匡威 袜子 经典款(黑色),服装鞋帽,袜子,匡威,21.44,6.12,320,158,3.9,2019-05-14,缺货
798,优衣库 西装 限定版(黑色),服装鞋帽,西装,优衣库,389.54,202.54,1895,2,3.9,2023-03-07,在售
799,农夫山泉 蜂蜜,食品饮料,蜂蜜,农夫山泉,32.44,20.62,3629,89,3.5,2019-10-19,在售
800,伊利 红酒 新款,食品饮料,红酒,伊利,43.64,31.66,1594,80,3.4,2025-04-23,在售
801,太平鸟 牛仔裤 限定版,服装鞋帽,牛仔裤,太平鸟,201.49,76.66,2925,13,5.0,2020-06-10,在售
802,三只松鼠 牛奶 经典款,食品饮料,牛奶,三只松鼠,18.27,4.78,4639,165,3.8,2022-05-01,缺货
803,美的 雨伞 标准版(蓝色),家居生活,雨伞,美的,195.38,74.06,1308,17,4.0,2024-02-21,在售
804,欧莱雅 面膜 限定版(白色),美妆个护,面膜,欧莱雅,180.06,63.19,281,13,4.0,2019-12-09,在售
805,双立人 晾衣架 限定版,家居生活,晾衣架,双立人,77.94,39.29,2601,46,3.3,2024-10-19,在售
806,中信出版 乐器 经典款(银色),图书文娱,乐器,中信出版,179.68,103.59,4060,24,4.5,2025-05-03,在售
807,佳能 路由器 新款(灰色),电子产品,路由器,佳能,57.99,14.91,4408,65,2.4,2019-01-04,在售
808,花西子 精华液 Pro(金色),美妆个护,精华液,花西子,1051.93,445.1,1525,0,5.0,2025-01-07,在售
809,人民文学 经管书籍 限定版,图书文娱,经管书籍,人民文学,172.73,106.29,4785,25,3.8,2021-03-02,缺货
810,联想 路由器 青春版,电子产品,路由器,联想,87.46,43.41,4693,43,3.8,2019-01-04,下架
811,阿迪达斯 围巾 经典款,服装鞋帽,围巾,阿迪达斯,54.54,29.62,4603,38,4.0,2020-02-28,在售
812,自然堂 沐浴露 新款,美妆个护,沐浴露,自然堂,30.39,9.76,4333,111,4.3,2021-02-04,在售
813,美的 垃圾桶 升级版,家居生活,垃圾桶,美的,21.31,5.93,3716,123,3.5,2022-04-18,在售
814,樊登读书 文具 升级版,图书文娱,文具,樊登读书,1.66,0.44,201,1382,4.0,2022-06-07,在售
815,樊登读书 历史书籍 Pro,图书文娱,历史书籍,樊登读书,49.04,29.61,4292,64,4.0,2023-08-25,在售
816,欧莱雅 沐浴露 新款,美妆个护,沐浴露,欧莱雅,44.54,15.19,1889,63,4.2,2024-05-04,下架
817,babycare 婴儿沐浴露 Pro,母婴用品,婴儿沐浴露,babycare,93.73,35.05,3109,27,2.5,2022-08-03,在售
818,德芙 咖啡 Pro(蓝色),食品饮料,咖啡,德芙,45.67,16.84,4330,54,3.8,2020-02-20,在售
819,新东方 钢笔 限定版(黑色),图书文娱,钢笔,新东方,166.82,65.83,38,23,5.0,2021-07-03,在售
820,五粮液 坚果零食 升级版,食品饮料,坚果零食,五粮液,13.98,8.59,2091,184,3.7,2022-12-23,缺货
821,欧莱雅 香水 Pro,美妆个护,香水,欧莱雅,328.42,157.49,254,7,4.6,2020-06-30,在售
822,德芙 方便面 旗舰版,食品饮料,方便面,德芙,5.45,2.94,1087,452,4.0,2021-07-22,在售
823,戴尔 键盘 Plus(红色),电子产品,键盘,戴尔,746.64,246.93,4059,1,4.6,2020-11-12,在售
824,鸿星尔克 运动鞋 限定版,服装鞋帽,运动鞋,鸿星尔克,127.61,46.72,1621,20,3.5,2021-12-15,在售
825,匡威 泳衣 Plus,服装鞋帽,泳衣,匡威,135.54,78.46,2691,19,5.0,2021-08-13,在售
826,花王 游泳圈 标准版,母婴用品,游泳圈,花王,37.46,15.13,3971,85,4.6,2023-07-30,在售
827,UR 男装T恤 经典款(金色),服装鞋帽,男装T恤,UR,178.48,61.62,2331,9,4.0,2021-01-09,在售
828,波司登 运动鞋 Plus,服装鞋帽,运动鞋,波司登,423.22,186.43,1618,10,5.0,2023-10-24,在售
829,百雀羚 化妆刷 升级版,美妆个护,化妆刷,百雀羚,14.85,8.89,1789,205,3.6,2024-07-24,在售
830,美的 地毯 经典款(金色),家居生活,地毯,美的,950.7,519.83,794,9,4.6,2024-09-01,下架
831,电子工业 围棋 Pro,图书文娱,围棋,电子工业,200.15,105.6,3639,20,5.0,2019-11-23,在售
832,京东图书 心理学 标准版,图书文娱,心理学,京东图书,20.27,5.57,842,180,4.2,2022-03-19,在售
833,网易严选 加湿器 Pro,家居生活,加湿器,网易严选,358.62,243.68,3703,18,5.0,2024-06-09,在售
834,波司登 汉服 旗舰版,服装鞋帽,汉服,波司登,804.12,242.79,3528,5,4.9,2019-02-07,在售
835,五粮液 燕窝 升级版,食品饮料,燕窝,五粮液,672.76,504.47,3358,8,4.1,2024-01-10,在售
836,启赋 温奶器 青春版(黑色),母婴用品,温奶器,启赋,162.35,88.03,832,25,4.7,2022-07-25,在售
837,宜家 抱枕 限定版,家居生活,抱枕,宜家,12.22,7.7,385,251,3.7,2019-09-11,在售
838,帮宝适 游泳圈 Pro,母婴用品,游泳圈,帮宝适,144.07,49.22,1086,28,4.3,2025-04-29,在售
839,安踏 围巾 旗舰版,服装鞋帽,围巾,安踏,46.5,13.89,588,78,4.7,2023-04-06,在售
840,雅诗兰黛 洗面奶 新款,美妆个护,洗面奶,雅诗兰黛,92.33,37.42,2842,33,4.0,2024-01-08,在售
841,花西子 护手霜 Plus,美妆个护,护手霜,花西子,63.58,33.85,235,44,4.2,2022-03-04,在售
842,戴森 沙发 青春版(白色),家居生活,沙发,戴森,3069.54,1705.24,2959,2,4.5,2020-08-03,下架
843,匡威 衬衫 升级版,服装鞋帽,衬衫,匡威,99.65,26.22,1923,31,4.2,2024-03-07,缺货
844,伊利 糖果 青春版(银色),食品饮料,糖果,伊利,7.96,3.35,155,324,3.9,2022-03-16,在售
845,当当 乐器 新款(白色),图书文娱,乐器,当当,4148.34,2983.68,1701,1,2.4,2020-08-23,在售
846,李宁 女装连衣裙 旗舰版,服装鞋帽,女装连衣裙,李宁,62.4,22.99,156,36,3.7,2019-01-09,在售
847,五粮液 蛋白粉 旗舰版,食品饮料,蛋白粉,五粮液,160.17,64.6,210,20,3.0,2020-11-13,在售
848,百草味 食用油 旗舰版,食品饮料,食用油,百草味,41.11,30.48,2377,74,3.6,2019-08-23,缺货
849,森马 泳衣 Plus,服装鞋帽,泳衣,森马,398.68,229.92,4928,17,4.7,2022-09-24,在售
850,得到 瑜伽垫 升级版(灰色),图书文娱,瑜伽垫,得到,36.6,20.83,4871,89,3.8,2022-07-18,在售
851,SK-II 眼影盘 旗舰版,美妆个护,眼影盘,SK-II,611.07,434.11,112,2,3.6,2020-09-03,在售
852,电子工业 英语教材 升级版(红色),图书文娱,英语教材,电子工业,22.23,12.75,348,157,3.9,2020-08-16,在售
853,来伊份 燕窝 Pro,食品饮料,燕窝,来伊份,336.7,148.03,1984,29,3.0,2022-04-29,在售
854,李宁 泳衣 新款(红色),服装鞋帽,泳衣,李宁,152.0,47.68,3689,30,3.7,2021-02-28,在售
855,中信出版 编程书籍,图书文娱,编程书籍,中信出版,275.06,142.26,1032,10,4.0,2021-10-04,在售
856,美的 灯具 标准版,家居生活,灯具,美的,61.62,23.15,3797,62,3.4,2023-05-16,下架
857,农夫山泉 坚果零食 (粉色),食品饮料,坚果零食,农夫山泉,87.81,40.39,1992,43,4.0,2025-03-31,在售
858,雷蛇 内存卡 (白色),电子产品,内存卡,雷蛇,61.76,21.6,201,62,3.8,2022-10-21,在售
859,佳能 数据线 Pro(银色),电子产品,数据线,佳能,10.21,4.02,2253,240,3.6,2022-11-09,在售
860,费列罗 红酒 限定版(粉色),食品饮料,红酒,费列罗,69.15,50.67,1739,42,3.3,2022-05-11,在售
861,当当 篮球 青春版,图书文娱,篮球,当当,61.4,35.11,3668,58,2.3,2020-05-15,下架
862,雪花秀 洗面奶 新款(白色),美妆个护,洗面奶,雪花秀,97.56,68.63,239,30,3.0,2024-07-11,在售
863,茅台 坚果零食 Pro,食品饮料,坚果零食,茅台,75.45,21.05,118,52,3.7,2023-03-30,在售
864,联想 键盘 (粉色),电子产品,键盘,联想,42.71,15.92,2360,85,4.2,2025-01-06,在售
865,李宁 羽绒服 升级版,服装鞋帽,羽绒服,李宁,799.62,222.78,1396,7,5.0,2022-08-03,在售
866,优衣库 卫衣,服装鞋帽,卫衣,优衣库,488.65,300.01,3513,2,3.8,2023-06-06,在售
867,欧莱雅 护手霜 Pro,美妆个护,护手霜,欧莱雅,142.88,40.18,2451,25,4.0,2019-11-26,在售
868,罗技 游戏主机 标准版(白色),电子产品,游戏主机,罗技,3105.62,1041.59,851,12,4.2,2023-12-21,下架
869,无印良品 灯具 限定版,家居生活,灯具,无印良品,811.52,349.9,4603,9,2.0,2022-10-12,在售
870,雪花秀 化妆刷 经典款(红色),美妆个护,化妆刷,雪花秀,112.75,80.88,3700,36,2.9,2023-09-14,在售
871,匡威 女装连衣裙 限定版(灰色),服装鞋帽,女装连衣裙,匡威,308.59,173.54,2290,15,2.5,2021-11-23,在售
872,海澜之家 内衣 旗舰版(黑色),服装鞋帽,内衣,海澜之家,191.46,120.1,3443,17,4.0,2023-07-11,在售
873,网易严选 加湿器 经典款(蓝色),家居生活,加湿器,网易严选,110.53,34.71,2767,34,3.5,2020-01-11,在售
874,UR 卫衣 Plus,服装鞋帽,卫衣,UR,298.83,95.43,658,13,5.0,2024-05-19,在售
875,苏泊尔 抱枕 升级版(粉色),家居生活,抱枕,苏泊尔,97.82,49.2,67,35,5.0,2024-06-20,在售
876,京东图书 瑜伽垫,图书文娱,瑜伽垫,京东图书,152.48,50.96,125,31,5.0,2019-10-30,下架
877,恰恰 饮料 新款(金色),食品饮料,饮料,恰恰,9.58,3.04,4475,289,4.0,2020-05-19,下架
878,雀巢 薯片 限定版,食品饮料,薯片,雀巢,20.0,10.9,4569,164,4.5,2023-04-26,在售
879,方太 加湿器 标准版,家居生活,加湿器,方太,68.93,24.22,3873,33,4.0,2019-12-10,在售
880,美的 垃圾桶 Pro(蓝色),家居生活,垃圾桶,美的,9.85,6.4,20,315,3.7,2019-02-03,在售
881,百雀羚 洗面奶 青春版,美妆个护,洗面奶,百雀羚,20.67,7.43,3176,144,3.8,2024-09-25,在售
882,BOSE 平板电脑 Pro,电子产品,平板电脑,BOSE,6345.48,1618.4,1123,0,4.2,2020-06-15,缺货
883,罗技 鼠标 青春版(金色),电子产品,鼠标,罗技,22.96,15.5,3820,133,3.6,2021-05-10,在售
884,帮宝适 儿童牙刷 Plus,母婴用品,儿童牙刷,帮宝适,8.63,5.01,82,327,3.8,2022-07-19,在售
885,联想 平板电脑 限定版,电子产品,平板电脑,联想,1757.86,709.13,532,0,4.1,2022-12-28,在售
886,格力 微波炉 升级版,家居生活,微波炉,格力,263.56,154.07,216,8,4.0,2023-06-30,下架
887,美赞臣 游泳圈 升级版,母婴用品,游泳圈,美赞臣,36.55,25.18,2734,93,3.7,2021-08-03,在售
888,老板电器 餐桌 青春版,家居生活,餐桌,老板电器,1050.87,452.79,1691,3,2.0,2020-11-22,在售
889,恰恰 方便面 旗舰版,食品饮料,方便面,恰恰,6.75,4.11,269,442,3.6,2023-01-02,在售
890,好孩子 婴儿奶粉 新款,母婴用品,婴儿奶粉,好孩子,622.7,233.4,4393,0,3.8,2022-07-10,在售
891,戴尔 平板电脑 限定版,电子产品,平板电脑,戴尔,3689.14,2688.36,3969,4,4.0,2019-08-11,在售
892,宜家 灯具 Pro(灰色),家居生活,灯具,宜家,75.78,54.73,2845,36,3.8,2025-03-30,下架
893,MAC 防晒霜 Plus,美妆个护,防晒霜,MAC,74.91,54.56,285,35,3.6,2020-05-20,在售
894,茅台 蜂蜜 新款(红色),食品饮料,蜂蜜,茅台,72.7,51.92,479,55,4.4,2021-04-03,在售
895,知乎 拼图,图书文娱,拼图,知乎,181.26,104.71,3961,29,3.2,2023-12-19,缺货
896,机械工业 笔记本 标准版,图书文娱,笔记本,机械工业,37.31,16.46,2429,93,3.3,2020-06-11,下架
897,伊利 红酒 Pro,食品饮料,红酒,伊利,359.13,203.27,170,13,3.0,2025-04-28,在售
898,双立人 雨伞 Plus,家居生活,雨伞,双立人,189.95,77.27,4747,20,4.0,2019-04-27,下架
899,美的 垃圾桶 新款(灰色),家居生活,垃圾桶,美的,65.68,45.56,1361,47,4.3,2021-01-19,在售
900,宜家 床上四件套 青春版(红色),家居生活,床上四件套,宜家,634.41,209.49,284,9,5.0,2024-08-10,在售
901,启赋 婴儿床 新款,母婴用品,婴儿床,启赋,1184.83,553.88,4152,7,5.0,2019-01-02,缺货
902,新东方 瑜伽垫 升级版,图书文娱,瑜伽垫,新东方,113.79,33.25,155,28,4.0,2023-01-23,在售
903,vivo 鼠标 经典款(金色),电子产品,鼠标,vivo,114.92,65.96,4404,25,4.0,2019-03-11,在售
904,得到 围棋 经典款,图书文娱,围棋,得到,275.94,83.19,920,15,5.0,2019-07-13,在售
905,李宁 泳衣 旗舰版,服装鞋帽,泳衣,李宁,53.36,32.36,223,47,4.3,2023-10-04,下架
906,海尔 收纳箱 新款(灰色),家居生活,收纳箱,海尔,126.4,74.79,2699,20,3.5,2019-01-06,在售
907,联想 键盘 限定版,电子产品,键盘,联想,328.62,206.94,1135,13,3.0,2022-11-09,在售
908,宜家 晾衣架 标准版(蓝色),家居生活,晾衣架,宜家,9.62,2.81,3608,319,4.0,2022-05-20,在售
909,张裕 保健品 Pro,食品饮料,保健品,张裕,47.15,19.42,809,80,3.8,2020-06-27,在售
910,膳魔师 床上四件套 Plus,家居生活,床上四件套,膳魔师,332.28,188.78,2294,25,4.5,2022-03-14,在售
911,爱他美 儿童水杯 (蓝色),母婴用品,儿童水杯,爱他美,40.86,11.42,523,64,4.5,2019-02-18,缺货
912,雅诗兰黛 染发剂 新款,美妆个护,染发剂,雅诗兰黛,151.07,109.06,419,20,4.3,2019-05-21,在售
913,当当 钢笔 标准版,图书文娱,钢笔,当当,83.17,47.67,131,41,2.8,2021-05-26,在售
914,BOSE 充电宝 新款(蓝色),电子产品,充电宝,BOSE,52.75,25.33,4578,43,4.0,2019-02-07,缺货
915,OPPO 手机 标准版,电子产品,手机,OPPO,1912.42,582.11,55,0,4.1,2020-09-02,在售
916,UR 西装 旗舰版,服装鞋帽,西装,UR,514.94,285.08,4465,7,3.1,2019-10-31,在售
917,vivo 键盘 升级版,电子产品,键盘,vivo,75.41,44.3,3335,33,3.0,2019-06-17,下架
918,太平鸟 女装连衣裙 青春版(蓝色),服装鞋帽,女装连衣裙,太平鸟,257.67,145.1,3225,7,1.0,2023-10-02,在售
919,电子工业 儿童绘本 Pro(灰色),图书文娱,儿童绘本,电子工业,74.93,36.38,4615,60,3.4,2022-04-21,在售
920,机械工业 文具 标准版(黑色),图书文娱,文具,机械工业,4.44,2.82,4742,560,4.1,2022-06-30,在售
921,耐克 卫衣 升级版,服装鞋帽,卫衣,耐克,130.4,50.37,3943,33,4.3,2024-08-11,在售
922,五粮液 咖啡 升级版,食品饮料,咖啡,五粮液,234.54,66.77,943,21,5.0,2020-05-26,缺货
923,奥克斯 垃圾桶 Pro(粉色),家居生活,垃圾桶,奥克斯,67.15,23.19,4130,46,4.2,2022-01-18,缺货
924,格力 电风扇 Plus,家居生活,电风扇,格力,394.9,122.95,4362,17,5.0,2019-04-04,在售
925,ZARA 运动外套 经典款(金色),服装鞋帽,运动外套,ZARA,322.22,178.35,2646,8,5.0,2021-06-02,下架
926,樊登读书 钢笔 经典款(黑色),图书文娱,钢笔,樊登读书,46.59,30.2,4705,66,4.0,2023-01-05,在售
927,联想 打印机 旗舰版(金色),电子产品,打印机,联想,860.74,468.93,3200,12,3.0,2022-08-29,在售
928,当当 篮球 升级版,图书文娱,篮球,当当,72.93,44.55,4467,57,3.8,2019-03-06,在售
929,SK-II 洗面奶 升级版(红色),美妆个护,洗面奶,SK-II,57.3,23.15,4328,66,3.9,2022-12-06,下架
930,子初 婴儿奶粉 Plus(银色),母婴用品,婴儿奶粉,子初,117.51,65.62,440,39,4.7,2023-06-18,缺货
931,九阳 垃圾桶 旗舰版,家居生活,垃圾桶,九阳,93.07,60.42,109,31,4.6,2023-03-29,在售
932,爱他美 爬行垫 限定版(白色),母婴用品,爬行垫,爱他美,67.31,29.69,1215,52,2.8,2023-11-04,在售
933,知乎 编程书籍 升级版,图书文娱,编程书籍,知乎,46.59,15.81,2793,81,3.9,2023-04-25,下架
934,海尔 地毯,家居生活,地毯,海尔,86.57,29.05,4673,40,3.5,2020-08-25,在售
935,戴森 晾衣架 经典款(蓝色),家居生活,晾衣架,戴森,61.14,39.78,1902,54,2.7,2024-08-22,在售
936,网易严选 抱枕 新款(蓝色),家居生活,抱枕,网易严选,101.45,31.35,2277,28,4.5,2025-03-01,缺货
937,ZARA 围巾 标准版,服装鞋帽,围巾,ZARA,123.25,59.81,2188,32,4.5,2021-07-24,在售
938,美赞臣 早教机 限定版(红色),母婴用品,早教机,美赞臣,297.15,159.29,299,17,3.0,2020-03-26,在售
939,好奇 奶瓶 升级版,母婴用品,奶瓶,好奇,35.11,24.38,4920,96,3.5,2023-05-03,在售
940,百草味 肉干 旗舰版(灰色),食品饮料,肉干,百草味,26.76,10.53,1023,122,3.9,2021-09-09,在售
941,三只松鼠 进口饼干 限定版(粉色),食品饮料,进口饼干,三只松鼠,77.57,23.52,87,57,4.0,2020-04-23,在售
942,安踏 内衣 旗舰版,服装鞋帽,内衣,安踏,17.09,4.62,1714,199,3.7,2020-10-07,在售
943,中信出版 经管书籍 Plus,图书文娱,经管书籍,中信出版,124.98,42.17,2772,26,4.0,2022-09-16,缺货
944,爱他美 婴儿奶粉 Plus(红色),母婴用品,婴儿奶粉,爱他美,116.01,51.67,3933,38,3.2,2025-05-29,在售
945,玉兰油 美容仪 经典款,美妆个护,美容仪,玉兰油,2092.58,682.06,2172,5,3.5,2023-09-07,在售
946,好奇 婴儿湿巾 限定版(白色),母婴用品,婴儿湿巾,好奇,30.23,12.31,2521,89,4.4,2022-12-17,在售
947,良品铺子 蜂蜜 (蓝色),食品饮料,蜂蜜,良品铺子,87.61,44.69,880,42,4.5,2020-10-07,在售
948,UR 高跟鞋 经典款(灰色),服装鞋帽,高跟鞋,UR,331.43,171.09,863,9,3.0,2020-10-19,在售
949,方太 窗帘 升级版,家居生活,窗帘,方太,180.78,122.12,2391,18,4.0,2021-08-18,下架
950,双立人 雨伞 升级版,家居生活,雨伞,双立人,38.34,17.46,1186,62,4.2,2022-05-18,在售
951,双立人 电饭煲 旗舰版(白色),家居生活,电饭煲,双立人,657.43,443.28,3597,4,3.2,2023-03-27,在售
952,三星 打印机,电子产品,打印机,三星,2508.13,1207.07,68,2,3.5,2025-02-22,在售
953,得到 钢笔 升级版,图书文娱,钢笔,得到,39.97,23.75,1085,82,4.3,2024-09-02,在售
954,费列罗 蜂蜜 旗舰版(粉色),食品饮料,蜂蜜,费列罗,74.12,19.96,322,51,3.4,2021-03-13,在售
955,波司登 袜子 青春版,服装鞋帽,袜子,波司登,63.11,39.31,1878,60,4.3,2022-06-03,在售
956,方太 吸尘器 新款(金色),家居生活,吸尘器,方太,402.19,187.75,337,9,4.0,2019-12-28,在售
957,UR 袜子 限定版,服装鞋帽,袜子,UR,15.93,9.89,4237,170,3.8,2025-04-24,下架
958,启赋 早教机 Plus(金色),母婴用品,早教机,启赋,666.32,310.19,629,13,3.7,2021-10-03,在售
959,机械工业 钢笔 限定版,图书文娱,钢笔,机械工业,197.56,135.33,3800,16,4.7,2024-05-23,在售
960,京东图书 围棋 新款(银色),图书文娱,围棋,京东图书,241.97,172.28,4629,19,4.0,2024-01-01,在售
961,特步 运动外套 升级版,服装鞋帽,运动外套,特步,214.74,126.69,2540,13,4.9,2019-04-26,在售
962,雅诗兰黛 口红,美妆个护,口红,雅诗兰黛,173.08,76.65,624,29,4.3,2024-11-24,在售
963,BOSE 智能家居设备 Plus(红色),电子产品,智能家居设备,BOSE,340.71,95.41,2746,8,4.0,2020-07-24,在售
964,格力 垃圾桶 Pro(银色),家居生活,垃圾桶,格力,98.98,26.15,2901,38,3.8,2019-06-10,在售
965,机械工业 英语教材 升级版,图书文娱,英语教材,机械工业,73.16,53.46,4622,41,3.0,2025-02-07,在售
966,鸿星尔克 女装连衣裙 经典款,服装鞋帽,女装连衣裙,鸿星尔克,83.98,21.14,110,43,4.2,2020-09-06,在售
967,新东方 围棋 Pro,图书文娱,围棋,新东方,65.86,45.76,3916,53,4.8,2019-10-14,在售
968,好奇 儿童牙刷 Plus,母婴用品,儿童牙刷,好奇,9.91,3.23,112,300,3.9,2020-06-14,在售
969,恰恰 大米 旗舰版(金色),食品饮料,大米,恰恰,30.02,18.83,2513,102,4.0,2019-10-08,在售
970,爱仕达 吸尘器 新款,家居生活,吸尘器,爱仕达,704.49,265.34,4621,3,2.5,2023-07-01,在售
971,完美日记 染发剂 限定版,美妆个护,染发剂,完美日记,16.55,9.49,46,177,3.7,2020-12-03,在售
972,京东图书 拼图 Plus(白色),图书文娱,拼图,京东图书,61.29,43.76,2841,45,3.0,2020-07-18,在售
973,完美日记 化妆刷 升级版,美妆个护,化妆刷,完美日记,47.62,23.86,580,50,3.7,2023-04-22,下架
974,苹果 打印机 新款(粉色),电子产品,打印机,苹果,1386.26,873.91,260,3,4.5,2022-11-11,在售
975,完美日记 粉底液 新款,美妆个护,粉底液,完美日记,212.42,154.45,2979,12,4.3,2023-09-11,下架
976,九阳 微波炉 标准版,家居生活,微波炉,九阳,869.87,576.43,2230,7,4.7,2021-12-17,在售
977,得到 篮球 青春版,图书文娱,篮球,得到,181.51,92.23,4244,31,5.0,2022-06-11,在售
978,苏泊尔 电风扇 青春版,家居生活,电风扇,苏泊尔,726.47,420.21,3013,5,4.0,2024-06-30,在售
979,九阳 保温杯 青春版,家居生活,保温杯,九阳,29.3,17.17,2810,129,3.4,2019-05-11,在售
980,星巴克 坚果零食 旗舰版(白色),食品饮料,坚果零食,星巴克,26.88,13.64,38,100,3.7,2025-04-21,在售
981,双立人 晾衣架 限定版,家居生活,晾衣架,双立人,12.09,4.69,2685,242,4.0,2025-06-18,在售
982,伊利 糖果 Pro(蓝色),食品饮料,糖果,伊利,42.35,25.76,3249,86,3.7,2024-09-02,在售
983,费列罗 肉干 新款,食品饮料,肉干,费列罗,20.47,12.21,1264,149,3.7,2024-07-06,在售
984,电子工业 围棋 Plus,图书文娱,围棋,电子工业,130.48,58.38,632,27,5.0,2024-02-04,在售
985,资生堂 化妆刷 升级版,美妆个护,化妆刷,资生堂,29.66,16.08,1870,116,3.8,2025-01-07,缺货
986,中信出版 围棋 新款(黑色),图书文娱,围棋,中信出版,25.05,11.63,2342,121,4.2,2024-03-11,在售
987,欧莱雅 洗面奶 旗舰版(灰色),美妆个护,洗面奶,欧莱雅,87.4,31.59,57,69,3.9,2024-01-20,下架
988,良品铺子 糖果 旗舰版(金色),食品饮料,糖果,良品铺子,17.31,11.66,3608,176,3.6,2020-12-03,在售
989,华硕 数据线 旗舰版,电子产品,数据线,华硕,48.31,13.06,4370,100,3.4,2019-05-03,在售
990,奥克斯 沙发 升级版,家居生活,沙发,奥克斯,944.91,253.66,1358,8,4.5,2019-10-01,在售
991,雷蛇 耳机 Plus,电子产品,耳机,雷蛇,938.44,676.55,2541,2,4.0,2019-06-17,在售
992,良品铺子 燕窝,食品饮料,燕窝,良品铺子,285.29,110.83,4261,12,3.6,2022-06-19,在售
993,森马 袜子 Pro,服装鞋帽,袜子,森马,23.15,7.42,116,128,3.7,2023-07-19,在售
994,佳能 移动硬盘 旗舰版(灰色),电子产品,移动硬盘,佳能,346.61,96.85,2822,10,4.0,2020-01-05,在售
995,全棉时代 积木玩具 青春版,母婴用品,积木玩具,全棉时代,213.26,122.61,2390,28,3.0,2019-09-30,在售
996,星巴克 调味料 Pro(金色),食品饮料,调味料,星巴克,47.64,28.65,1601,69,4.0,2024-05-09,在售
997,伊利 方便面 经典款(粉色),食品饮料,方便面,伊利,6.83,3.29,3955,459,3.8,2023-01-11,在售
998,太平鸟 围巾 升级版(灰色),服装鞋帽,围巾,太平鸟,30.74,21.82,288,91,3.7,2024-12-10,在售
999,特步 泳衣 (红色),服装鞋帽,泳衣,特步,103.25,69.69,222,31,4.0,2025-04-19,在售
1000,贝亲 游泳圈 标准版(银色),母婴用品,游泳圈,贝亲,42.49,13.29,875,89,4.2,2019-01-25,在售
1001,尼康 内存卡 限定版,电子产品,内存卡,尼康,121.09,46.06,4410,37,2.5,2023-02-10,缺货
1002,花王 儿童水杯 标准版,母婴用品,儿童水杯,花王,105.09,40.62,4545,35,5.0,2020-05-05,在售
1003,樊登读书 篮球 经典款,图书文娱,篮球,樊登读书,444.66,328.58,1290,5,4.3,2020-07-05,下架
1004,得到 拼图 限定版(灰色),图书文娱,拼图,得到,10.47,6.57,4235,248,3.7,2020-12-21,在售
1005,京东图书 钢笔 青春版,图书文娱,钢笔,京东图书,106.96,51.52,2036,43,3.2,2019-02-13,在售
1006,九阳 床上四件套 限定版,家居生活,床上四件套,九阳,729.5,498.01,405,4,3.8,2022-12-26,在售
1007,百雀羚 口红 旗舰版(黑色),美妆个护,口红,百雀羚,283.94,207.08,794,13,4.7,2024-07-24,在售
1008,格力 沙发 旗舰版,家居生活,沙发,格力,5004.24,2956.25,246,2,4.3,2023-07-07,在售
1009,美的 灯具 新款,家居生活,灯具,美的,769.54,567.5,584,0,4.4,2025-06-03,在售
1010,耐克 男装T恤 升级版,服装鞋帽,男装T恤,耐克,53.7,18.92,2924,83,4.1,2021-09-28,在售
1011,资生堂 洗面奶 Pro(黑色),美妆个护,洗面奶,资生堂,277.83,142.43,243,18,4.9,2022-03-08,在售
1012,机械工业 围棋 标准版(蓝色),图书文娱,围棋,机械工业,99.05,64.21,1976,24,5.0,2025-05-20,在售
1013,特步 睡衣 旗舰版(黑色),服装鞋帽,睡衣,特步,108.97,34.45,4264,24,3.7,2023-04-05,在售
1014,茅台 糖果 青春版(银色),食品饮料,糖果,茅台,31.7,23.41,121,95,3.4,2022-02-25,在售
1015,尼康 笔记本电脑 升级版(蓝色),电子产品,笔记本电脑,尼康,3394.75,1203.64,391,2,4.0,2023-04-18,在售
1016,网易严选 沙发 旗舰版,家居生活,沙发,网易严选,4565.96,2897.05,681,1,3.4,2020-11-06,在售
1017,好孩子 奶瓶 旗舰版(黑色),母婴用品,奶瓶,好孩子,46.66,20.71,2503,65,4.1,2024-06-02,在售
1018,戴尔 平板电脑 经典款(粉色),电子产品,平板电脑,戴尔,1627.78,1199.51,151,2,4.0,2023-09-05,在售
1019,费列罗 食用油 青春版,食品饮料,食用油,费列罗,140.04,71.31,346,21,4.3,2022-01-11,在售
1020,玉兰油 护手霜,美妆个护,护手霜,玉兰油,46.64,18.08,1374,85,3.9,2021-04-05,在售
1021,罗技 数据线 旗舰版(红色),电子产品,数据线,罗技,56.07,30.99,2320,60,4.1,2020-06-30,缺货
1022,爱他美 童装 旗舰版(白色),母婴用品,童装,爱他美,300.69,211.98,72,15,4.0,2023-06-11,在售
1023,华为 鼠标 Plus,电子产品,鼠标,华为,301.03,142.3,755,13,4.3,2019-08-23,在售
1024,戴尔 耳机 青春版,电子产品,耳机,戴尔,1980.91,769.71,2056,1,4.0,2020-06-29,在售
1025,联想 手机 经典款(灰色),电子产品,手机,联想,1412.22,584.16,4886,1,5.0,2024-12-23,下架
1026,花王 游泳圈 Pro,母婴用品,游泳圈,花王,83.79,52.94,3116,41,4.2,2024-11-06,在售
1027,迪奥 防晒霜 升级版(白色),美妆个护,防晒霜,迪奥,59.24,15.76,1163,33,5.0,2021-06-23,在售
1028,海尔 保温杯 升级版,家居生活,保温杯,海尔,44.74,30.84,3338,83,2.4,2019-08-05,在售
1029,老板电器 收纳箱 限定版,家居生活,收纳箱,老板电器,11.36,5.51,4768,286,4.1,2020-07-10,在售
1030,伊利 红酒 限定版,食品饮料,红酒,伊利,408.04,264.21,3417,8,2.0,2024-02-28,在售
1031,知乎 小说 青春版(黑色),图书文娱,小说,知乎,24.77,11.18,260,108,3.8,2019-09-04,在售
1032,太平鸟 围巾 Plus(白色),服装鞋帽,围巾,太平鸟,55.38,31.71,4574,53,4.0,2020-05-22,在售
1033,新东方 漫画 (黑色),图书文娱,漫画,新东方,11.4,7.32,1674,272,4.0,2019-05-22,在售
1034,华为 耳机 限定版,电子产品,耳机,华为,558.09,413.0,2555,4,4.7,2022-04-18,在售
1035,爱仕达 垃圾桶 Plus,家居生活,垃圾桶,爱仕达,32.81,13.65,2806,85,4.3,2022-06-12,在售
1036,好孩子 婴儿推车 标准版(灰色),母婴用品,婴儿推车,好孩子,2893.48,1203.08,4449,6,3.2,2020-07-13,在售
1037,德芙 蜂蜜 新款,食品饮料,蜂蜜,德芙,227.41,96.36,3037,20,2.0,2022-06-19,在售
1038,苹果 打印机 旗舰版,电子产品,打印机,苹果,2745.46,1642.16,3334,1,2.8,2022-06-20,在售
1039,子初 摇铃 新款(白色),母婴用品,摇铃,子初,10.07,4.66,2961,299,4.0,2023-09-11,缺货
1040,戴尔 耳机 Plus,电子产品,耳机,戴尔,40.69,25.2,132,80,4.2,2023-12-30,在售
1041,花西子 卸妆水,美妆个护,卸妆水,花西子,23.41,12.35,2221,132,3.6,2024-04-06,在售
1042,机械工业 心理学 旗舰版(银色),图书文娱,心理学,机械工业,22.91,6.69,244,139,4.0,2022-06-16,在售
1043,匡威 羽绒服 Pro,服装鞋帽,羽绒服,匡威,260.31,160.61,84,8,3.6,2022-08-08,在售
1044,兰蔻 口红 经典款,美妆个护,口红,兰蔻,231.53,82.6,214,22,3.3,2020-11-18,下架
1045,贝亲 婴儿床 Pro(红色),母婴用品,婴儿床,贝亲,673.81,439.94,4574,3,4.0,2023-09-02,下架
1046,MAC 染发剂 Pro(灰色),美妆个护,染发剂,MAC,163.05,108.27,155,19,5.0,2020-04-28,在售
1047,玉兰油 化妆刷 Plus,美妆个护,化妆刷,玉兰油,19.01,6.96,276,170,4.1,2023-02-16,在售
1048,花王 爬行垫 Pro,母婴用品,爬行垫,花王,170.95,114.27,2814,20,5.0,2024-08-14,在售
1049,无印良品 电风扇 旗舰版,家居生活,电风扇,无印良品,63.32,23.86,3156,43,4.5,2020-01-31,在售
1050,樊登读书 考研资料,图书文娱,考研资料,樊登读书,221.97,111.98,4148,25,2.5,2020-04-11,在售
1051,可优比 辅食机 新款,母婴用品,辅食机,可优比,678.1,492.33,3132,3,4.0,2021-08-16,在售
1052,玉兰油 染发剂 限定版,美妆个护,染发剂,玉兰油,19.66,9.07,4770,187,4.6,2019-08-20,在售
1053,雅诗兰黛 身体乳,美妆个护,身体乳,雅诗兰黛,96.38,31.84,4950,33,4.5,2023-11-24,在售
1054,飞鹤 纸尿裤 限定版,母婴用品,纸尿裤,飞鹤,68.14,50.15,4519,70,3.5,2023-12-24,在售
1055,爱仕达 空气净化器 限定版,家居生活,空气净化器,爱仕达,1844.52,1299.82,2006,1,5.0,2020-08-08,在售
1056,优衣库 羽绒服 经典款(银色),服装鞋帽,羽绒服,优衣库,247.94,85.49,2338,21,4.5,2024-03-21,在售
1057,花西子 洗面奶 新款,美妆个护,洗面奶,花西子,72.0,53.74,854,40,3.3,2024-08-01,在售
1058,雷蛇 笔记本电脑 升级版(白色),电子产品,笔记本电脑,雷蛇,11017.15,5906.09,768,1,3.6,2023-04-13,在售
1059,爱他美 婴儿湿巾 Plus(粉色),母婴用品,婴儿湿巾,爱他美,21.42,6.87,1522,120,3.5,2024-05-20,在售
1060,华硕 平板电脑 经典款,电子产品,平板电脑,华硕,3645.35,1848.02,2492,3,5.0,2022-12-21,在售
1061,苹果 投影仪 经典款(黑色),电子产品,投影仪,苹果,3975.59,1821.64,3283,0,3.6,2019-04-09,在售
1062,匡威 高跟鞋 标准版,服装鞋帽,高跟鞋,匡威,326.17,147.73,2229,4,2.0,2020-06-12,在售
1063,好孩子 儿童安全座椅 经典款,母婴用品,儿童安全座椅,好孩子,1856.28,569.98,3791,5,4.9,2024-03-25,在售
1064,兰蔻 面膜 旗舰版(白色),美妆个护,面膜,兰蔻,219.17,73.18,408,15,3.5,2022-05-11,下架
1065,完美日记 面膜 限定版,美妆个护,面膜,完美日记,112.19,35.94,4581,28,3.5,2022-04-02,在售
1066,花王 婴儿背带 经典款,母婴用品,婴儿背带,花王,221.77,114.39,289,16,5.0,2020-07-02,在售
1067,德芙 糖果,食品饮料,糖果,德芙,7.37,2.74,429,346,4.4,2025-01-02,在售
1068,得到 小说 经典款(灰色),图书文娱,小说,得到,66.43,18.61,1359,48,3.8,2019-10-14,在售
1069,美的 垃圾桶 标准版(金色),家居生活,垃圾桶,美的,93.73,53.55,2677,35,3.8,2024-07-11,在售
1070,资生堂 定妆喷雾 青春版(红色),美妆个护,定妆喷雾,资生堂,255.76,122.17,181,12,4.0,2020-10-29,在售
1071,飞鹤 婴儿床 升级版(粉色),母婴用品,婴儿床,飞鹤,481.71,170.03,4028,6,3.6,2019-03-06,在售
1072,海尔 灯具 标准版(粉色),家居生活,灯具,海尔,668.34,249.41,3072,6,1.0,2025-01-15,在售
1073,人民文学 考研资料,图书文娱,考研资料,人民文学,36.88,19.9,3475,70,3.8,2024-12-03,在售
1074,蒙牛 大米 标准版,食品饮料,大米,蒙牛,48.75,17.07,3802,58,4.0,2023-08-03,在售
1075,佳能 鼠标 限定版(黑色),电子产品,鼠标,佳能,47.86,24.06,1648,81,3.5,2024-06-18,下架
1076,美的 雨伞 新款(金色),家居生活,雨伞,美的,14.48,9.26,3978,174,4.0,2021-05-08,在售
1077,babycare 温奶器 旗舰版,母婴用品,温奶器,babycare,293.99,218.76,110,16,5.0,2025-05-19,下架
1078,ZARA 运动外套 青春版,服装鞋帽,运动外套,ZARA,334.05,233.33,42,15,3.7,2023-09-21,在售
1079,雪花秀 身体乳 升级版,美妆个护,身体乳,雪花秀,192.57,74.7,457,17,5.0,2023-07-04,在售
1080,好孩子 积木玩具 青春版(白色),母婴用品,积木玩具,好孩子,298.22,203.43,1943,18,4.0,2021-04-28,在售
1081,飞鹤 摇铃 经典款,母婴用品,摇铃,飞鹤,11.59,4.08,93,249,4.1,2020-05-14,在售
1082,贝亲 婴儿床 旗舰版,母婴用品,婴儿床,贝亲,408.99,266.25,1207,7,2.0,2023-08-16,在售
1083,宜家 收纳箱 经典款,家居生活,收纳箱,宜家,141.8,89.45,3603,18,4.0,2019-12-26,在售
1084,中信出版 儿童绘本 旗舰版(黑色),图书文娱,儿童绘本,中信出版,29.87,15.78,314,83,3.6,2021-11-04,在售
1085,倩碧 眼影盘 升级版(粉色),美妆个护,眼影盘,倩碧,129.0,80.66,1525,27,3.0,2024-03-28,在售
1086,爱他美 婴儿湿巾 (红色),母婴用品,婴儿湿巾,爱他美,10.03,5.75,3884,303,4.0,2019-05-27,在售
1087,飞鹤 温奶器 新款(金色),母婴用品,温奶器,飞鹤,79.36,22.01,684,50,4.0,2019-03-09,缺货
1088,恰恰 牛奶 Pro,食品饮料,牛奶,恰恰,23.34,10.51,720,146,3.4,2019-05-23,在售
1089,得到 乐器 Plus(银色),图书文娱,乐器,得到,1428.77,851.6,117,5,3.8,2023-12-12,在售
1090,好奇 婴儿推车 升级版,母婴用品,婴儿推车,好奇,669.4,382.99,4814,8,4.7,2020-08-31,在售
1091,九阳 床上四件套 限定版,家居生活,床上四件套,九阳,292.33,164.98,2359,24,3.8,2024-08-22,在售
1092,启赋 积木玩具 青春版(灰色),母婴用品,积木玩具,启赋,60.7,23.69,4418,72,3.9,2020-12-21,在售
1093,小米 相机 限定版,电子产品,相机,小米,4773.43,2687.93,1762,0,4.1,2024-06-25,在售
1094,格力 床上四件套 Plus(灰色),家居生活,床上四件套,格力,99.09,73.52,2923,47,4.2,2019-02-28,在售
1095,优衣库 内衣 (金色),服装鞋帽,内衣,优衣库,20.86,14.39,2090,154,3.8,2024-08-04,缺货
1096,好奇 儿童牙刷 Pro(蓝色),母婴用品,儿童牙刷,好奇,25.42,13.66,3674,104,3.8,2023-12-10,在售
1097,爱他美 辅食机 旗舰版,母婴用品,辅食机,爱他美,266.91,70.74,4485,17,5.0,2023-05-12,在售
1098,膳魔师 电饭煲 旗舰版,家居生活,电饭煲,膳魔师,1040.58,731.66,2275,2,3.2,2020-11-24,在售
1099,中信出版 钢笔 经典款(蓝色),图书文娱,钢笔,中信出版,187.87,124.01,159,29,3.2,2024-01-06,在售
1100,罗技 打印机 经典款,电子产品,打印机,罗技,2055.64,629.02,2223,6,3.6,2019-09-26,在售
1101,来伊份 红酒 旗舰版,食品饮料,红酒,来伊份,64.97,41.33,45,53,4.2,2019-12-15,在售
1102,来伊份 果冻 旗舰版,食品饮料,果冻,来伊份,3.74,2.59,4517,757,3.9,2020-05-11,在售
1103,百雀羚 化妆刷 升级版,美妆个护,化妆刷,百雀羚,153.47,96.08,1328,27,3.7,2021-12-15,在售
1104,好奇 温奶器 新款,母婴用品,温奶器,好奇,352.99,141.1,254,17,3.0,2019-10-29,在售
1105,兰蔻 精华液 标准版,美妆个护,精华液,兰蔻,161.67,65.05,1841,15,4.8,2021-02-08,在售
1106,全棉时代 辅食机 经典款,母婴用品,辅食机,全棉时代,530.43,352.53,524,7,4.6,2020-08-14,在售
1107,雷蛇 路由器 限定版,电子产品,路由器,雷蛇,159.43,96.56,2496,34,4.0,2021-05-07,缺货
1108,可优比 爬行垫 限定版,母婴用品,爬行垫,可优比,145.54,41.06,1861,26,4.0,2019-07-08,在售
1109,无印良品 餐桌 Pro,家居生活,餐桌,无印良品,469.68,282.36,301,5,3.6,2022-10-17,在售
1110,海澜之家 泳衣 限定版(白色),服装鞋帽,泳衣,海澜之家,391.83,261.05,2696,11,4.5,2022-05-04,在售
1111,完美日记 眉笔 Pro,美妆个护,眉笔,完美日记,124.69,48.26,3884,37,3.3,2023-07-27,在售
1112,海尔 吸尘器 Pro,家居生活,吸尘器,海尔,982.15,282.0,1696,8,4.5,2023-04-02,在售
1113,人民文学 钢笔 经典款,图书文娱,钢笔,人民文学,450.1,267.21,1701,9,5.0,2019-05-28,在售
1114,启赋 儿童牙刷 Pro,母婴用品,儿童牙刷,启赋,6.34,4.11,1856,472,4.0,2023-08-31,在售
1115,中信出版 经管书籍 Plus(银色),图书文娱,经管书籍,中信出版,78.04,24.4,3373,26,4.5,2019-04-03,下架
1116,电子工业 围棋 升级版(金色),图书文娱,围棋,电子工业,115.65,56.52,469,31,3.8,2020-08-16,在售
1117,安踏 女装连衣裙,服装鞋帽,女装连衣裙,安踏,215.71,58.12,4995,29,2.5,2022-11-30,下架
1118,奥克斯 雨伞,家居生活,雨伞,奥克斯,94.55,61.87,4767,31,4.2,2024-01-19,在售
1119,美赞臣 纸尿裤 经典款(黑色),母婴用品,纸尿裤,美赞臣,43.13,24.56,4457,61,3.8,2021-04-19,在售
1120,森马 太阳镜 经典款(蓝色),服装鞋帽,太阳镜,森马,37.18,15.07,3248,73,5.0,2021-07-31,下架
1121,百草味 巧克力 新款(灰色),食品饮料,巧克力,百草味,103.76,41.7,530,37,4.2,2024-07-16,在售
1122,完美日记 防晒霜 标准版(白色),美妆个护,防晒霜,完美日记,55.96,41.81,509,68,3.4,2020-04-02,在售
1123,BOSE 音箱 青春版,电子产品,音箱,BOSE,273.4,145.79,0,11,2.0,2019-07-28,在售
1124,森马 运动鞋 Plus,服装鞋帽,运动鞋,森马,812.73,535.65,4648,6,3.0,2020-07-11,在售
1125,佳能 音箱 升级版(红色),电子产品,音箱,佳能,93.69,39.28,4939,42,4.0,2023-01-05,在售
1126,京东图书 围棋 标准版(蓝色),图书文娱,围棋,京东图书,59.3,44.17,3742,70,3.8,2023-05-07,在售
1127,罗技 笔记本电脑 限定版,电子产品,笔记本电脑,罗技,3059.34,2272.09,609,0,3.9,2022-08-01,在售
1128,星巴克 果冻 Pro(灰色),食品饮料,果冻,星巴克,26.88,11.82,104,124,2.8,2021-10-26,在售
1129,苏泊尔 雨伞 Pro,家居生活,雨伞,苏泊尔,143.31,68.83,4715,21,3.5,2022-03-17,在售
1130,李宁 羽绒服 经典款,服装鞋帽,羽绒服,李宁,416.46,154.1,4091,11,3.9,2021-09-23,在售
1131,罗技 相机 青春版,电子产品,相机,罗技,8358.61,2529.35,311,0,3.7,2024-02-10,在售
1132,ZARA 羽绒服 新款(红色),服装鞋帽,羽绒服,ZARA,715.48,201.36,2322,4,5.0,2020-09-15,缺货
1133,膳魔师 保温杯 限定版,家居生活,保温杯,膳魔师,33.39,16.99,3184,87,3.4,2020-03-10,在售
1134,联想 数据线 (粉色),电子产品,数据线,联想,47.74,25.09,2700,77,3.8,2020-01-12,在售
1135,中信出版 编程书籍 (粉色),图书文娱,编程书籍,中信出版,60.92,37.96,293,52,4.8,2020-06-01,在售
1136,波司登 西装,服装鞋帽,西装,波司登,203.86,70.18,550,5,5.0,2021-04-11,在售
1137,欧莱雅 卸妆水 旗舰版,美妆个护,卸妆水,欧莱雅,201.0,77.74,4043,10,2.5,2020-02-10,在售
1138,惠氏 摇铃 青春版,母婴用品,摇铃,惠氏,29.24,15.91,2570,92,3.3,2023-08-26,下架
1139,三星 手机 限定版,电子产品,手机,三星,4919.99,1864.84,880,1,4.2,2019-10-28,在售
1140,当当 科幻小说 升级版(金色),图书文娱,科幻小说,当当,18.55,13.08,409,134,3.9,2020-05-18,下架
1141,新东方 科幻小说 Pro,图书文娱,科幻小说,新东方,19.09,12.68,2716,150,3.5,2020-11-23,在售
1142,匡威 休闲裤 标准版,服装鞋帽,休闲裤,匡威,397.03,107.4,604,6,1.8,2025-02-10,缺货
1143,海澜之家 卫衣,服装鞋帽,卫衣,海澜之家,92.73,61.89,3069,44,5.0,2022-01-08,在售
1144,英氏 儿童牙刷 Pro(蓝色),母婴用品,儿童牙刷,英氏,64.86,29.96,78,87,3.2,2024-09-26,在售
1145,当当 篮球 Pro,图书文娱,篮球,当当,344.07,89.69,4649,14,2.9,2020-04-13,在售
1146,好奇 纸尿裤 Plus,母婴用品,纸尿裤,好奇,113.42,82.91,126,36,5.0,2025-06-03,在售
1147,张裕 保健品,食品饮料,保健品,张裕,108.39,30.66,4135,23,2.2,2022-04-20,在售
1148,华硕 充电宝 升级版,电子产品,充电宝,华硕,184.02,56.9,318,23,5.0,2020-12-24,缺货
1149,恰恰 蜂蜜 升级版,食品饮料,蜂蜜,恰恰,136.87,60.11,4768,24,4.3,2021-04-28,在售
1150,中信出版 儿童绘本 Pro,图书文娱,儿童绘本,中信出版,15.03,4.25,126,222,3.8,2023-02-11,在售
1151,张裕 燕窝 限定版(粉色),食品饮料,燕窝,张裕,389.54,228.88,777,5,4.3,2021-04-29,在售
1152,人民文学 围棋 新款,图书文娱,围棋,人民文学,89.77,32.67,4584,49,3.0,2021-12-09,在售
1153,太平鸟 男装T恤 限定版(黑色),服装鞋帽,男装T恤,太平鸟,115.91,44.58,3087,18,5.0,2021-03-24,在售
1154,知乎 经管书籍 升级版(灰色),图书文娱,经管书籍,知乎,45.22,26.96,90,76,3.6,2023-07-28,下架
1155,玉兰油 精华液,美妆个护,精华液,玉兰油,708.47,413.18,3118,7,5.0,2023-10-07,在售
1156,鸿星尔克 泳衣 经典款,服装鞋帽,泳衣,鸿星尔克,47.71,12.9,2932,59,3.4,2019-06-02,在售
1157,美的 微波炉 (蓝色),家居生活,微波炉,美的,1895.74,935.8,685,1,4.2,2021-09-03,在售
1158,当当 考研资料,图书文娱,考研资料,当当,121.92,43.97,1283,34,5.0,2025-01-10,在售
1159,爱仕达 垃圾桶 标准版,家居生活,垃圾桶,爱仕达,56.64,35.24,20,48,3.0,2023-07-08,在售
1160,爱他美 纸尿裤 升级版,母婴用品,纸尿裤,爱他美,284.33,124.36,603,8,4.0,2021-10-26,下架
1161,完美日记 沐浴露 青春版,美妆个护,沐浴露,完美日记,28.34,15.7,3600,114,3.7,2020-07-24,在售
1162,H&M 运动鞋 青春版(白色),服装鞋帽,运动鞋,H&M,1132.63,821.53,4433,6,3.0,2024-07-23,在售
1163,戴尔 键盘 旗舰版(红色),电子产品,键盘,戴尔,262.11,91.67,2292,12,5.0,2022-09-01,在售
1164,玉兰油 洗面奶 新款,美妆个护,洗面奶,玉兰油,50.14,25.56,4167,71,3.6,2024-01-18,在售
1165,来伊份 茶叶 青春版(黑色),食品饮料,茶叶,来伊份,724.17,527.41,125,4,5.0,2025-05-02,在售
1166,倩碧 洗发水 Plus(蓝色),美妆个护,洗发水,倩碧,160.95,44.55,3252,23,4.0,2023-08-30,在售
1167,优衣库 卫衣 Plus(黑色),服装鞋帽,卫衣,优衣库,304.77,175.88,399,13,4.5,2023-01-30,下架
1168,优衣库 太阳镜 Plus,服装鞋帽,太阳镜,优衣库,121.72,44.93,85,31,3.7,2020-01-11,在售
1169,当当 漫画 限定版,图书文娱,漫画,当当,47.99,28.36,4118,74,4.1,2022-03-17,在售
1170,联想 智能手表 新款(金色),电子产品,智能手表,联想,3860.55,1191.56,661,1,5.0,2019-02-15,下架
1171,百草味 咖啡 Plus,食品饮料,咖啡,百草味,26.59,19.31,3439,125,3.9,2019-03-10,在售
1172,英氏 游泳圈 经典款,母婴用品,游泳圈,英氏,53.59,21.65,116,54,4.7,2023-05-29,在售
1173,网易严选 吸尘器 旗舰版(银色),家居生活,吸尘器,网易严选,1319.84,384.07,168,1,5.0,2019-03-04,在售
1174,当当 瑜伽垫 经典款(银色),图书文娱,瑜伽垫,当当,51.4,25.43,48,61,3.9,2022-03-29,在售
1175,农夫山泉 红酒 Pro,食品饮料,红酒,农夫山泉,76.2,31.37,2656,38,3.8,2019-06-17,在售
1176,雷蛇 打印机 Pro(粉色),电子产品,打印机,雷蛇,1431.55,1037.35,100,4,4.5,2020-11-10,在售
1177,索尼 笔记本电脑 旗舰版(黑色),电子产品,笔记本电脑,索尼,5940.13,1519.11,4502,1,5.0,2024-11-09,在售
1178,京东图书 拼图 青春版,图书文娱,拼图,京东图书,96.02,66.18,3724,47,4.3,2021-10-04,缺货
1179,资生堂 染发剂 标准版(粉色),美妆个护,染发剂,资生堂,57.78,30.38,1517,62,3.6,2021-08-26,在售
1180,美赞臣 儿童安全座椅 标准版(粉色),母婴用品,儿童安全座椅,美赞臣,544.52,238.17,4296,19,1.0,2025-06-27,在售
1181,华为 鼠标 经典款,电子产品,鼠标,华为,61.9,18.37,3445,48,3.8,2023-10-07,在售
1182,飞鹤 摇铃,母婴用品,摇铃,飞鹤,12.96,5.22,4893,184,4.6,2019-01-27,在售
1183,新东方 文具 Pro(蓝色),图书文娱,文具,新东方,1.48,0.46,1975,1682,3.9,2023-01-10,在售
1184,耐克 男装T恤 新款(灰色),服装鞋帽,男装T恤,耐克,240.98,177.74,2636,11,4.3,2022-11-01,在售
1185,匡威 男装T恤,服装鞋帽,男装T恤,匡威,70.26,49.41,879,25,4.4,2023-08-21,在售
1186,阿迪达斯 牛仔裤 升级版,服装鞋帽,牛仔裤,阿迪达斯,157.59,40.46,240,19,2.3,2019-01-29,在售
1187,好奇 婴儿奶粉 Pro,母婴用品,婴儿奶粉,好奇,886.67,517.39,115,5,4.3,2022-04-01,在售
1188,倩碧 沐浴露 Plus(蓝色),美妆个护,沐浴露,倩碧,33.99,17.3,3944,98,3.7,2021-11-26,在售
1189,启赋 婴儿湿巾 旗舰版,母婴用品,婴儿湿巾,启赋,37.75,25.96,1739,93,3.4,2020-10-27,在售
1190,雅诗兰黛 粉底液 青春版(金色),美妆个护,粉底液,雅诗兰黛,93.78,46.87,759,34,3.6,2021-10-24,在售
1191,尼康 手机 青春版(蓝色),电子产品,手机,尼康,7668.37,3258.02,4999,1,4.8,2024-04-13,下架
1192,知乎 钢笔 限定版(银色),图书文娱,钢笔,知乎,133.02,46.89,3400,27,3.0,2024-04-23,下架
1193,匡威 羽绒服 经典款,服装鞋帽,羽绒服,匡威,768.6,348.3,1118,3,5.0,2022-10-24,在售
1194,迪奥 美容仪 Pro(黑色),美妆个护,美容仪,迪奥,1524.7,933.91,1462,5,4.5,2025-04-14,在售
1195,无印良品 厨房刀具 旗舰版(白色),家居生活,厨房刀具,无印良品,72.88,18.7,2013,34,5.0,2020-06-05,下架
1196,苹果 VR设备 新款,电子产品,VR设备,苹果,4885.86,1674.38,2844,1,5.0,2020-06-25,在售
1197,联想 平板电脑 Pro(灰色),电子产品,平板电脑,联想,5755.69,3453.48,1544,0,3.7,2023-05-30,缺货
1198,美赞臣 婴儿推车 限定版(黑色),母婴用品,婴儿推车,美赞臣,546.76,353.74,113,6,5.0,2022-11-15,在售
1199,老板电器 电风扇 旗舰版,家居生活,电风扇,老板电器,116.86,73.15,3108,45,3.8,2019-04-28,在售
1200,张裕 蛋白粉 青春版,食品饮料,蛋白粉,张裕,690.82,311.86,1916,8,5.0,2021-07-07,在售
1201,可优比 摇铃 标准版,母婴用品,摇铃,可优比,36.9,24.16,3317,106,4.3,2023-04-25,在售
1202,香奈儿 眉笔 标准版,美妆个护,眉笔,香奈儿,234.86,67.74,3570,30,3.0,2019-01-01,下架
1203,电子工业 笔记本 升级版,图书文娱,笔记本,电子工业,75.11,22.21,4610,46,3.8,2019-10-28,在售
1204,太平鸟 帽子 (红色),服装鞋帽,帽子,太平鸟,19.12,5.31,594,150,4.2,2019-10-24,在售
1205,网易严选 地毯,家居生活,地毯,网易严选,1489.53,427.59,3952,3,3.9,2025-06-29,在售
1206,双立人 晾衣架 旗舰版,家居生活,晾衣架,双立人,20.45,13.72,65,137,3.7,2022-07-20,下架
1207,李宁 皮带 升级版,服装鞋帽,皮带,李宁,58.04,31.55,339,51,3.8,2022-11-17,在售
1208,babycare 早教机 新款,母婴用品,早教机,babycare,399.23,199.53,4709,23,4.0,2023-08-02,在售
1209,人民文学 编程书籍 标准版,图书文娱,编程书籍,人民文学,89.46,47.91,4493,41,4.8,2022-08-16,在售
1210,雪花秀 洗发水 经典款(银色),美妆个护,洗发水,雪花秀,179.76,105.95,3,18,3.0,2023-01-03,缺货
1211,中信出版 考研资料 升级版,图书文娱,考研资料,中信出版,53.63,26.65,1927,60,3.0,2019-03-20,下架
1212,中信出版 书法字帖 Plus(灰色),图书文娱,书法字帖,中信出版,10.72,6.88,4602,293,3.8,2023-09-19,下架
1213,兰蔻 定妆喷雾 青春版,美妆个护,定妆喷雾,兰蔻,203.59,117.14,4419,20,4.0,2025-02-13,在售
1214,小米 键盘 Pro(灰色),电子产品,键盘,小米,506.19,285.26,3619,13,5.0,2019-01-02,缺货
1215,匡威 睡衣 (红色),服装鞋帽,睡衣,匡威,131.65,55.33,3149,32,4.5,2021-12-19,在售
1216,爱他美 儿童水杯 (蓝色),母婴用品,儿童水杯,爱他美,37.46,15.17,4779,91,4.0,2024-12-09,在售
1217,德芙 薯片 标准版(金色),食品饮料,薯片,德芙,20.61,12.59,3778,154,3.9,2022-08-08,下架
1218,美赞臣 儿童水杯 旗舰版(红色),母婴用品,儿童水杯,美赞臣,25.61,17.46,393,143,3.3,2025-01-01,在售
1219,茅台 咖啡 旗舰版,食品饮料,咖啡,茅台,314.12,132.45,3325,16,4.5,2024-07-14,在售
1220,兰蔻 口红 新款(灰色),美妆个护,口红,兰蔻,292.92,163.36,2636,14,5.0,2022-03-30,在售
1221,海澜之家 睡衣 限定版,服装鞋帽,睡衣,海澜之家,134.91,63.74,3839,35,2.0,2021-12-16,在售
1222,耐克 西装 升级版,服装鞋帽,西装,耐克,516.5,149.49,4122,4,3.7,2022-06-03,在售
1223,电子工业 历史书籍 新款(金色),图书文娱,历史书籍,电子工业,36.97,26.02,339,94,4.4,2019-07-01,在售
1224,戴尔 相机,电子产品,相机,戴尔,10474.43,3564.77,1074,1,4.0,2022-08-31,在售
1225,方太 电风扇 Plus(红色),家居生活,电风扇,方太,374.69,112.87,1894,15,4.7,2020-06-03,下架
1226,戴尔 数据线 Plus(红色),电子产品,数据线,戴尔,5.83,1.58,4153,483,3.7,2021-05-29,在售
1227,欧莱雅 口红 青春版,美妆个护,口红,欧莱雅,31.65,22.52,44,134,3.6,2023-08-22,在售
1228,特步 袜子 青春版,服装鞋帽,袜子,特步,26.79,9.29,201,107,4.1,2020-07-29,缺货
1229,兰蔻 面膜,美妆个护,面膜,兰蔻,43.54,12.31,1914,84,3.9,2019-01-05,在售
1230,美赞臣 婴儿奶粉 经典款,母婴用品,婴儿奶粉,美赞臣,391.48,220.67,3848,23,5.0,2022-04-08,在售
1231,vivo 打印机 青春版,电子产品,打印机,vivo,550.68,361.63,4558,7,4.0,2021-03-07,在售
1232,戴森 微波炉 升级版(红色),家居生活,微波炉,戴森,1791.03,1178.23,3092,0,4.0,2024-04-17,缺货
1233,倩碧 身体乳 Pro(金色),美妆个护,身体乳,倩碧,55.55,33.14,2607,69,4.4,2022-04-18,在售
1234,鸿星尔克 西装 Plus(蓝色),服装鞋帽,西装,鸿星尔克,381.59,146.04,4807,15,5.0,2019-06-30,在售
1235,美赞臣 儿童安全座椅 Plus(灰色),母婴用品,儿童安全座椅,美赞臣,897.93,310.74,2721,0,3.7,2021-11-02,在售
1236,自然堂 眼影盘 限定版(银色),美妆个护,眼影盘,自然堂,131.7,56.24,4609,33,3.3,2021-08-13,在售
1237,张裕 红酒 升级版,食品饮料,红酒,张裕,119.75,30.0,4169,43,2.0,2021-03-26,在售
1238,华硕 VR设备 限定版,电子产品,VR设备,华硕,3434.25,1777.97,1328,0,4.7,2022-05-20,在售
1239,雅诗兰黛 眼影盘 升级版,美妆个护,眼影盘,雅诗兰黛,68.54,40.73,2855,51,2.3,2024-09-14,在售
1240,启赋 婴儿推车 升级版(金色),母婴用品,婴儿推车,启赋,923.12,261.61,250,3,3.5,2023-04-12,在售
1241,海尔 灯具 青春版,家居生活,灯具,海尔,434.39,138.29,410,8,4.7,2025-03-26,缺货
1242,好奇 儿童水杯 标准版,母婴用品,儿童水杯,好奇,52.45,28.59,2114,62,3.7,2022-01-25,在售
1243,MAC 面膜 新款,美妆个护,面膜,MAC,36.36,12.73,4509,110,3.9,2022-01-19,在售
1244,美赞臣 摇铃 Plus(红色),母婴用品,摇铃,美赞臣,41.64,14.01,2854,83,4.6,2020-12-15,在售
1245,UR 泳衣 Plus,服装鞋帽,泳衣,UR,73.76,36.5,492,36,3.5,2024-12-07,在售
1246,宜家 加湿器 经典款(灰色),家居生活,加湿器,宜家,76.42,43.62,282,50,2.8,2019-05-13,在售
1247,德芙 牛奶 青春版,食品饮料,牛奶,德芙,13.55,4.17,419,200,3.9,2019-02-20,在售
1248,人民文学 笔记本 Pro,图书文娱,笔记本,人民文学,22.47,11.15,3446,126,3.8,2020-07-31,在售
1249,知乎 考研资料 标准版(灰色),图书文娱,考研资料,知乎,131.4,36.02,268,19,4.3,2024-06-19,在售
1250,李宁 汉服 Plus,服装鞋帽,汉服,李宁,175.11,58.16,1533,37,5.0,2020-09-23,在售
1251,特步 皮带 升级版,服装鞋帽,皮带,特步,56.13,35.75,961,44,3.8,2019-07-28,在售
1252,爱仕达 保温杯 升级版,家居生活,保温杯,爱仕达,222.13,69.56,1486,23,3.0,2021-09-17,在售
1253,罗技 数据线 旗舰版,电子产品,数据线,罗技,78.09,35.08,411,49,3.5,2019-07-01,在售
1254,森马 休闲裤 升级版(蓝色),服装鞋帽,休闲裤,森马,110.92,70.78,95,25,5.0,2019-07-22,在售
1255,子初 摇铃 Plus(灰色),母婴用品,摇铃,子初,68.07,40.98,402,55,4.4,2025-05-03,在售
1256,樊登读书 笔记本,图书文娱,笔记本,樊登读书,4.22,3.05,132,677,3.9,2023-10-31,在售
1257,知乎 笔记本 升级版,图书文娱,笔记本,知乎,17.02,7.62,3476,150,4.0,2019-03-11,在售
1258,恰恰 大米 新款,食品饮料,大米,恰恰,88.69,63.16,4799,46,3.7,2021-11-19,在售
1259,爱他美 积木玩具 青春版,母婴用品,积木玩具,爱他美,79.6,58.84,342,34,3.3,2023-06-17,在售
1260,爱仕达 地毯 经典款(蓝色),家居生活,地毯,爱仕达,390.56,118.02,3845,5,3.9,2020-04-15,在售
1261,戴森 空气净化器 新款(灰色),家居生活,空气净化器,戴森,923.14,456.05,3673,6,4.0,2020-11-18,在售
1262,当当 健身器材 青春版(白色),图书文娱,健身器材,当当,205.61,116.49,4291,15,4.0,2023-02-16,在售
1263,德芙 大米 旗舰版(红色),食品饮料,大米,德芙,52.28,15.66,301,56,4.2,2022-05-17,在售
1264,联想 音箱 Pro,电子产品,音箱,联想,1819.03,864.78,307,0,4.7,2025-05-20,在售
1265,戴尔 笔记本电脑,电子产品,笔记本电脑,戴尔,2641.51,1432.38,3000,1,3.9,2021-08-22,在售
1266,知乎 编程书籍,图书文娱,编程书籍,知乎,253.3,124.73,23,13,4.3,2020-02-18,下架
1267,机械工业 科幻小说 旗舰版(金色),图书文娱,科幻小说,机械工业,85.69,27.23,3243,36,4.2,2019-07-20,在售
1268,雀巢 牛奶 (灰色),食品饮料,牛奶,雀巢,13.26,5.38,2666,164,3.6,2022-10-23,缺货
1269,帮宝适 儿童安全座椅 Pro,母婴用品,儿童安全座椅,帮宝适,718.52,448.5,180,7,4.4,2019-01-26,在售
1270,宜家 餐桌 限定版,家居生活,餐桌,宜家,2890.97,732.36,3722,3,3.0,2020-01-15,在售
1271,鸿星尔克 围巾 Plus,服装鞋帽,围巾,鸿星尔克,80.72,58.22,4138,32,3.3,2021-07-18,下架
1272,启赋 婴儿背带 限定版(灰色),母婴用品,婴儿背带,启赋,91.52,38.96,4733,35,2.0,2023-05-23,在售
1273,机械工业 拼图 旗舰版,图书文娱,拼图,机械工业,98.26,36.99,3466,33,4.0,2021-03-26,在售
1274,双立人 窗帘 青春版,家居生活,窗帘,双立人,1133.3,359.46,277,0,4.2,2020-04-01,下架
1275,得到 笔记本 经典款,图书文娱,笔记本,得到,32.27,18.87,1212,104,3.2,2021-07-08,在售
1276,人民文学 笔记本 旗舰版(银色),图书文娱,笔记本,人民文学,16.9,10.66,3460,144,3.8,2021-04-24,在售
1277,华为 智能手表 升级版,电子产品,智能手表,华为,468.15,286.88,2788,10,3.9,2019-12-11,在售
1278,自然堂 卸妆水 限定版,美妆个护,卸妆水,自然堂,224.81,100.07,3186,25,4.7,2021-03-08,缺货
1279,星巴克 燕窝 经典款,食品饮料,燕窝,星巴克,1576.97,962.36,247,3,4.9,2023-02-04,缺货
1280,宜家 微波炉 旗舰版,家居生活,微波炉,宜家,893.41,272.87,4249,1,5.0,2023-08-14,在售
1281,花西子 美容仪,美妆个护,美容仪,花西子,1533.05,1088.58,430,5,3.0,2023-01-30,在售
1282,香奈儿 洗发水 Plus(黑色),美妆个护,洗发水,香奈儿,330.16,221.86,161,15,4.0,2024-10-13,在售
1283,京东图书 编程书籍 升级版(灰色),图书文娱,编程书籍,京东图书,112.67,37.35,3001,54,3.4,2021-04-26,在售
1284,格力 地毯 旗舰版(蓝色),家居生活,地毯,格力,89.11,41.7,904,28,4.2,2021-07-30,下架
1285,尼康 智能手表 限定版(金色),电子产品,智能手表,尼康,3747.03,2500.4,1295,7,2.0,2021-04-09,下架
1286,BOSE 手机 经典款,电子产品,手机,BOSE,3959.3,1632.8,230,0,3.9,2019-12-20,在售
1287,戴尔 相机 标准版,电子产品,相机,戴尔,13378.38,4267.95,2794,0,2.6,2020-12-05,在售
1288,惠氏 摇铃,母婴用品,摇铃,惠氏,66.34,33.2,539,50,4.0,2021-04-05,在售
1289,张裕 牛奶 经典款,食品饮料,牛奶,张裕,16.96,6.76,1675,162,4.4,2020-11-23,下架
1290,九阳 窗帘 旗舰版,家居生活,窗帘,九阳,173.12,125.23,2601,19,5.0,2022-08-21,缺货
1291,海尔 微波炉 新款,家居生活,微波炉,海尔,256.81,89.78,1032,8,5.0,2024-04-16,在售
1292,美赞臣 婴儿沐浴露 旗舰版,母婴用品,婴儿沐浴露,美赞臣,165.46,74.46,2105,28,3.8,2023-04-06,在售
1293,好孩子 儿童牙刷 青春版(白色),母婴用品,儿童牙刷,好孩子,8.23,4.46,1388,344,3.6,2020-08-06,缺货
1294,鸿星尔克 休闲裤 经典款,服装鞋帽,休闲裤,鸿星尔克,177.38,115.31,490,22,3.8,2022-03-26,在售
1295,网易严选 晾衣架 Pro,家居生活,晾衣架,网易严选,52.23,15.64,3730,51,3.7,2024-02-08,在售
1296,联想 路由器 青春版(蓝色),电子产品,路由器,联想,214.51,116.5,181,27,4.0,2020-01-06,在售
1297,玉兰油 洗面奶 青春版(蓝色),美妆个护,洗面奶,玉兰油,49.96,27.13,1592,83,4.3,2021-05-24,在售
1298,费列罗 巧克力 Pro(黑色),食品饮料,巧克力,费列罗,152.57,85.26,4715,17,5.0,2023-03-20,在售
1299,膳魔师 床上四件套 青春版,家居生活,床上四件套,膳魔师,467.16,178.39,4376,6,4.0,2019-04-01,在售
1300,良品铺子 保健品 (灰色),食品饮料,保健品,良品铺子,31.96,17.99,140,97,3.7,2022-08-09,在售
1301,贝亲 婴儿床 经典款(粉色),母婴用品,婴儿床,贝亲,593.83,313.66,2568,0,2.5,2022-02-07,在售
1302,耐克 衬衫 旗舰版,服装鞋帽,衬衫,耐克,73.77,18.64,1504,53,4.0,2020-01-13,下架
1303,迪奥 染发剂 Pro,美妆个护,染发剂,迪奥,150.06,98.78,4762,23,5.0,2024-07-06,在售
1304,花王 奶瓶 旗舰版(蓝色),母婴用品,奶瓶,花王,58.21,34.75,3812,46,4.3,2023-09-15,在售
1305,苏泊尔 沙发,家居生活,沙发,苏泊尔,3246.41,2207.26,179,0,4.8,2020-04-04,在售
1306,知乎 历史书籍 新款,图书文娱,历史书籍,知乎,143.28,67.35,3728,18,3.0,2021-11-17,在售
1307,电子工业 围棋 经典款(银色),图书文娱,围棋,电子工业,28.36,9.8,58,135,3.6,2023-07-17,下架
1308,华为 打印机 升级版,电子产品,打印机,华为,515.45,174.54,2561,10,4.0,2024-10-08,在售
1309,戴尔 数据线 限定版,电子产品,数据线,戴尔,12.7,7.14,160,238,3.9,2024-07-28,在售
1310,爱他美 温奶器 限定版,母婴用品,温奶器,爱他美,348.54,217.34,173,15,4.0,2020-01-08,在售
1311,农夫山泉 蜂蜜 升级版,食品饮料,蜂蜜,农夫山泉,239.29,78.2,382,16,4.0,2025-04-11,缺货
1312,农夫山泉 保健品 (黑色),食品饮料,保健品,农夫山泉,106.08,77.62,1243,24,3.5,2024-03-16,在售
1313,得到 科幻小说 青春版,图书文娱,科幻小说,得到,25.78,8.62,2270,103,4.4,2024-09-07,在售
1314,ZARA 西装 Plus(金色),服装鞋帽,西装,ZARA,1240.14,758.33,1003,8,3.2,2019-04-10,在售
1315,五粮液 进口饼干 标准版,食品饮料,进口饼干,五粮液,23.53,15.87,922,137,3.9,2021-05-12,在售
1316,网易严选 电风扇 青春版,家居生活,电风扇,网易严选,84.68,26.22,1522,44,4.0,2024-08-20,缺货
1317,兰蔻 洗发水 (粉色),美妆个护,洗发水,兰蔻,284.65,142.51,3587,16,4.4,2021-07-30,在售
1318,vivo 智能家居设备 Plus(灰色),电子产品,智能家居设备,vivo,612.43,228.64,4448,3,5.0,2021-08-25,在售
1319,波司登 运动鞋 经典款,服装鞋帽,运动鞋,波司登,201.86,134.31,4104,14,1.0,2023-01-21,在售
1320,来伊份 红酒 (粉色),食品饮料,红酒,来伊份,474.73,128.01,4651,11,5.0,2021-02-12,在售
1321,费列罗 燕窝,食品饮料,燕窝,费列罗,209.18,86.18,2788,20,3.5,2019-07-02,在售
1322,得到 漫画 青春版,图书文娱,漫画,得到,30.47,15.27,2884,83,3.5,2019-04-15,在售
1323,花西子 口红 限定版,美妆个护,口红,花西子,276.07,184.12,2452,16,3.0,2020-09-06,在售
1324,京东图书 经管书籍 青春版(黑色),图书文娱,经管书籍,京东图书,150.38,105.55,3769,21,5.0,2020-02-18,下架
1325,花王 儿童牙刷 (银色),母婴用品,儿童牙刷,花王,22.96,9.37,2110,117,3.6,2021-11-07,在售
1326,德芙 食用油,食品饮料,食用油,德芙,60.58,44.74,785,52,4.0,2021-05-20,在售
1327,UR 衬衫 升级版(金色),服装鞋帽,衬衫,UR,163.18,106.55,2298,21,5.0,2022-08-11,在售
1328,森马 西装 升级版(白色),服装鞋帽,西装,森马,456.98,313.85,4086,3,4.0,2019-11-30,在售
1329,美的 空气净化器,家居生活,空气净化器,美的,512.43,295.49,1000,8,3.7,2020-10-16,在售
1330,百雀羚 面霜 经典款,美妆个护,面霜,百雀羚,380.61,200.15,2746,12,5.0,2022-08-22,在售
1331,得到 历史书籍 (金色),图书文娱,历史书籍,得到,178.12,114.03,1460,18,5.0,2025-02-06,下架
1332,良品铺子 肉干 标准版(白色),食品饮料,肉干,良品铺子,97.36,26.47,313,50,2.7,2022-06-05,在售
1333,膳魔师 窗帘 (银色),家居生活,窗帘,膳魔师,77.64,25.22,4673,31,3.7,2023-06-11,在售
1334,索尼 音箱 升级版,电子产品,音箱,索尼,288.5,72.4,3796,20,4.0,2023-10-19,在售
1335,香奈儿 口红 经典款,美妆个护,口红,香奈儿,134.42,87.96,4117,47,2.0,2024-08-18,在售
1336,花王 婴儿床 青春版,母婴用品,婴儿床,花王,391.63,182.93,97,4,5.0,2024-06-25,在售
1337,babycare 温奶器 (红色),母婴用品,温奶器,babycare,90.98,33.63,4369,63,4.0,2023-09-21,下架
1338,三只松鼠 肉干 旗舰版(黑色),食品饮料,肉干,三只松鼠,176.02,115.36,3373,20,3.0,2024-03-04,在售
1339,人民文学 篮球 旗舰版,图书文娱,篮球,人民文学,574.77,211.62,381,14,2.5,2025-02-28,在售
1340,好奇 奶瓶 旗舰版(金色),母婴用品,奶瓶,好奇,20.24,6.22,2697,151,3.8,2021-03-13,在售
1341,vivo 平板电脑 限定版,电子产品,平板电脑,vivo,1089.39,621.83,1895,3,3.3,2019-12-14,在售
1342,华硕 路由器 升级版,电子产品,路由器,华硕,545.4,157.95,3284,11,4.0,2022-10-27,在售
1343,花王 纸尿裤 Plus(银色),母婴用品,纸尿裤,花王,131.1,71.07,953,33,3.7,2023-04-16,在售
1344,倩碧 化妆刷 经典款,美妆个护,化妆刷,倩碧,11.51,6.24,3630,266,4.2,2020-09-03,在售
1345,帮宝适 游泳圈 标准版,母婴用品,游泳圈,帮宝适,31.35,18.18,3485,96,4.1,2025-03-22,在售
1346,茅台 保健品 (粉色),食品饮料,保健品,茅台,439.84,314.68,406,5,4.2,2024-03-31,在售
1347,恰恰 饮料 新款(白色),食品饮料,饮料,恰恰,6.3,4.41,3955,457,3.4,2025-02-19,在售
1348,优衣库 牛仔裤 (红色),服装鞋帽,牛仔裤,优衣库,420.12,278.33,3534,7,5.0,2019-12-25,在售
1349,新东方 英语教材 限定版,图书文娱,英语教材,新东方,108.83,36.33,123,40,5.0,2025-04-21,下架
1350,鸿星尔克 羽绒服 Plus,服装鞋帽,羽绒服,鸿星尔克,527.31,381.09,62,12,1.0,2021-10-06,在售
1351,雷蛇 显示器 青春版(金色),电子产品,显示器,雷蛇,530.09,266.96,4825,6,3.9,2020-06-22,在售
1352,罗技 数据线 标准版,电子产品,数据线,罗技,39.66,26.53,3352,92,4.1,2024-12-31,在售
1353,奥克斯 电风扇 (金色),家居生活,电风扇,奥克斯,253.3,107.65,399,7,4.0,2020-08-01,在售
1354,张裕 蜂蜜 Plus(蓝色),食品饮料,蜂蜜,张裕,24.35,15.92,1187,120,4.4,2020-03-22,下架
1355,匡威 男装T恤 青春版(黑色),服装鞋帽,男装T恤,匡威,37.98,15.82,3355,60,4.3,2023-04-12,在售
1356,雀巢 薯片 新款(银色),食品饮料,薯片,雀巢,5.88,2.4,169,440,3.7,2023-05-26,在售
1357,苹果 智能家居设备 升级版,电子产品,智能家居设备,苹果,3145.71,2048.84,3537,0,3.3,2021-05-30,缺货
1358,良品铺子 茶叶 限定版,食品饮料,茶叶,良品铺子,389.5,169.75,4389,7,5.0,2021-09-26,在售
1359,启赋 温奶器,母婴用品,温奶器,启赋,349.54,170.78,4746,21,5.0,2024-10-31,在售
1360,三只松鼠 果冻 升级版,食品饮料,果冻,三只松鼠,16.55,8.85,3378,191,3.8,2025-01-23,在售
1361,中信出版 心理学 新款,图书文娱,心理学,中信出版,87.85,46.43,4228,35,3.8,2024-01-17,在售
1362,百雀羚 粉底液 升级版(金色),美妆个护,粉底液,百雀羚,43.01,22.8,2409,98,3.3,2020-12-03,在售
1363,兰蔻 指甲油 升级版(粉色),美妆个护,指甲油,兰蔻,228.34,110.8,2678,11,5.0,2020-06-03,在售
1364,babycare 童装 限定版,母婴用品,童装,babycare,370.7,97.6,63,18,3.5,2023-06-13,下架
1365,茅台 调味料 (红色),食品饮料,调味料,茅台,34.81,14.72,1443,95,4.2,2021-12-25,下架
1366,帮宝适 游泳圈 新款,母婴用品,游泳圈,帮宝适,47.53,17.47,934,77,4.1,2022-04-06,在售
1367,森马 运动鞋 新款,服装鞋帽,运动鞋,森马,123.35,63.88,369,37,4.2,2023-05-01,在售
1368,电子工业 钢笔 限定版(黑色),图书文娱,钢笔,电子工业,24.37,15.41,3338,98,4.1,2024-08-08,缺货
1369,机械工业 钢笔 升级版,图书文娱,钢笔,机械工业,344.0,137.68,338,13,5.0,2023-03-26,在售
1370,波司登 帽子 Plus,服装鞋帽,帽子,波司登,67.3,44.09,4513,55,3.6,2020-04-17,在售
1371,完美日记 洗面奶 Pro,美妆个护,洗面奶,完美日记,24.77,15.09,4636,136,4.1,2023-07-08,在售
1372,贝亲 积木玩具 青春版(灰色),母婴用品,积木玩具,贝亲,346.09,259.25,429,16,3.5,2020-04-08,在售
1373,华硕 耳机 旗舰版,电子产品,耳机,华硕,57.49,14.76,2017,49,3.3,2020-12-19,在售
1374,戴尔 智能手表 (银色),电子产品,智能手表,戴尔,2528.11,954.11,3649,1,3.8,2024-06-13,在售
1375,蒙牛 坚果零食 新款(粉色),食品饮料,坚果零食,蒙牛,13.13,6.51,4702,250,3.6,2021-06-15,下架
1376,双立人 晾衣架 标准版,家居生活,晾衣架,双立人,15.46,9.01,1511,158,3.9,2025-01-19,在售
1377,九阳 窗帘 限定版,家居生活,窗帘,九阳,84.89,47.92,3826,35,4.4,2019-11-17,在售
1378,欧莱雅 洗发水 Pro,美妆个护,洗发水,欧莱雅,41.62,28.5,860,71,3.2,2022-01-12,在售
1379,优衣库 帽子 Pro,服装鞋帽,帽子,优衣库,66.09,16.82,1596,46,4.5,2019-07-27,在售
1380,帮宝适 奶瓶 新款(红色),母婴用品,奶瓶,帮宝适,49.14,34.68,254,86,4.0,2021-03-23,在售
1381,百雀羚 染发剂 标准版(蓝色),美妆个护,染发剂,百雀羚,39.15,13.98,1226,75,3.2,2020-06-30,在售
1382,全棉时代 早教机 经典款,母婴用品,早教机,全棉时代,143.68,87.96,1450,36,3.8,2020-07-02,在售
1383,BOSE 显示器 Pro(白色),电子产品,显示器,BOSE,883.65,538.96,2932,5,3.3,2023-05-20,在售
1384,当当 英语教材 青春版(粉色),图书文娱,英语教材,当当,111.37,62.9,2136,46,5.0,2025-06-16,在售
1385,OPPO 笔记本电脑 旗舰版(白色),电子产品,笔记本电脑,OPPO,5722.19,3254.8,1234,0,3.9,2019-01-21,在售
1386,双立人 沙发 新款,家居生活,沙发,双立人,5234.57,1530.14,2877,0,4.7,2023-12-23,在售
1387,花王 摇铃 Pro,母婴用品,摇铃,花王,29.08,20.21,1604,99,4.2,2024-08-23,在售
1388,自然堂 洗发水 限定版(蓝色),美妆个护,洗发水,自然堂,20.88,13.87,1246,145,4.0,2025-01-02,在售
1389,太平鸟 男装T恤 标准版(灰色),服装鞋帽,男装T恤,太平鸟,42.95,27.54,2699,70,4.4,2021-05-05,在售
1390,膳魔师 地毯 经典款(粉色),家居生活,地毯,膳魔师,128.49,94.63,496,37,4.2,2023-04-20,在售
1391,海澜之家 女装连衣裙 限定版,服装鞋帽,女装连衣裙,海澜之家,959.45,355.73,259,3,3.0,2023-01-12,在售
1392,老板电器 电风扇 标准版,家居生活,电风扇,老板电器,100.95,28.74,314,28,5.0,2025-04-12,在售
1393,百雀羚 染发剂 旗舰版,美妆个护,染发剂,百雀羚,127.27,42.05,2289,27,4.0,2025-04-05,下架
1394,飞鹤 婴儿奶粉 经典款,母婴用品,婴儿奶粉,飞鹤,229.61,68.19,4119,10,4.5,2021-09-29,在售
1395,知乎 瑜伽垫 青春版,图书文娱,瑜伽垫,知乎,33.19,21.24,260,92,4.2,2023-04-01,下架
1396,小米 智能家居设备 (灰色),电子产品,智能家居设备,小米,729.78,498.87,1763,12,3.0,2020-07-26,在售
1397,启赋 摇铃 标准版,母婴用品,摇铃,启赋,81.68,30.39,3688,59,3.3,2020-01-01,在售
1398,鸿星尔克 男装T恤 经典款,服装鞋帽,男装T恤,鸿星尔克,82.58,48.81,4503,36,4.0,2021-05-20,缺货
1399,海尔 电风扇 经典款,家居生活,电风扇,海尔,428.33,200.34,2680,9,3.7,2019-12-24,在售
1400,新东方 科幻小说 旗舰版(黑色),图书文娱,科幻小说,新东方,9.91,2.88,1707,244,4.0,2021-09-10,在售
1401,新东方 瑜伽垫 Plus,图书文娱,瑜伽垫,新东方,109.7,65.6,4396,25,5.0,2021-11-15,在售
1402,鸿星尔克 皮带,服装鞋帽,皮带,鸿星尔克,63.77,23.14,184,62,4.0,2024-01-12,在售
1403,太平鸟 休闲裤 青春版,服装鞋帽,休闲裤,太平鸟,153.36,59.7,4729,40,3.6,2023-03-04,在售
1404,全棉时代 童装 升级版(黑色),母婴用品,童装,全棉时代,85.36,52.72,1297,27,4.5,2019-08-24,在售
1405,好奇 奶瓶 经典款,母婴用品,奶瓶,好奇,24.94,17.69,796,122,4.2,2021-05-09,缺货
1406,全棉时代 儿童帐篷 升级版,母婴用品,儿童帐篷,全棉时代,127.17,62.75,4909,43,4.7,2025-05-12,在售
1407,雷蛇 游戏主机,电子产品,游戏主机,雷蛇,3815.2,2603.8,1185,2,3.1,2024-03-31,在售
1408,李宁 围巾 青春版(蓝色),服装鞋帽,围巾,李宁,295.61,152.89,3651,9,5.0,2020-09-06,在售
1409,张裕 巧克力 标准版,食品饮料,巧克力,张裕,24.64,6.82,772,154,4.1,2021-12-25,在售
1410,花王 温奶器 升级版,母婴用品,温奶器,花王,143.16,45.3,3901,29,4.5,2021-07-01,缺货
1411,玉兰油 口红 旗舰版(粉色),美妆个护,口红,玉兰油,41.68,29.2,418,73,3.8,2025-06-04,在售
1412,电子工业 健身器材 升级版(灰色),图书文娱,健身器材,电子工业,504.96,181.9,3989,5,4.4,2020-08-04,在售
1413,华硕 打印机 旗舰版(蓝色),电子产品,打印机,华硕,371.78,132.42,260,7,1.0,2022-06-09,在售
1414,尼康 相机 旗舰版(白色),电子产品,相机,尼康,2226.07,897.73,384,4,4.0,2019-09-23,在售
1415,来伊份 饮料 经典款(白色),食品饮料,饮料,来伊份,5.18,1.3,4212,535,4.0,2019-11-22,在售
1416,樊登读书 儿童绘本,图书文娱,儿童绘本,樊登读书,12.93,9.65,245,219,3.9,2021-09-22,在售
1417,波司登 运动鞋 经典款,服装鞋帽,运动鞋,波司登,237.9,142.03,1796,13,4.0,2021-06-16,在售
1418,贝亲 婴儿推车 限定版,母婴用品,婴儿推车,贝亲,2426.97,1580.17,72,3,4.4,2021-04-27,在售
1419,华硕 内存卡 旗舰版,电子产品,内存卡,华硕,24.96,12.44,3378,131,3.4,2020-10-26,下架
1420,完美日记 眼影盘 标准版,美妆个护,眼影盘,完美日记,47.79,12.4,54,84,3.6,2024-02-19,在售
1421,UR 衬衫 Plus,服装鞋帽,衬衫,UR,192.37,118.7,1692,17,4.0,2020-12-31,缺货
1422,蒙牛 牛奶 新款(金色),食品饮料,牛奶,蒙牛,98.51,33.66,1961,31,3.0,2021-06-29,在售
1423,尼康 智能手表 旗舰版,电子产品,智能手表,尼康,1436.62,541.75,3664,2,3.8,2021-09-26,在售
1424,安踏 高跟鞋 新款(黑色),服装鞋帽,高跟鞋,安踏,201.99,52.95,4941,14,4.0,2024-02-09,在售
1425,海尔 床上四件套 Plus(蓝色),家居生活,床上四件套,海尔,339.09,100.62,193,11,1.0,2019-05-25,在售
1426,SK-II 口红 经典款,美妆个护,口红,SK-II,198.19,122.68,14,14,3.0,2024-07-15,在售
1427,阿迪达斯 高跟鞋 Pro(黑色),服装鞋帽,高跟鞋,阿迪达斯,182.81,50.09,3186,20,4.0,2024-08-23,在售
1428,雀巢 饮料 经典款,食品饮料,饮料,雀巢,3.19,0.9,1263,787,3.9,2020-09-16,在售
1429,OPPO 智能家居设备 旗舰版(黑色),电子产品,智能家居设备,OPPO,290.37,137.47,4987,13,4.0,2020-02-16,在售
1430,宜家 沙发 Plus,家居生活,沙发,宜家,870.77,513.19,3336,9,3.0,2023-11-20,在售
1431,SK-II 沐浴露 新款(银色),美妆个护,沐浴露,SK-II,22.6,10.76,3961,120,3.7,2021-10-10,在售
1432,花王 爬行垫 Plus(黑色),母婴用品,爬行垫,花王,414.76,130.03,692,2,3.3,2024-10-20,下架
1433,李宁 睡衣 限定版(灰色),服装鞋帽,睡衣,李宁,41.76,25.3,3649,70,4.0,2023-12-26,在售
1434,惠氏 早教机 (银色),母婴用品,早教机,惠氏,146.61,39.62,2386,21,3.5,2023-12-05,在售
1435,无印良品 加湿器 标准版,家居生活,加湿器,无印良品,173.22,89.65,4659,26,4.3,2020-01-23,在售
1436,无印良品 雨伞 经典款,家居生活,雨伞,无印良品,23.74,11.86,2699,135,3.7,2023-10-15,在售
1437,babycare 婴儿奶粉 升级版,母婴用品,婴儿奶粉,babycare,650.36,217.46,185,2,4.3,2021-06-07,缺货
1438,启赋 奶瓶,母婴用品,奶瓶,启赋,47.42,24.1,4618,54,3.9,2019-08-29,在售
1439,机械工业 考研资料 Pro(白色),图书文娱,考研资料,机械工业,55.07,17.5,3801,41,4.2,2024-09-19,下架
1440,资生堂 洗发水 标准版(银色),美妆个护,洗发水,资生堂,48.83,32.07,459,62,3.5,2020-05-20,在售
1441,英氏 儿童帐篷 Plus,母婴用品,儿童帐篷,英氏,554.63,264.23,3332,4,4.0,2019-08-03,在售
1442,特步 休闲裤 升级版(白色),服装鞋帽,休闲裤,特步,40.5,13.2,472,63,3.7,2021-01-27,在售
1443,美赞臣 婴儿床 升级版,母婴用品,婴儿床,美赞臣,2752.18,1178.48,1470,2,4.0,2023-07-10,在售
1444,德芙 蛋白粉 旗舰版,食品饮料,蛋白粉,德芙,641.65,202.66,3625,12,5.0,2024-06-29,在售
1445,张裕 燕窝 限定版(灰色),食品饮料,燕窝,张裕,488.76,183.34,509,2,4.7,2020-01-21,在售
1446,英氏 儿童安全座椅 Plus(灰色),母婴用品,儿童安全座椅,英氏,3469.15,2349.78,3243,2,3.8,2019-07-14,在售
1447,雀巢 坚果零食 限定版,食品饮料,坚果零食,雀巢,191.3,134.18,1375,16,3.3,2024-09-06,在售
1448,雷蛇 笔记本电脑 经典款,电子产品,笔记本电脑,雷蛇,6885.3,3089.64,4011,4,5.0,2022-06-29,下架
1449,H&M 男装T恤 旗舰版,服装鞋帽,男装T恤,H&M,128.67,96.4,453,18,5.0,2019-07-20,下架
1450,机械工业 拼图 青春版,图书文娱,拼图,机械工业,195.71,106.34,455,8,5.0,2025-02-05,下架
1451,美的 电饭煲 Plus(金色),家居生活,电饭煲,美的,1150.07,366.39,3587,4,5.0,2023-02-26,在售
1452,小米 智能手表 旗舰版,电子产品,智能手表,小米,1951.83,843.6,3135,3,5.0,2025-01-28,在售
1453,双立人 灯具 旗舰版,家居生活,灯具,双立人,452.09,208.24,102,6,5.0,2022-03-17,在售
1454,好奇 早教机 青春版,母婴用品,早教机,好奇,471.62,323.71,2201,6,5.0,2022-04-27,在售
1455,美的 保温杯 Pro,家居生活,保温杯,美的,47.37,30.22,2717,62,3.7,2021-07-25,在售
1456,得到 围棋,图书文娱,围棋,得到,23.79,11.52,164,135,4.0,2020-06-04,在售
1457,京东图书 心理学 Plus,图书文娱,心理学,京东图书,37.41,24.17,3949,73,3.6,2024-06-17,在售
1458,花西子 化妆刷 Pro,美妆个护,化妆刷,花西子,36.67,23.94,3694,75,3.8,2025-05-01,在售
1459,H&M 卫衣,服装鞋帽,卫衣,H&M,87.24,44.73,251,15,4.7,2019-08-25,在售
1460,兰蔻 卸妆水 Plus,美妆个护,卸妆水,兰蔻,112.96,32.33,659,36,4.3,2021-05-26,在售
1461,海澜之家 西装 标准版(灰色),服装鞋帽,西装,海澜之家,751.87,313.92,4878,2,4.8,2023-08-03,缺货
1462,海澜之家 牛仔裤 旗舰版,服装鞋帽,牛仔裤,海澜之家,143.58,45.25,4763,31,4.4,2021-07-25,在售
1463,启赋 摇铃 经典款(灰色),母婴用品,摇铃,启赋,44.31,31.74,1983,77,3.4,2025-05-19,下架
1464,星巴克 肉干 经典款(灰色),食品饮料,肉干,星巴克,72.89,34.0,3626,41,4.0,2021-01-01,在售
1465,膳魔师 加湿器 升级版,家居生活,加湿器,膳魔师,45.94,13.51,4684,47,3.7,2019-03-05,在售
1466,膳魔师 餐桌 标准版(银色),家居生活,餐桌,膳魔师,788.35,255.05,4150,0,4.2,2019-11-08,在售
1467,香奈儿 面霜 青春版,美妆个护,面霜,香奈儿,96.06,45.94,216,39,3.9,2023-05-23,在售
1468,雅诗兰黛 沐浴露 新款,美妆个护,沐浴露,雅诗兰黛,164.77,44.07,3107,19,4.0,2019-10-03,在售
1469,星巴克 肉干 标准版,食品饮料,肉干,星巴克,26.21,13.46,2722,109,3.7,2024-05-09,在售
1470,当当 科幻小说 Pro,图书文娱,科幻小说,当当,41.51,16.97,1405,84,2.8,2024-11-30,在售
1471,中信出版 拼图 青春版(粉色),图书文娱,拼图,中信出版,116.56,29.57,3159,26,3.2,2024-10-17,在售
1472,苏泊尔 吸尘器 新款,家居生活,吸尘器,苏泊尔,876.29,375.46,3543,3,3.6,2023-09-03,在售
1473,匡威 太阳镜 标准版(蓝色),服装鞋帽,太阳镜,匡威,140.19,59.1,375,29,3.0,2024-12-27,在售
1474,飞鹤 儿童水杯,母婴用品,儿童水杯,飞鹤,28.01,13.68,2844,128,3.8,2020-07-12,在售
1475,茅台 调味料 青春版,食品饮料,调味料,茅台,16.32,5.77,4096,187,3.8,2023-10-19,在售
1476,雷蛇 游戏主机 青春版,电子产品,游戏主机,雷蛇,2083.41,823.01,3848,3,1.0,2019-12-18,在售
1477,贝亲 早教机 Pro(黑色),母婴用品,早教机,贝亲,334.57,241.67,1148,14,4.0,2020-12-07,下架
1478,京东图书 经管书籍 青春版,图书文娱,经管书籍,京东图书,74.46,25.94,2679,40,4.2,2023-01-09,在售
1479,电子工业 钢笔 Pro,图书文娱,钢笔,电子工业,191.2,55.77,540,44,3.0,2020-01-10,缺货
1480,爱他美 童装,母婴用品,童装,爱他美,55.52,28.64,232,53,4.1,2022-06-24,在售
1481,尼康 VR设备 青春版(金色),电子产品,VR设备,尼康,2164.31,1493.29,4544,0,3.1,2019-03-23,在售
1482,罗技 手机 新款,电子产品,手机,罗技,2242.64,1652.87,2265,3,3.9,2019-04-16,在售
1483,无印良品 晾衣架 标准版,家居生活,晾衣架,无印良品,20.4,5.64,3278,159,4.0,2019-03-05,在售
1484,子初 纸尿裤 经典款,母婴用品,纸尿裤,子初,352.68,169.58,4982,19,3.0,2021-03-28,在售
1485,罗技 VR设备 Pro(粉色),电子产品,VR设备,罗技,2266.71,1690.14,401,1,4.1,2020-08-12,在售
1486,BOSE 充电宝 旗舰版(金色),电子产品,充电宝,BOSE,183.23,47.37,4254,13,4.8,2024-09-09,在售
1487,H&M 运动外套 限定版(蓝色),服装鞋帽,运动外套,H&M,579.42,376.74,911,12,2.0,2020-04-22,在售
1488,戴尔 智能手表 Pro(白色),电子产品,智能手表,戴尔,1648.48,1167.04,1278,6,4.2,2022-01-30,在售
1489,戴森 地毯 新款,家居生活,地毯,戴森,232.87,131.18,3715,7,5.0,2020-11-25,缺货
1490,五粮液 蜂蜜 Plus(红色),食品饮料,蜂蜜,五粮液,242.78,86.57,341,12,5.0,2022-08-01,在售
1491,ZARA 睡衣 经典款,服装鞋帽,睡衣,ZARA,202.44,92.23,4455,11,4.0,2025-03-14,在售
1492,花西子 护手霜,美妆个护,护手霜,花西子,53.67,33.25,4554,38,3.0,2021-11-28,在售
1493,良品铺子 方便面 Plus,食品饮料,方便面,良品铺子,2.11,1.27,2084,1160,3.9,2021-09-06,在售
1494,罗技 鼠标 Pro(红色),电子产品,鼠标,罗技,381.13,119.54,3338,11,4.0,2021-11-23,在售
1495,知乎 乐器 旗舰版(黑色),图书文娱,乐器,知乎,107.14,79.82,4509,37,2.8,2021-01-17,在售
1496,雀巢 蛋白粉 标准版,食品饮料,蛋白粉,雀巢,269.64,83.48,1943,12,3.7,2021-08-13,在售
1497,兰蔻 口红 旗舰版(灰色),美妆个护,口红,兰蔻,423.36,247.93,3528,16,3.3,2024-10-06,在售
1498,老板电器 抱枕 Plus,家居生活,抱枕,老板电器,94.74,45.81,1102,33,4.8,2021-09-14,在售
1499,得到 经管书籍 经典款(蓝色),图书文娱,经管书籍,得到,153.1,87.97,1212,37,3.5,2021-12-22,下架
1500,UR 帽子 Plus,服装鞋帽,帽子,UR,41.52,30.77,109,87,4.1,2019-03-12,在售
1501,好奇 婴儿沐浴露 Plus(粉色),母婴用品,婴儿沐浴露,好奇,74.41,25.52,4505,47,4.0,2019-05-06,在售
1502,MAC 染发剂 Pro(蓝色),美妆个护,染发剂,MAC,118.02,39.18,1151,32,3.4,2021-03-10,在售
1503,京东图书 钢笔 标准版,图书文娱,钢笔,京东图书,1369.01,624.93,4543,7,5.0,2019-08-25,在售
1504,太平鸟 帽子 限定版(灰色),服装鞋帽,帽子,太平鸟,76.95,57.22,1047,64,3.4,2023-03-07,在售
1505,香奈儿 卸妆水 旗舰版,美妆个护,卸妆水,香奈儿,100.3,64.95,4309,39,4.2,2023-01-01,在售
1506,费列罗 大米 (灰色),食品饮料,大米,费列罗,35.52,25.91,4680,101,4.1,2024-10-18,缺货
1507,知乎 笔记本 标准版(红色),图书文娱,笔记本,知乎,22.24,9.33,4235,160,4.0,2019-02-03,下架
1508,惠氏 爬行垫 Pro,母婴用品,爬行垫,惠氏,412.87,150.47,2704,8,2.5,2021-08-01,在售
1509,百草味 燕窝 经典款(金色),食品饮料,燕窝,百草味,462.87,305.44,728,7,3.0,2022-03-26,在售
1510,宜家 电饭煲 Pro,家居生活,电饭煲,宜家,149.77,105.91,2522,23,2.0,2025-04-28,在售
1511,华硕 智能家居设备,电子产品,智能家居设备,华硕,1521.74,594.73,1289,1,2.7,2022-11-16,在售
1512,佳能 笔记本电脑 Pro(金色),电子产品,笔记本电脑,佳能,5568.19,1895.07,2421,3,5.0,2022-09-13,下架
1513,资生堂 护手霜 Pro(金色),美妆个护,护手霜,资生堂,43.21,11.06,3532,46,3.6,2019-05-30,在售
1514,来伊份 食用油 Pro,食品饮料,食用油,来伊份,73.51,43.97,2950,38,3.5,2024-11-26,在售
1515,华为 内存卡 旗舰版,电子产品,内存卡,华为,48.75,26.22,1147,63,2.5,2020-10-18,在售
1516,得到 经管书籍 经典款,图书文娱,经管书籍,得到,45.32,12.12,1635,83,4.7,2022-09-13,在售
1517,华硕 音箱 经典款,电子产品,音箱,华硕,650.6,254.45,2421,12,5.0,2019-04-24,在售
1518,UR 西装 Pro(白色),服装鞋帽,西装,UR,369.62,148.92,3091,7,3.0,2021-05-01,缺货
1519,五粮液 燕窝 升级版(灰色),食品饮料,燕窝,五粮液,1773.91,1144.9,3854,6,3.9,2023-03-01,在售
1520,佳能 显示器 标准版(金色),电子产品,显示器,佳能,664.01,469.2,1459,3,3.0,2024-06-07,在售
1521,伊利 牛奶 旗舰版,食品饮料,牛奶,伊利,18.09,10.29,1446,192,4.1,2019-04-18,在售
1522,优衣库 休闲裤 限定版(白色),服装鞋帽,休闲裤,优衣库,189.23,133.07,4474,27,3.5,2024-10-08,缺货
1523,海尔 加湿器 新款,家居生活,加湿器,海尔,97.2,37.32,331,31,3.0,2019-10-14,在售
1524,倩碧 眉笔 Pro,美妆个护,眉笔,倩碧,30.29,21.61,4624,90,2.2,2022-11-06,在售
1525,电子工业 考研资料 升级版,图书文娱,考研资料,电子工业,211.76,142.48,536,5,2.5,2021-05-24,在售
1526,恰恰 蜂蜜 Plus,食品饮料,蜂蜜,恰恰,83.46,58.56,2121,30,3.8,2024-09-03,在售
1527,中信出版 科幻小说 青春版,图书文娱,科幻小说,中信出版,11.99,4.68,1485,216,3.8,2025-04-09,在售
1528,佳能 笔记本电脑 Pro,电子产品,笔记本电脑,佳能,2552.34,910.45,18,4,3.0,2023-05-31,在售
1529,森马 泳衣 新款,服装鞋帽,泳衣,森马,47.36,13.33,272,79,3.3,2020-10-30,在售
1530,樊登读书 历史书籍 Plus,图书文娱,历史书籍,樊登读书,119.06,41.67,4361,21,4.0,2020-06-09,在售
1531,张裕 肉干 新款,食品饮料,肉干,张裕,47.24,14.32,4334,68,3.3,2022-08-22,下架
1532,樊登读书 钢笔 新款,图书文娱,钢笔,樊登读书,236.79,151.77,3809,18,3.0,2022-01-16,在售
1533,兰蔻 身体乳 旗舰版(粉色),美妆个护,身体乳,兰蔻,46.73,18.48,2674,69,4.0,2024-09-03,在售
1534,耐克 运动外套 新款(银色),服装鞋帽,运动外套,耐克,1026.92,300.48,3330,6,5.0,2022-02-08,在售
1535,苹果 手机 (银色),电子产品,手机,苹果,1865.9,1377.6,604,4,3.0,2020-06-19,缺货
1536,自然堂 沐浴露 青春版(红色),美妆个护,沐浴露,自然堂,167.35,47.07,4289,27,4.0,2024-01-11,在售
1537,格力 加湿器 限定版,家居生活,加湿器,格力,34.43,21.12,4429,111,3.3,2024-02-09,在售
1538,ZARA 袜子 旗舰版,服装鞋帽,袜子,ZARA,29.62,17.13,4353,101,3.5,2024-04-13,在售
1539,华为 VR设备 Pro(蓝色),电子产品,VR设备,华为,2248.58,1414.8,2315,4,3.8,2022-08-12,下架
1540,英氏 儿童水杯 (银色),母婴用品,儿童水杯,英氏,23.22,10.77,3648,117,4.3,2021-03-05,缺货
1541,老板电器 收纳箱 限定版,家居生活,收纳箱,老板电器,17.44,12.12,3825,184,3.9,2019-06-15,在售
1542,美的 吸尘器 升级版,家居生活,吸尘器,美的,1922.18,1161.99,4672,6,3.9,2020-02-18,在售
1543,海尔 洗碗机 升级版,家居生活,洗碗机,海尔,1989.37,1135.52,1355,2,4.5,2020-01-28,在售
1544,百雀羚 精华液 限定版(白色),美妆个护,精华液,百雀羚,487.01,329.52,2681,8,3.8,2019-08-20,在售
1545,老板电器 厨房刀具 (黑色),家居生活,厨房刀具,老板电器,163.96,90.29,1408,19,5.0,2024-04-26,在售
1546,双立人 垃圾桶 Pro(蓝色),家居生活,垃圾桶,双立人,23.38,15.56,563,130,3.8,2025-04-12,在售
1547,匡威 牛仔裤,服装鞋帽,牛仔裤,匡威,326.48,127.03,993,10,3.3,2022-04-01,在售
1548,方太 灯具 升级版(金色),家居生活,灯具,方太,30.65,21.98,317,112,3.3,2020-10-24,在售
1549,宜家 沙发 标准版,家居生活,沙发,宜家,6197.89,2691.81,953,0,4.5,2021-06-04,在售
1550,德芙 薯片 (灰色),食品饮料,薯片,德芙,4.25,2.46,2502,596,3.9,2020-09-01,在售
1551,H&M 皮带 标准版,服装鞋帽,皮带,H&M,111.15,55.0,4413,37,2.3,2019-04-08,在售
1552,机械工业 漫画 经典款,图书文娱,漫画,机械工业,45.0,14.9,837,98,3.7,2022-01-24,在售
1553,网易严选 微波炉 标准版(金色),家居生活,微波炉,网易严选,822.98,441.78,3757,8,5.0,2021-08-04,在售
1554,百草味 果冻 (灰色),食品饮料,果冻,百草味,10.84,3.65,1380,254,3.9,2023-08-10,在售
1555,电子工业 瑜伽垫 升级版,图书文娱,瑜伽垫,电子工业,123.17,43.44,2908,39,2.3,2025-03-07,在售
1556,雀巢 红酒 新款,食品饮料,红酒,雀巢,64.22,44.57,3178,48,3.6,2023-11-24,在售
1557,海澜之家 睡衣 Pro,服装鞋帽,睡衣,海澜之家,50.52,27.65,4117,54,3.5,2023-07-07,在售
1558,华为 鼠标 Pro(黑色),电子产品,鼠标,华为,22.96,8.16,3036,97,4.2,2022-06-04,在售
1559,海澜之家 太阳镜 Plus(银色),服装鞋帽,太阳镜,海澜之家,429.45,192.15,4993,7,5.0,2021-05-30,在售
1560,三星 音箱 限定版,电子产品,音箱,三星,346.76,246.14,378,8,3.4,2021-05-17,在售
1561,农夫山泉 食用油 旗舰版(蓝色),食品饮料,食用油,农夫山泉,70.98,39.7,4086,49,4.4,2022-02-10,在售
1562,兰蔻 香水 标准版(灰色),美妆个护,香水,兰蔻,64.85,17.27,425,57,3.8,2023-09-09,在售
1563,茅台 咖啡 Plus,食品饮料,咖啡,茅台,94.68,30.66,3508,40,4.5,2023-10-30,在售
1564,爱仕达 床上四件套 (粉色),家居生活,床上四件套,爱仕达,217.89,120.75,1458,17,4.0,2024-03-08,在售
1565,阿迪达斯 袜子 标准版,服装鞋帽,袜子,阿迪达斯,40.58,25.47,4619,74,4.1,2019-02-23,在售
1566,ZARA 运动外套 Pro,服装鞋帽,运动外套,ZARA,378.07,247.71,269,8,4.1,2023-11-07,在售
1567,知乎 小说 标准版,图书文娱,小说,知乎,25.85,7.22,4939,123,2.8,2021-10-08,在售
1568,恰恰 果冻 标准版,食品饮料,果冻,恰恰,7.9,2.91,1240,317,3.8,2020-11-20,在售
1569,知乎 健身器材 限定版,图书文娱,健身器材,知乎,51.06,27.97,3960,81,3.8,2022-06-26,在售
1570,美的 晾衣架 旗舰版,家居生活,晾衣架,美的,15.47,7.02,3574,200,3.1,2019-02-07,缺货
1571,机械工业 小说 新款,图书文娱,小说,机械工业,89.72,64.44,19,22,3.3,2020-04-05,在售
1572,良品铺子 蛋白粉,食品饮料,蛋白粉,良品铺子,113.34,28.4,2917,44,3.5,2022-09-20,在售
1573,李宁 卫衣 青春版(粉色),服装鞋帽,卫衣,李宁,114.68,56.96,714,38,4.3,2020-03-27,在售
1574,戴尔 数据线,电子产品,数据线,戴尔,8.19,5.69,4243,359,3.8,2025-06-16,在售
1575,雪花秀 面膜 升级版,美妆个护,面膜,雪花秀,50.67,13.68,608,61,4.3,2022-06-07,在售
1576,张裕 牛奶 青春版,食品饮料,牛奶,张裕,34.73,18.24,3288,121,3.2,2022-12-09,缺货
1577,雀巢 果冻 旗舰版(粉色),食品饮料,果冻,雀巢,17.81,12.88,1047,204,3.5,2023-08-21,在售
1578,罗技 智能手表 (金色),电子产品,智能手表,罗技,1536.8,761.88,4396,0,2.1,2019-10-12,在售
1579,vivo 投影仪 青春版,电子产品,投影仪,vivo,2052.92,1116.42,416,4,4.0,2025-03-08,在售
1580,花西子 粉底液 经典款(红色),美妆个护,粉底液,花西子,62.82,32.05,242,65,4.0,2019-10-05,在售
1581,好孩子 奶瓶,母婴用品,奶瓶,好孩子,19.92,6.09,1742,152,3.9,2023-03-01,在售
1582,BOSE VR设备,电子产品,VR设备,BOSE,5806.77,2421.21,2903,0,4.3,2020-03-16,在售
1583,英氏 辅食机 经典款,母婴用品,辅食机,英氏,356.03,143.62,3918,13,5.0,2023-05-12,在售
1584,安踏 衬衫 经典款,服装鞋帽,衬衫,安踏,120.52,70.65,2820,27,4.0,2020-06-25,在售
1585,格力 空气净化器 经典款(粉色),家居生活,空气净化器,格力,315.72,176.0,3358,7,3.2,2019-01-16,在售
1586,农夫山泉 肉干 经典款,食品饮料,肉干,农夫山泉,71.14,30.1,350,52,3.4,2023-01-13,在售
1587,森马 帽子 (粉色),服装鞋帽,帽子,森马,65.42,38.47,1790,56,4.0,2025-03-30,缺货
1588,联想 智能家居设备 青春版,电子产品,智能家居设备,联想,164.58,51.04,4618,19,4.0,2021-08-28,在售
1589,太平鸟 袜子 旗舰版,服装鞋帽,袜子,太平鸟,14.7,4.27,1909,187,3.9,2021-03-25,缺货
1590,苹果 投影仪 Pro(红色),电子产品,投影仪,苹果,1760.87,602.16,994,6,4.5,2020-02-17,在售
1591,三星 平板电脑 Plus(蓝色),电子产品,平板电脑,三星,7659.86,3527.01,538,0,3.3,2020-10-28,在售
1592,机械工业 编程书籍 (银色),图书文娱,编程书籍,机械工业,34.94,9.86,1024,90,3.3,2023-09-23,在售
1593,兰蔻 化妆刷 升级版(白色),美妆个护,化妆刷,兰蔻,73.92,30.74,446,59,3.2,2023-04-03,缺货
1594,苏泊尔 晾衣架 Plus(黑色),家居生活,晾衣架,苏泊尔,73.8,24.27,160,35,3.3,2021-04-16,在售
1595,百雀羚 指甲油 青春版,美妆个护,指甲油,百雀羚,44.37,28.95,102,98,3.5,2024-12-25,在售
1596,电子工业 笔记本 Plus,图书文娱,笔记本,电子工业,4.07,3.0,4057,624,3.9,2019-03-27,在售
1597,美赞臣 纸尿裤 (黑色),母婴用品,纸尿裤,美赞臣,232.74,138.21,1920,19,3.0,2023-11-04,在售
1598,网易严选 微波炉 青春版,家居生活,微波炉,网易严选,941.17,317.11,1342,7,2.7,2024-08-16,在售
1599,BOSE 智能手表 (蓝色),电子产品,智能手表,BOSE,735.21,527.36,3075,8,4.3,2019-05-20,在售
1600,李宁 汉服 新款(灰色),服装鞋帽,汉服,李宁,1223.34,760.74,562,4,4.9,2023-10-11,在售
1601,babycare 纸尿裤 旗舰版,母婴用品,纸尿裤,babycare,78.67,47.47,3171,58,3.8,2024-03-06,在售
1602,格力 晾衣架 限定版,家居生活,晾衣架,格力,18.14,7.64,3453,178,3.7,2019-12-20,下架
1603,方太 保温杯 青春版,家居生活,保温杯,方太,243.16,116.43,81,20,4.5,2022-04-23,在售
1604,华为 平板电脑 新款(黑色),电子产品,平板电脑,华为,6651.71,3047.41,1746,0,3.7,2023-03-31,下架
1605,雷蛇 投影仪 标准版,电子产品,投影仪,雷蛇,3165.64,1016.1,355,0,3.6,2025-02-26,在售
1606,格力 垃圾桶 升级版,家居生活,垃圾桶,格力,10.68,6.07,378,315,3.9,2021-12-31,在售
1607,雅诗兰黛 定妆喷雾 限定版,美妆个护,定妆喷雾,雅诗兰黛,24.63,18.2,2329,153,3.2,2021-08-15,缺货
1608,格力 吸尘器,家居生活,吸尘器,格力,373.66,93.56,2689,14,4.3,2023-10-17,在售
1609,UR 西装 经典款,服装鞋帽,西装,UR,914.24,410.07,3291,5,5.0,2021-09-30,在售
1610,海尔 垃圾桶 Plus,家居生活,垃圾桶,海尔,8.31,2.39,4140,359,3.8,2023-07-29,在售
1611,太平鸟 睡衣 青春版(黑色),服装鞋帽,睡衣,太平鸟,229.97,94.17,155,21,4.0,2022-01-23,在售
1612,资生堂 美容仪 青春版(金色),美妆个护,美容仪,资生堂,2127.47,809.52,4200,3,4.9,2024-10-11,在售
1613,京东图书 编程书籍 标准版,图书文娱,编程书籍,京东图书,236.27,90.19,2536,11,1.0,2023-09-18,在售
1614,UR 运动鞋 青春版(银色),服装鞋帽,运动鞋,UR,139.0,57.27,488,22,4.4,2020-06-02,下架
1615,华硕 耳机 新款(红色),电子产品,耳机,华硕,477.13,230.78,247,8,4.2,2025-03-31,在售
1616,启赋 婴儿沐浴露 旗舰版,母婴用品,婴儿沐浴露,启赋,55.13,19.84,3340,43,5.0,2019-07-02,在售
1617,鸿星尔克 汉服 限定版,服装鞋帽,汉服,鸿星尔克,995.86,609.46,567,9,5.0,2023-10-16,在售
1618,知乎 漫画 限定版,图书文娱,漫画,知乎,30.4,14.7,4280,127,4.1,2022-06-26,缺货
1619,格力 抱枕 新款(灰色),家居生活,抱枕,格力,194.15,136.96,1351,20,5.0,2020-05-14,在售
1620,美赞臣 婴儿推车 标准版,母婴用品,婴儿推车,美赞臣,289.22,106.66,1691,16,4.0,2019-02-22,在售
1621,特步 内衣 升级版,服装鞋帽,内衣,特步,25.87,12.69,3937,133,3.1,2019-05-30,在售
1622,奥克斯 窗帘 标准版,家居生活,窗帘,奥克斯,73.63,20.69,4193,28,3.3,2019-12-12,在售
1623,海澜之家 汉服 经典款(金色),服装鞋帽,汉服,海澜之家,151.69,83.78,2684,26,5.0,2023-06-30,缺货
1624,尼康 数据线 标准版,电子产品,数据线,尼康,39.11,20.54,1915,83,4.1,2022-09-15,在售
1625,完美日记 精华液 标准版,美妆个护,精华液,完美日记,278.98,86.17,2880,25,3.5,2019-12-11,在售
1626,全棉时代 婴儿推车 旗舰版,母婴用品,婴儿推车,全棉时代,660.85,182.95,4842,12,5.0,2023-01-17,在售
1627,网易严选 收纳箱 (银色),家居生活,收纳箱,网易严选,33.16,15.26,4251,94,4.1,2023-01-09,在售
1628,新东方 经管书籍 旗舰版(蓝色),图书文娱,经管书籍,新东方,89.88,58.66,4432,26,2.0,2024-04-27,在售
1629,新东方 历史书籍 新款,图书文娱,历史书籍,新东方,70.45,17.84,2159,37,5.0,2023-05-07,在售
1630,启赋 摇铃 升级版,母婴用品,摇铃,启赋,45.97,33.05,3712,73,4.1,2023-06-04,在售
1631,MAC 卸妆水 (银色),美妆个护,卸妆水,MAC,29.94,14.82,4059,95,3.6,2019-09-04,在售
1632,安踏 男装T恤 标准版,服装鞋帽,男装T恤,安踏,272.13,102.55,2449,11,3.0,2021-01-10,在售
1633,欧莱雅 面霜 升级版,美妆个护,面霜,欧莱雅,436.38,153.16,4481,18,4.0,2019-07-15,在售
1634,德芙 咖啡 升级版(粉色),食品饮料,咖啡,德芙,132.49,87.89,4422,33,2.7,2021-02-03,下架
1635,无印良品 餐桌 标准版(灰色),家居生活,餐桌,无印良品,375.81,244.68,415,8,4.0,2020-06-13,缺货
1636,启赋 婴儿背带 标准版(白色),母婴用品,婴儿背带,启赋,45.05,30.38,4154,73,3.6,2019-02-06,在售
1637,索尼 数据线 限定版,电子产品,数据线,索尼,86.04,27.08,2993,39,4.5,2020-08-09,在售
1638,新东方 拼图 Pro(红色),图书文娱,拼图,新东方,21.76,10.38,273,163,3.3,2022-07-09,下架
1639,爱仕达 厨房刀具 升级版,家居生活,厨房刀具,爱仕达,276.89,198.75,1286,27,3.8,2019-02-02,在售
1640,膳魔师 床上四件套 经典款(蓝色),家居生活,床上四件套,膳魔师,1389.28,424.18,2236,5,4.6,2020-07-01,在售
1641,罗技 耳机 经典款,电子产品,耳机,罗技,1363.4,959.97,4477,2,4.1,2019-08-27,在售
1642,当当 文具 Pro,图书文娱,文具,当当,1.42,0.83,1731,1742,3.8,2023-06-19,下架
1643,苏泊尔 加湿器 标准版,家居生活,加湿器,苏泊尔,30.4,14.13,148,126,3.7,2023-09-12,缺货
1644,优衣库 皮带 Plus(红色),服装鞋帽,皮带,优衣库,125.95,91.73,4804,36,3.5,2022-11-25,在售
1645,贝亲 纸尿裤 青春版,母婴用品,纸尿裤,贝亲,89.15,29.72,3430,38,3.0,2023-07-31,在售
1646,张裕 大米 青春版(银色),食品饮料,大米,张裕,18.54,4.86,2060,145,3.0,2020-08-13,下架
1647,人民文学 历史书籍 旗舰版,图书文娱,历史书籍,人民文学,79.61,22.83,1124,35,4.8,2019-05-12,在售
1648,迪奥 精华液 限定版(金色),美妆个护,精华液,迪奥,406.32,181.92,1475,6,4.5,2022-05-24,在售
1649,帮宝适 婴儿床 经典款(灰色),母婴用品,婴儿床,帮宝适,1875.39,1224.98,4824,3,5.0,2022-05-24,在售
1650,森马 内衣 经典款,服装鞋帽,内衣,森马,37.87,10.19,4574,104,3.0,2023-07-02,在售
1651,戴尔 鼠标 新款,电子产品,鼠标,戴尔,139.13,79.33,4238,40,3.6,2020-01-31,在售
1652,小米 路由器 标准版(黑色),电子产品,路由器,小米,255.07,73.22,4123,9,3.0,2020-12-02,缺货
1653,伊利 红酒 (红色),食品饮料,红酒,伊利,264.45,187.79,1226,15,5.0,2024-01-10,在售
1654,中信出版 漫画 新款(金色),图书文娱,漫画,中信出版,49.76,19.25,220,78,4.2,2022-07-23,在售
1655,膳魔师 电风扇,家居生活,电风扇,膳魔师,349.86,162.38,6,10,4.5,2025-06-06,在售
1656,UR 衬衫 青春版,服装鞋帽,衬衫,UR,189.08,49.83,2877,14,4.0,2023-09-29,下架
1657,苹果 智能手表 青春版(黑色),电子产品,智能手表,苹果,687.49,395.68,2217,14,5.0,2024-04-17,在售
1658,好孩子 儿童安全座椅 新款(黑色),母婴用品,儿童安全座椅,好孩子,2069.57,1375.6,3091,0,3.7,2023-10-09,在售
1659,耐克 围巾 旗舰版,服装鞋帽,围巾,耐克,68.21,50.58,1959,47,4.3,2019-03-22,在售
1660,香奈儿 染发剂 青春版(蓝色),美妆个护,染发剂,香奈儿,194.15,94.47,75,14,5.0,2019-04-17,缺货
1661,迪奥 染发剂 经典款(银色),美妆个护,染发剂,迪奥,84.75,61.4,447,27,4.0,2022-03-11,在售
1662,中信出版 笔记本 旗舰版(金色),图书文娱,笔记本,中信出版,33.92,8.49,1717,86,4.2,2020-03-17,下架
1663,可优比 温奶器 经典款,母婴用品,温奶器,可优比,100.89,71.38,27,30,5.0,2019-02-10,在售
1664,海尔 厨房刀具 限定版,家居生活,厨房刀具,海尔,39.3,24.78,111,56,4.4,2022-12-30,在售
1665,H&M 泳衣 升级版,服装鞋帽,泳衣,H&M,102.28,41.99,2569,33,3.5,2022-04-18,在售
1666,网易严选 晾衣架 Plus,家居生活,晾衣架,网易严选,21.27,15.46,3206,143,3.7,2023-03-14,在售
1667,中信出版 拼图 新款,图书文娱,拼图,中信出版,14.48,8.85,2169,215,4.3,2021-08-03,下架
1668,机械工业 笔记本 限定版,图书文娱,笔记本,机械工业,46.86,29.43,3336,84,3.6,2021-05-16,在售
1669,BOSE 鼠标 标准版(粉色),电子产品,鼠标,BOSE,23.02,14.56,4385,147,4.5,2024-04-24,在售
1670,英氏 游泳圈 青春版(红色),母婴用品,游泳圈,英氏,44.34,21.85,3638,79,3.8,2022-04-13,下架
1671,阿迪达斯 内衣 Plus(金色),服装鞋帽,内衣,阿迪达斯,24.07,10.7,93,133,3.6,2023-12-17,在售
1672,茅台 红酒 经典款(黑色),食品饮料,红酒,茅台,49.1,13.31,627,80,3.2,2023-11-12,在售
1673,知乎 笔记本 (粉色),图书文娱,笔记本,知乎,12.3,3.94,3662,222,3.7,2022-02-13,在售
1674,星巴克 蛋白粉 Pro,食品饮料,蛋白粉,星巴克,534.54,366.07,2479,13,5.0,2019-04-29,在售
1675,匡威 袜子 升级版(灰色),服装鞋帽,袜子,匡威,44.24,22.74,467,87,4.2,2020-08-12,在售
1676,华硕 手机 经典款,电子产品,手机,华硕,859.33,559.17,2105,6,3.8,2019-06-11,在售
1677,阿迪达斯 运动外套 标准版(粉色),服装鞋帽,运动外套,阿迪达斯,380.78,215.48,3576,8,5.0,2024-05-09,在售
1678,启赋 童装 限定版,母婴用品,童装,启赋,144.46,73.14,2044,34,3.5,2020-12-16,下架
1679,美的 垃圾桶 标准版,家居生活,垃圾桶,美的,10.63,6.0,403,236,3.9,2019-02-03,在售
1680,中信出版 经管书籍 旗舰版(金色),图书文娱,经管书籍,中信出版,60.66,25.48,2627,57,4.0,2019-01-16,在售
1681,无印良品 餐桌 Plus,家居生活,餐桌,无印良品,332.76,220.8,4541,21,5.0,2025-05-27,在售
1682,海澜之家 运动鞋 Plus(灰色),服装鞋帽,运动鞋,海澜之家,286.88,91.02,4029,10,4.8,2024-06-01,在售
1683,网易严选 电饭煲 Plus,家居生活,电饭煲,网易严选,992.08,737.39,3813,2,4.4,2022-08-30,在售
1684,资生堂 化妆刷 Plus(金色),美妆个护,化妆刷,资生堂,83.95,38.24,136,29,3.5,2021-03-05,在售
1685,太平鸟 泳衣 新款,服装鞋帽,泳衣,太平鸟,396.18,214.26,3280,10,4.8,2019-01-30,在售
1686,波司登 太阳镜 Pro,服装鞋帽,太阳镜,波司登,240.55,162.57,2722,27,5.0,2022-12-11,在售
1687,得到 篮球 (银色),图书文娱,篮球,得到,94.0,64.62,3472,32,4.5,2020-04-06,在售
1688,资生堂 洗面奶 新款(粉色),美妆个护,洗面奶,资生堂,43.41,23.77,4182,78,3.6,2024-03-10,下架
1689,九阳 垃圾桶 标准版,家居生活,垃圾桶,九阳,7.43,4.54,3020,342,3.6,2023-03-15,下架
1690,费列罗 牛奶 Pro(红色),食品饮料,牛奶,费列罗,44.38,29.09,2199,80,3.8,2024-01-20,缺货
1691,电子工业 篮球 限定版,图书文娱,篮球,电子工业,134.24,48.97,4436,38,3.0,2024-07-03,在售
1692,联想 手机 经典款(金色),电子产品,手机,联想,797.36,427.18,3323,1,3.8,2021-02-05,在售
1693,中信出版 书法字帖 Plus(黑色),图书文娱,书法字帖,中信出版,11.11,3.58,587,273,4.0,2024-05-05,下架
1694,迪奥 护手霜 Pro,美妆个护,护手霜,迪奥,70.52,51.06,352,75,3.9,2020-05-04,在售
1695,索尼 游戏主机 经典款,电子产品,游戏主机,索尼,3018.73,943.62,1389,0,3.9,2024-06-28,在售
1696,星巴克 进口饼干 升级版,食品饮料,进口饼干,星巴克,24.96,8.34,3163,141,3.9,2023-08-02,在售
1697,完美日记 护手霜 经典款,美妆个护,护手霜,完美日记,9.26,3.89,222,307,3.8,2023-09-29,在售
1698,当当 书法字帖 限定版(蓝色),图书文娱,书法字帖,当当,35.38,12.38,2139,83,4.2,2024-05-28,在售
1699,欧莱雅 眉笔,美妆个护,眉笔,欧莱雅,43.8,16.51,3358,66,4.3,2024-07-09,在售
1700,宜家 抱枕 升级版(蓝色),家居生活,抱枕,宜家,24.8,15.22,1469,102,4.2,2025-06-05,在售
1701,中信出版 笔记本 青春版,图书文娱,笔记本,中信出版,5.7,1.56,3253,429,3.9,2021-04-20,下架
1702,海澜之家 太阳镜 升级版,服装鞋帽,太阳镜,海澜之家,101.86,47.4,4798,45,3.7,2022-04-14,在售
1703,好奇 婴儿推车 Plus(红色),母婴用品,婴儿推车,好奇,1995.8,1493.16,4956,1,4.2,2023-05-27,缺货
1704,尼康 相机 Plus(白色),电子产品,相机,尼康,10796.34,5752.76,3225,2,4.0,2019-12-22,在售
1705,爱他美 婴儿湿巾 经典款(红色),母婴用品,婴儿湿巾,爱他美,19.76,13.94,3866,147,3.7,2019-11-07,在售
1706,电子工业 拼图 Plus(金色),图书文娱,拼图,电子工业,32.12,17.36,4338,103,4.2,2023-05-28,在售
1707,中信出版 英语教材 旗舰版,图书文娱,英语教材,中信出版,80.01,27.53,3364,55,3.0,2020-09-03,在售
1708,三只松鼠 方便面 限定版,食品饮料,方便面,三只松鼠,4.47,3.3,4866,595,3.7,2020-04-25,在售
1709,双立人 吸尘器 限定版,家居生活,吸尘器,双立人,583.01,356.82,3827,18,5.0,2023-07-22,在售
1710,戴尔 笔记本电脑 Plus(蓝色),电子产品,笔记本电脑,戴尔,3028.9,1811.32,328,2,4.6,2022-04-24,缺货
1711,三星 数据线 青春版(红色),电子产品,数据线,三星,6.07,3.32,2399,441,3.7,2023-01-04,在售
1712,耐克 内衣 限定版,服装鞋帽,内衣,耐克,56.71,42.43,2116,60,3.7,2021-05-23,在售
1713,格力 收纳箱 经典款(蓝色),家居生活,收纳箱,格力,89.99,51.43,4514,33,3.0,2023-03-02,在售
1714,老板电器 空气净化器 Plus(银色),家居生活,空气净化器,老板电器,1766.83,574.96,4752,2,4.4,2022-09-01,下架
1715,UR 羽绒服 标准版(红色),服装鞋帽,羽绒服,UR,2735.91,909.82,1484,2,4.4,2024-10-03,在售
1716,迪奥 洗面奶 升级版,美妆个护,洗面奶,迪奥,54.27,18.01,2781,53,3.4,2023-09-06,缺货
1717,飞鹤 童装 Pro(红色),母婴用品,童装,飞鹤,274.49,172.92,4261,7,3.3,2022-07-04,在售
1718,恰恰 糖果 升级版(黑色),食品饮料,糖果,恰恰,20.48,14.07,3997,149,3.9,2019-02-12,在售
1719,爱仕达 灯具 新款(红色),家居生活,灯具,爱仕达,55.73,35.12,916,76,3.9,2022-01-16,在售
1720,京东图书 钢笔 标准版(灰色),图书文娱,钢笔,京东图书,570.45,228.59,1283,12,3.3,2023-02-09,在售
1721,索尼 耳机 青春版(白色),电子产品,耳机,索尼,1546.81,645.16,1526,0,3.6,2022-03-10,在售
1722,飞鹤 温奶器 Pro(银色),母婴用品,温奶器,飞鹤,71.83,48.78,4027,69,4.1,2025-02-11,在售
1723,中信出版 小说 新款(灰色),图书文娱,小说,中信出版,13.87,10.18,4211,215,3.6,2024-10-26,在售
1724,可优比 温奶器 新款,母婴用品,温奶器,可优比,236.1,148.13,2598,9,5.0,2023-07-05,缺货
1725,苹果 智能手表 经典款,电子产品,智能手表,苹果,3270.41,1825.02,310,0,4.6,2019-05-21,在售
1726,子初 温奶器 升级版,母婴用品,温奶器,子初,252.6,141.85,41,14,5.0,2024-04-08,在售
1727,海澜之家 高跟鞋 Plus(白色),服装鞋帽,高跟鞋,海澜之家,837.26,439.97,4913,4,5.0,2022-07-11,在售
1728,可优比 积木玩具 Pro,母婴用品,积木玩具,可优比,53.93,24.15,4634,73,4.3,2023-01-11,在售
1729,张裕 调味料 升级版,食品饮料,调味料,张裕,20.88,8.45,3969,146,3.5,2024-03-17,在售
1730,鸿星尔克 衬衫 经典款(白色),服装鞋帽,衬衫,鸿星尔克,175.1,114.07,3392,26,4.7,2022-09-15,下架
1731,恰恰 红酒 新款,食品饮料,红酒,恰恰,40.59,25.71,449,84,3.8,2025-05-13,在售
1732,联想 游戏主机,电子产品,游戏主机,联想,3980.73,1128.62,230,0,4.5,2023-02-25,在售
1733,爱仕达 洗碗机 限定版,家居生活,洗碗机,爱仕达,5861.68,3019.22,946,4,4.8,2019-03-04,在售
1734,好孩子 婴儿背带 标准版(红色),母婴用品,婴儿背带,好孩子,156.63,42.13,2709,15,2.0,2021-04-08,在售
1735,双立人 窗帘 新款,家居生活,窗帘,双立人,108.48,49.28,3920,45,4.0,2024-02-27,在售
1736,飞鹤 婴儿沐浴露 限定版,母婴用品,婴儿沐浴露,飞鹤,104.44,62.98,945,59,4.7,2019-01-31,在售
1737,兰蔻 美容仪 新款(白色),美妆个护,美容仪,兰蔻,2515.31,1308.67,2728,1,4.0,2022-01-04,在售
1738,波司登 羽绒服 青春版,服装鞋帽,羽绒服,波司登,1093.88,788.24,799,2,3.0,2019-10-28,在售
1739,张裕 蛋白粉 旗舰版,食品饮料,蛋白粉,张裕,244.22,138.07,2208,18,5.0,2023-05-18,在售
1740,好奇 婴儿奶粉 Plus(黑色),母婴用品,婴儿奶粉,好奇,107.39,36.81,82,36,3.5,2024-05-18,在售
1741,匡威 帽子 青春版(白色),服装鞋帽,帽子,匡威,61.33,19.56,58,43,2.0,2021-11-17,在售
1742,自然堂 面膜 (黑色),美妆个护,面膜,自然堂,110.87,64.3,3146,29,4.2,2020-06-28,在售
1743,帮宝适 儿童安全座椅 标准版,母婴用品,儿童安全座椅,帮宝适,3865.72,1971.19,86,4,2.6,2023-08-19,在售
1744,张裕 保健品 限定版,食品饮料,保健品,张裕,428.63,300.04,1014,14,5.0,2024-06-01,在售
1745,新东方 笔记本 标准版(银色),图书文娱,笔记本,新东方,37.18,15.82,803,70,3.0,2021-11-29,在售
1746,恰恰 保健品 标准版,食品饮料,保健品,恰恰,114.6,64.48,3734,33,3.7,2019-11-28,在售
1747,中信出版 科幻小说 限定版(灰色),图书文娱,科幻小说,中信出版,55.8,19.94,4857,46,2.8,2024-02-22,在售
1748,双立人 晾衣架 经典款(蓝色),家居生活,晾衣架,双立人,12.85,9.1,3356,235,3.9,2021-07-14,在售
1749,森马 休闲裤 经典款,服装鞋帽,休闲裤,森马,324.82,84.47,316,23,4.0,2022-09-29,在售
1750,格力 电饭煲 限定版(黑色),家居生活,电饭煲,格力,146.97,67.0,3,10,3.9,2024-04-12,在售
1751,飞鹤 奶瓶 Pro,母婴用品,奶瓶,飞鹤,30.11,21.4,4184,109,4.5,2024-10-06,在售
1752,膳魔师 电风扇 旗舰版(金色),家居生活,电风扇,膳魔师,286.91,142.73,4074,21,5.0,2019-03-25,缺货
1753,五粮液 饮料 青春版,食品饮料,饮料,五粮液,5.52,2.8,890,481,3.8,2019-10-02,在售
1754,尼康 VR设备 限定版,电子产品,VR设备,尼康,1028.57,453.5,189,2,5.0,2021-06-18,在售
1755,好孩子 儿童水杯 Plus,母婴用品,儿童水杯,好孩子,85.32,25.71,2326,46,4.0,2019-01-26,在售
1756,三星 内存卡 新款,电子产品,内存卡,三星,27.06,15.97,319,123,3.4,2022-04-17,在售
1757,京东图书 科幻小说 (粉色),图书文娱,科幻小说,京东图书,10.31,5.58,3936,271,4.1,2025-05-10,在售
1758,vivo 相机 新款(白色),电子产品,相机,vivo,1501.03,908.97,4167,2,4.0,2025-01-27,下架
1759,优衣库 男装T恤 新款,服装鞋帽,男装T恤,优衣库,36.51,12.21,3555,69,2.9,2021-06-12,在售
1760,华为 智能家居设备 青春版(灰色),电子产品,智能家居设备,华为,1277.04,524.01,122,1,4.6,2021-09-07,在售
1761,罗技 音箱 Plus,电子产品,音箱,罗技,204.24,73.6,4977,7,3.6,2024-01-06,在售
1762,小米 投影仪 青春版,电子产品,投影仪,小米,1361.57,737.27,216,1,3.9,2021-11-12,在售
1763,花王 婴儿背带 经典款,母婴用品,婴儿背带,花王,211.37,98.46,3618,19,4.0,2022-11-14,在售
1764,伊利 茶叶 经典款,食品饮料,茶叶,伊利,54.75,33.24,4650,45,4.0,2022-06-12,下架
1765,UR 睡衣 升级版,服装鞋帽,睡衣,UR,109.56,34.65,61,31,4.5,2023-01-22,在售
1766,宜家 空气净化器,家居生活,空气净化器,宜家,395.57,295.42,828,9,3.9,2022-01-28,在售
1767,得到 科幻小说 经典款,图书文娱,科幻小说,得到,29.9,15.38,2545,102,4.0,2023-02-23,在售
1768,三只松鼠 食用油 升级版,食品饮料,食用油,三只松鼠,30.98,8.04,4273,112,4.4,2024-07-19,在售
1769,H&M 西装 经典款,服装鞋帽,西装,H&M,710.07,358.34,2296,6,1.0,2025-01-08,下架
1770,全棉时代 婴儿湿巾 (白色),母婴用品,婴儿湿巾,全棉时代,16.28,8.08,428,162,3.7,2022-02-14,在售
1771,三只松鼠 咖啡 Pro,食品饮料,咖啡,三只松鼠,79.64,47.08,252,52,4.2,2020-11-03,缺货
1772,耐克 运动鞋 (黑色),服装鞋帽,运动鞋,耐克,105.29,44.58,402,32,3.5,2023-10-17,在售
1773,中信出版 心理学 升级版,图书文娱,心理学,中信出版,47.95,30.35,4695,51,3.6,2023-01-18,在售
1774,雅诗兰黛 定妆喷雾 标准版,美妆个护,定妆喷雾,雅诗兰黛,99.03,51.89,336,33,4.0,2023-06-25,在售
1775,京东图书 笔记本 新款(红色),图书文娱,笔记本,京东图书,65.36,48.97,1086,38,3.5,2023-02-28,在售
1776,飞鹤 婴儿床 升级版,母婴用品,婴儿床,飞鹤,1150.74,476.89,1991,5,3.6,2019-06-24,在售
1777,启赋 儿童帐篷 限定版(灰色),母婴用品,儿童帐篷,启赋,310.42,87.86,4470,18,1.0,2022-02-16,在售
1778,帮宝适 婴儿奶粉 旗舰版(白色),母婴用品,婴儿奶粉,帮宝适,303.63,103.41,67,18,4.0,2020-08-23,缺货
1779,三星 投影仪 限定版(黑色),电子产品,投影仪,三星,1013.74,466.03,4343,7,4.0,2021-10-30,在售
1780,苏泊尔 电饭煲 旗舰版,家居生活,电饭煲,苏泊尔,490.23,354.73,3968,6,4.0,2022-01-09,在售
1781,BOSE 显示器 新款,电子产品,显示器,BOSE,4649.48,2500.98,3583,4,3.7,2025-01-24,缺货
1782,方太 洗碗机 标准版,家居生活,洗碗机,方太,3837.02,2863.77,4023,14,2.0,2021-11-03,在售
1783,全棉时代 积木玩具 升级版,母婴用品,积木玩具,全棉时代,30.33,11.32,2191,109,4.3,2020-12-01,在售
1784,美赞臣 摇铃 新款(黑色),母婴用品,摇铃,美赞臣,25.97,6.51,3918,126,3.8,2020-12-15,在售
1785,迪奥 面霜 Pro(灰色),美妆个护,面霜,迪奥,65.5,37.25,849,49,2.7,2021-02-06,在售
1786,来伊份 大米,食品饮料,大米,来伊份,22.87,11.18,878,151,4.0,2024-08-19,在售
1787,玉兰油 粉底液 Plus,美妆个护,粉底液,玉兰油,43.92,12.56,4959,62,3.9,2022-10-22,在售
1788,机械工业 拼图 限定版,图书文娱,拼图,机械工业,15.5,10.73,4042,188,3.6,2021-12-05,在售
1789,茅台 牛奶 限定版,食品饮料,牛奶,茅台,20.14,9.98,65,155,3.8,2024-05-28,在售
1790,电子工业 乐器 限定版(蓝色),图书文娱,乐器,电子工业,9554.55,4012.58,2219,2,4.0,2023-03-20,在售
1791,方太 地毯 经典款,家居生活,地毯,方太,641.72,447.55,1877,8,3.7,2024-01-05,在售
1792,罗技 路由器 旗舰版(粉色),电子产品,路由器,罗技,161.59,117.24,4628,27,3.3,2021-02-27,缺货
1793,五粮液 红酒,食品饮料,红酒,五粮液,194.55,141.46,360,17,3.0,2020-10-23,在售
1794,无印良品 电风扇 升级版,家居生活,电风扇,无印良品,987.21,436.06,733,7,4.5,2021-12-27,缺货
1795,ZARA 女装连衣裙 标准版(蓝色),服装鞋帽,女装连衣裙,ZARA,171.74,89.86,4936,45,3.4,2021-03-01,下架
1796,倩碧 面膜 标准版(灰色),美妆个护,面膜,倩碧,227.21,148.96,1542,29,2.0,2022-06-26,在售
1797,香奈儿 染发剂 Plus,美妆个护,染发剂,香奈儿,173.16,119.51,239,28,4.0,2024-08-08,在售
1798,耐克 皮带,服装鞋帽,皮带,耐克,52.07,31.38,789,60,3.6,2021-03-03,在售
1799,启赋 婴儿床 升级版(黑色),母婴用品,婴儿床,启赋,1047.12,600.29,154,4,4.7,2023-10-27,在售
1800,倩碧 眼影盘 经典款(蓝色),美妆个护,眼影盘,倩碧,72.22,43.54,2299,48,4.0,2020-02-25,下架
1801,三星 键盘 旗舰版(银色),电子产品,键盘,三星,77.05,29.57,1573,57,4.2,2023-06-03,下架
1802,惠氏 辅食机 升级版(白色),母婴用品,辅食机,惠氏,254.01,85.9,269,23,4.0,2025-05-13,下架
1803,飞鹤 婴儿推车 青春版,母婴用品,婴儿推车,飞鹤,226.11,148.51,438,4,1.0,2023-10-11,下架
1804,小米 相机 标准版(白色),电子产品,相机,小米,880.01,343.59,1740,0,4.0,2020-09-14,在售
1805,三只松鼠 保健品 Plus,食品饮料,保健品,三只松鼠,332.33,162.4,4708,8,2.3,2022-02-23,下架
1806,五粮液 调味料 标准版(灰色),食品饮料,调味料,五粮液,4.53,1.26,425,574,3.7,2021-10-12,在售
1807,雅诗兰黛 定妆喷雾 青春版,美妆个护,定妆喷雾,雅诗兰黛,142.82,67.21,4554,43,2.0,2019-03-12,在售
1808,罗技 相机 新款(蓝色),电子产品,相机,罗技,8236.46,3344.73,2079,0,3.6,2025-02-18,缺货
1809,全棉时代 奶瓶 限定版(银色),母婴用品,奶瓶,全棉时代,209.25,93.87,3265,25,4.0,2020-05-29,在售
1810,飞鹤 辅食机 旗舰版,母婴用品,辅食机,飞鹤,340.06,232.87,1110,14,4.0,2023-04-23,在售
1811,太平鸟 围巾 Pro,服装鞋帽,围巾,太平鸟,132.22,56.86,2308,34,4.3,2025-05-23,在售
1812,vivo VR设备 Plus,电子产品,VR设备,vivo,3022.33,1036.94,2681,0,5.0,2022-09-13,在售
1813,机械工业 考研资料 青春版,图书文娱,考研资料,机械工业,281.59,101.11,807,17,3.0,2019-01-25,在售
1814,子初 奶瓶 旗舰版,母婴用品,奶瓶,子初,162.18,87.79,3015,21,4.3,2020-05-17,在售
1815,SK-II 洗发水 限定版(红色),美妆个护,洗发水,SK-II,49.52,15.3,2522,71,3.0,2020-04-17,在售
1816,美赞臣 奶瓶 旗舰版(白色),母婴用品,奶瓶,美赞臣,31.64,23.18,765,85,4.5,2019-09-10,在售
1817,三只松鼠 坚果零食 Pro,食品饮料,坚果零食,三只松鼠,62.29,38.42,47,74,3.7,2019-09-14,在售
1818,无印良品 收纳箱 标准版(白色),家居生活,收纳箱,无印良品,27.24,17.68,807,105,3.7,2024-06-03,在售
1819,特步 女装连衣裙 限定版,服装鞋帽,女装连衣裙,特步,825.8,460.55,504,6,4.4,2020-01-22,缺货
1820,良品铺子 进口饼干 升级版(粉色),食品饮料,进口饼干,良品铺子,16.64,5.55,582,188,4.0,2021-05-24,在售
1821,机械工业 乐器,图书文娱,乐器,机械工业,1116.12,293.75,433,0,3.6,2021-12-07,在售
1822,babycare 婴儿背带 Pro(金色),母婴用品,婴儿背带,babycare,275.73,111.68,405,11,3.5,2021-05-18,在售
1823,机械工业 文具 升级版,图书文娱,文具,机械工业,21.01,5.28,52,121,3.4,2022-07-17,在售
1824,伊利 燕窝 新款,食品饮料,燕窝,伊利,516.88,182.57,1916,10,2.9,2023-08-05,在售
1825,李宁 太阳镜 升级版,服装鞋帽,太阳镜,李宁,33.93,14.56,364,78,4.3,2019-06-19,在售
1826,百雀羚 沐浴露 青春版,美妆个护,沐浴露,百雀羚,163.94,101.84,3490,31,3.0,2019-08-29,在售
1827,百雀羚 防晒霜 Pro,美妆个护,防晒霜,百雀羚,34.09,17.61,2211,96,3.6,2020-09-22,缺货
1828,飞鹤 奶瓶 新款,母婴用品,奶瓶,飞鹤,25.53,12.62,2257,89,3.4,2023-09-09,在售
1829,优衣库 休闲裤 Pro,服装鞋帽,休闲裤,优衣库,52.43,34.25,921,66,4.1,2019-12-01,下架
1830,BOSE 打印机 旗舰版(金色),电子产品,打印机,BOSE,847.96,427.69,3534,8,5.0,2021-08-19,在售
1831,戴尔 智能手表 Plus,电子产品,智能手表,戴尔,2781.61,2045.01,2359,1,4.0,2024-05-16,在售
1832,美的 加湿器 限定版,家居生活,加湿器,美的,39.37,18.46,1877,85,3.5,2019-08-19,下架
1833,百草味 糖果 Pro,食品饮料,糖果,百草味,14.78,6.37,2648,206,3.6,2019-12-13,在售
1834,好孩子 婴儿推车 升级版,母婴用品,婴儿推车,好孩子,1000.38,321.8,4082,8,3.0,2020-10-23,在售
1835,美赞臣 游泳圈 升级版,母婴用品,游泳圈,美赞臣,30.2,10.25,3672,97,3.2,2021-11-06,缺货
1836,babycare 奶瓶 旗舰版,母婴用品,奶瓶,babycare,209.96,70.99,3672,22,4.0,2023-01-03,下架
1837,安踏 皮带 旗舰版,服装鞋帽,皮带,安踏,209.98,73.81,4005,21,3.0,2024-05-12,在售
1838,当当 围棋 新款,图书文娱,围棋,当当,204.99,51.65,2520,21,4.5,2019-06-07,在售
1839,美赞臣 婴儿推车 标准版(银色),母婴用品,婴儿推车,美赞臣,520.58,170.71,1831,10,4.0,2022-08-01,在售
1840,华硕 音箱 青春版,电子产品,音箱,华硕,231.22,147.02,1899,13,2.6,2024-07-26,下架
1841,九阳 灯具 青春版,家居生活,灯具,九阳,162.29,96.09,3666,22,5.0,2020-08-30,在售
1842,babycare 游泳圈 Plus,母婴用品,游泳圈,babycare,27.8,7.87,1173,101,4.2,2023-02-15,在售
1843,全棉时代 童装 (粉色),母婴用品,童装,全棉时代,97.49,49.12,4397,49,2.8,2021-07-05,在售
1844,安踏 帽子 (金色),服装鞋帽,帽子,安踏,83.53,33.43,4118,52,3.6,2023-01-30,在售
1845,茅台 肉干 Pro,食品饮料,肉干,茅台,37.05,19.55,275,74,3.5,2021-04-27,在售
1846,知乎 历史书籍 新款(红色),图书文娱,历史书籍,知乎,18.33,4.89,2977,160,4.2,2023-12-10,在售
1847,人民文学 编程书籍 经典款,图书文娱,编程书籍,人民文学,66.48,41.68,4490,34,3.4,2021-08-31,在售
1848,格力 厨房刀具 升级版(蓝色),家居生活,厨房刀具,格力,116.45,52.63,810,29,3.3,2019-01-10,在售
1849,佳能 手机 (灰色),电子产品,手机,佳能,907.85,448.06,4126,4,4.4,2019-12-18,下架
1850,香奈儿 洗面奶 新款,美妆个护,洗面奶,香奈儿,196.7,56.33,4836,20,3.0,2019-08-10,在售
1851,新东方 儿童绘本 旗舰版(黑色),图书文娱,儿童绘本,新东方,11.64,5.05,2505,268,3.7,2019-07-17,在售
1852,新东方 经管书籍 标准版(银色),图书文娱,经管书籍,新东方,75.16,34.32,3040,25,5.0,2020-04-05,在售
1853,好奇 婴儿推车 升级版(银色),母婴用品,婴儿推车,好奇,345.95,142.05,1507,5,4.0,2019-05-01,在售
1854,爱他美 早教机 限定版(银色),母婴用品,早教机,爱他美,340.64,252.93,412,18,3.7,2019-07-10,在售
1855,飞鹤 儿童水杯 旗舰版(银色),母婴用品,儿童水杯,飞鹤,99.19,33.61,2323,36,4.3,2021-04-29,缺货
1856,佳能 耳机 Plus(灰色),电子产品,耳机,佳能,342.95,89.49,3146,5,5.0,2019-08-16,在售
1857,BOSE 平板电脑 Pro(粉色),电子产品,平板电脑,BOSE,1553.19,404.12,2639,3,4.0,2022-04-15,在售
1858,当当 书法字帖 新款(蓝色),图书文娱,书法字帖,当当,38.57,28.02,1890,62,4.1,2023-07-28,在售
1859,美赞臣 婴儿背带 限定版(灰色),母婴用品,婴儿背带,美赞臣,83.84,44.67,1213,58,4.0,2022-03-13,在售
1860,波司登 卫衣 Plus,服装鞋帽,卫衣,波司登,147.26,58.04,2004,22,4.0,2022-12-03,在售
1861,帮宝适 儿童帐篷 升级版(黑色),母婴用品,儿童帐篷,帮宝适,99.66,57.6,338,27,4.4,2023-03-28,在售
1862,帮宝适 纸尿裤 Pro,母婴用品,纸尿裤,帮宝适,132.61,95.34,2485,22,5.0,2023-11-23,下架
1863,美赞臣 儿童安全座椅 青春版(灰色),母婴用品,儿童安全座椅,美赞臣,2149.42,948.26,1639,9,5.0,2021-07-12,在售
1864,全棉时代 婴儿背带 青春版(粉色),母婴用品,婴儿背带,全棉时代,77.6,43.3,1391,47,3.7,2025-05-21,在售
1865,雪花秀 定妆喷雾 青春版,美妆个护,定妆喷雾,雪花秀,52.22,25.06,3873,80,4.0,2022-10-02,下架
1866,方太 晾衣架 Plus(银色),家居生活,晾衣架,方太,33.06,21.88,3712,104,3.3,2021-08-30,在售
1867,德芙 咖啡 Plus(蓝色),食品饮料,咖啡,德芙,31.48,10.85,8,67,4.5,2023-12-17,在售
1868,得到 编程书籍 青春版,图书文娱,编程书籍,得到,128.21,67.88,3176,24,4.0,2021-10-20,在售
1869,新东方 篮球 (白色),图书文娱,篮球,新东方,437.57,180.62,4189,10,4.2,2023-11-22,在售
1870,人民文学 文具 限定版,图书文娱,文具,人民文学,4.39,2.8,3604,646,3.9,2019-08-16,缺货
1871,波司登 女装连衣裙 Pro,服装鞋帽,女装连衣裙,波司登,915.55,681.66,4117,0,5.0,2023-02-24,在售
1872,华为 手机 Plus,电子产品,手机,华为,4222.68,1472.82,4441,0,4.1,2019-04-26,在售
1873,太平鸟 西装 青春版,服装鞋帽,西装,太平鸟,2473.46,723.49,3999,2,4.0,2020-01-30,在售
1874,vivo 路由器 限定版,电子产品,路由器,vivo,486.3,248.95,1950,12,2.0,2025-05-25,在售
1875,机械工业 英语教材 标准版(银色),图书文娱,英语教材,机械工业,79.23,52.9,2596,58,4.2,2024-03-17,在售
1876,飞鹤 温奶器 经典款(蓝色),母婴用品,温奶器,飞鹤,61.12,18.51,418,60,4.4,2025-03-23,在售
1877,蒙牛 坚果零食 Plus,食品饮料,坚果零食,蒙牛,93.61,33.93,2794,24,2.5,2025-06-20,在售
1878,机械工业 经管书籍 标准版,图书文娱,经管书籍,机械工业,41.26,29.47,3043,69,4.0,2024-07-30,在售
1879,知乎 拼图 Pro,图书文娱,拼图,知乎,40.9,16.33,1455,96,3.7,2023-07-02,在售
1880,匡威 围巾 旗舰版,服装鞋帽,围巾,匡威,19.63,9.25,129,172,4.3,2021-09-01,在售
1881,尼康 投影仪,电子产品,投影仪,尼康,6135.35,2534.94,4836,0,4.6,2020-02-15,在售
1882,波司登 内衣 (银色),服装鞋帽,内衣,波司登,62.06,41.11,4695,55,3.0,2025-03-20,在售
1883,英氏 婴儿沐浴露 (红色),母婴用品,婴儿沐浴露,英氏,33.23,19.74,380,107,3.7,2023-08-06,下架
1884,雪花秀 指甲油 升级版,美妆个护,指甲油,雪花秀,45.0,15.02,3862,68,4.0,2024-10-25,在售
1885,三星 平板电脑 升级版,电子产品,平板电脑,三星,7325.08,3318.97,517,0,4.3,2019-02-10,在售
1886,英氏 婴儿床,母婴用品,婴儿床,英氏,380.38,209.69,3772,15,3.0,2024-02-15,在售
1887,中信出版 钢笔 Plus(银色),图书文娱,钢笔,中信出版,39.03,26.17,3875,81,4.4,2025-03-07,在售
1888,海尔 电风扇 经典款(黑色),家居生活,电风扇,海尔,740.66,185.32,2529,11,5.0,2022-11-29,下架
1889,苏泊尔 晾衣架 旗舰版(蓝色),家居生活,晾衣架,苏泊尔,78.17,38.54,2539,52,4.3,2022-10-07,在售
1890,来伊份 方便面 标准版,食品饮料,方便面,来伊份,28.39,20.66,2732,118,3.2,2023-01-23,在售
1891,宜家 厨房刀具,家居生活,厨房刀具,宜家,101.4,63.69,2359,41,4.7,2023-07-13,在售
1892,蒙牛 坚果零食 新款(金色),食品饮料,坚果零食,蒙牛,25.85,11.26,1707,125,4.0,2021-12-16,在售
1893,老板电器 厨房刀具 限定版(黑色),家居生活,厨房刀具,老板电器,32.9,17.57,1885,66,4.1,2023-11-28,下架
1894,农夫山泉 大米 Pro,食品饮料,大米,农夫山泉,22.95,11.22,3287,129,3.3,2021-04-24,在售
1895,百草味 燕窝,食品饮料,燕窝,百草味,1122.74,797.13,4324,6,5.0,2023-10-02,在售
1896,伊利 蜂蜜 Plus,食品饮料,蜂蜜,伊利,77.97,29.65,3867,58,4.0,2019-02-13,在售
1897,花西子 化妆刷 Pro,美妆个护,化妆刷,花西子,29.31,18.74,4611,121,3.6,2025-04-16,在售
1898,雅诗兰黛 口红 Plus,美妆个护,口红,雅诗兰黛,53.71,37.09,3459,62,2.9,2019-03-21,在售
1899,佳能 智能家居设备 青春版,电子产品,智能家居设备,佳能,1072.18,449.88,4429,10,3.9,2020-07-15,下架
1900,知乎 考研资料 限定版(白色),图书文娱,考研资料,知乎,136.96,43.85,2134,25,2.0,2023-12-16,缺货
1901,花王 纸尿裤 Plus(粉色),母婴用品,纸尿裤,花王,58.36,34.49,427,52,2.5,2022-05-31,在售
1902,子初 儿童帐篷 青春版(黑色),母婴用品,儿童帐篷,子初,246.46,166.92,2158,8,4.6,2024-06-09,在售
1903,新东方 文具 标准版(粉色),图书文娱,文具,新东方,1.24,0.6,458,1837,3.8,2019-05-10,缺货
1904,爱他美 婴儿奶粉 青春版,母婴用品,婴儿奶粉,爱他美,235.22,111.91,3839,21,4.5,2022-03-15,在售
1905,李宁 卫衣 标准版,服装鞋帽,卫衣,李宁,90.9,61.23,2243,45,3.5,2020-07-31,在售
1906,ZARA 西装 Plus,服装鞋帽,西装,ZARA,1694.54,1066.89,2319,0,4.8,2021-11-13,在售
1907,戴森 灯具 新款(灰色),家居生活,灯具,戴森,694.37,509.92,551,7,3.0,2019-02-15,在售
1908,张裕 巧克力 Pro(红色),食品饮料,巧克力,张裕,15.34,10.38,4349,173,3.8,2020-09-20,在售
1909,BOSE 音箱 青春版,电子产品,音箱,BOSE,483.15,286.33,73,5,4.9,2021-06-07,在售
1910,贝亲 儿童水杯 经典款(银色),母婴用品,儿童水杯,贝亲,22.43,8.12,902,144,4.1,2021-07-13,在售
1911,李宁 汉服 Plus,服装鞋帽,汉服,李宁,186.77,85.45,420,10,5.0,2019-10-13,缺货
1912,茅台 糖果 Pro(粉色),食品饮料,糖果,茅台,20.76,5.34,1313,140,3.9,2022-07-04,在售
1913,星巴克 红酒 Plus,食品饮料,红酒,星巴克,45.32,22.76,4592,68,3.2,2019-04-14,在售
1914,九阳 晾衣架 标准版(白色),家居生活,晾衣架,九阳,40.41,27.0,779,77,4.2,2024-12-18,在售
1915,欧莱雅 面霜 Plus(银色),美妆个护,面霜,欧莱雅,177.19,123.15,4792,28,5.0,2020-07-22,在售
1916,九阳 地毯,家居生活,地毯,九阳,711.52,440.84,3207,6,5.0,2022-09-12,在售
1917,OPPO 音箱 限定版(金色),电子产品,音箱,OPPO,212.31,71.56,1705,12,1.9,2020-09-22,在售
1918,花王 爬行垫 经典款(蓝色),母婴用品,爬行垫,花王,179.47,57.26,3589,22,4.0,2020-01-09,在售
1919,无印良品 厨房刀具 Plus(黑色),家居生活,厨房刀具,无印良品,189.51,95.64,2652,20,3.7,2025-05-03,缺货
1920,双立人 电风扇 标准版(黑色),家居生活,电风扇,双立人,414.4,112.7,2186,15,3.0,2023-01-15,在售
1921,海尔 加湿器,家居生活,加湿器,海尔,60.43,34.41,4082,67,4.3,2024-10-30,在售
1922,樊登读书 编程书籍 (金色),图书文娱,编程书籍,樊登读书,45.81,25.74,1622,74,3.5,2022-11-19,在售
1923,来伊份 蛋白粉 升级版,食品饮料,蛋白粉,来伊份,298.19,179.37,271,15,2.8,2021-01-06,在售
1924,贝亲 奶瓶,母婴用品,奶瓶,贝亲,21.83,11.03,3656,138,3.3,2019-04-17,下架
1925,奥克斯 沙发 Pro(粉色),家居生活,沙发,奥克斯,943.14,626.52,625,11,5.0,2023-06-29,在售
1926,海尔 垃圾桶 (金色),家居生活,垃圾桶,海尔,47.08,32.85,2181,98,4.2,2023-01-01,在售
1927,ZARA 睡衣 升级版,服装鞋帽,睡衣,ZARA,157.46,97.03,3151,18,4.0,2024-08-01,在售
1928,香奈儿 卸妆水 标准版(红色),美妆个护,卸妆水,香奈儿,72.1,18.85,3713,46,4.0,2023-03-25,在售
1929,雷蛇 智能家居设备 旗舰版,电子产品,智能家居设备,雷蛇,1861.21,957.78,2512,6,5.0,2020-09-13,在售
1930,好奇 婴儿背带 青春版,母婴用品,婴儿背带,好奇,54.23,25.67,181,56,3.4,2021-06-29,在售
1931,五粮液 茶叶 标准版(红色),食品饮料,茶叶,五粮液,991.14,464.08,1800,5,2.7,2020-07-26,在售
1932,可优比 温奶器 (蓝色),母婴用品,温奶器,可优比,62.86,25.88,603,56,4.0,2024-07-18,在售
1933,好孩子 婴儿沐浴露 经典款(黑色),母婴用品,婴儿沐浴露,好孩子,140.6,101.19,349,29,5.0,2021-07-18,在售
1934,九阳 吸尘器 标准版,家居生活,吸尘器,九阳,1151.97,300.81,212,2,4.9,2023-07-22,缺货
1935,五粮液 薯片 Pro(金色),食品饮料,薯片,五粮液,3.29,1.41,4654,770,4.0,2021-09-01,在售
1936,佳能 智能手表 标准版,电子产品,智能手表,佳能,3354.42,1007.83,294,0,4.1,2019-12-19,在售
1937,百雀羚 洗发水 旗舰版(粉色),美妆个护,洗发水,百雀羚,102.51,31.1,1151,34,4.1,2021-01-17,在售
1938,全棉时代 童装 标准版,母婴用品,童装,全棉时代,346.91,124.55,826,6,2.1,2023-08-13,缺货
1939,vivo 充电宝 经典款(白色),电子产品,充电宝,vivo,289.56,86.91,38,33,3.2,2022-04-18,缺货
1940,babycare 奶瓶 Plus,母婴用品,奶瓶,babycare,28.94,17.93,436,133,3.4,2021-09-22,在售
1941,联想 相机,电子产品,相机,联想,10197.32,2772.66,3442,0,3.1,2020-06-09,下架
1942,索尼 充电宝 经典款,电子产品,充电宝,索尼,238.18,71.91,4791,22,3.7,2020-09-28,在售
1943,雀巢 牛奶 新款,食品饮料,牛奶,雀巢,47.01,13.57,40,79,3.7,2023-06-30,在售
1944,无印良品 空气净化器 Plus(蓝色),家居生活,空气净化器,无印良品,3133.39,1365.34,1871,0,5.0,2021-01-16,在售
1945,新东方 健身器材 旗舰版,图书文娱,健身器材,新东方,19.35,10.69,106,151,3.8,2021-11-04,在售
1946,蒙牛 燕窝 旗舰版,食品饮料,燕窝,蒙牛,1629.63,717.7,4254,3,3.2,2019-02-02,在售
1947,电子工业 乐器 新款,图书文娱,乐器,电子工业,1193.65,715.71,1220,5,5.0,2023-03-06,在售
1948,香奈儿 眼影盘 经典款(红色),美妆个护,眼影盘,香奈儿,78.27,22.24,2704,37,3.8,2022-11-11,在售
1949,美的 吸尘器 Plus(粉色),家居生活,吸尘器,美的,666.51,278.1,35,7,2.5,2025-04-29,缺货
1950,启赋 温奶器 (灰色),母婴用品,温奶器,启赋,80.93,36.44,3077,54,4.0,2025-06-07,在售
1951,无印良品 窗帘 新款(黑色),家居生活,窗帘,无印良品,448.15,267.68,3051,7,2.0,2021-11-30,在售
1952,UR 女装连衣裙 Pro,服装鞋帽,女装连衣裙,UR,298.29,95.78,4938,13,3.5,2021-12-12,在售
1953,李宁 牛仔裤 旗舰版,服装鞋帽,牛仔裤,李宁,419.5,303.38,407,11,4.0,2020-07-21,在售
1954,蒙牛 牛奶 Plus,食品饮料,牛奶,蒙牛,53.02,23.83,1811,53,3.4,2021-12-28,在售
1955,爱仕达 洗碗机 经典款,家居生活,洗碗机,爱仕达,3332.79,997.48,12,0,4.1,2025-05-18,在售
1956,五粮液 蜂蜜 旗舰版,食品饮料,蜂蜜,五粮液,69.68,29.68,4244,61,3.6,2022-10-27,在售
1957,鸿星尔克 羽绒服 Plus(灰色),服装鞋帽,羽绒服,鸿星尔克,739.19,354.81,603,6,5.0,2023-02-17,在售
1958,戴森 地毯 经典款(蓝色),家居生活,地毯,戴森,316.39,232.79,1758,8,4.7,2025-04-24,在售
1959,BOSE 智能手表 升级版,电子产品,智能手表,BOSE,1051.43,352.21,356,4,4.0,2021-10-14,在售
1960,苹果 音箱 限定版,电子产品,音箱,苹果,269.57,174.84,3346,11,4.3,2019-05-05,在售
1961,BOSE 内存卡 旗舰版(黑色),电子产品,内存卡,BOSE,54.65,39.04,130,68,4.6,2021-02-07,在售
1962,双立人 空气净化器 青春版(银色),家居生活,空气净化器,双立人,571.72,334.8,2299,1,3.2,2021-12-27,在售
1963,太平鸟 卫衣 升级版,服装鞋帽,卫衣,太平鸟,89.7,51.85,582,22,4.8,2022-10-31,在售
1964,德芙 巧克力 Plus(蓝色),食品饮料,巧克力,德芙,133.79,50.31,2882,21,3.0,2024-03-28,在售
1965,老板电器 灯具 Pro,家居生活,灯具,老板电器,119.42,42.43,2141,35,3.3,2019-02-27,在售
1966,子初 纸尿裤,母婴用品,纸尿裤,子初,234.88,78.93,30,22,3.0,2019-02-27,在售
1967,英氏 奶瓶 Pro,母婴用品,奶瓶,英氏,118.77,39.27,300,30,3.7,2022-03-12,下架
1968,匡威 卫衣 青春版,服装鞋帽,卫衣,匡威,562.99,147.38,56,16,5.0,2019-10-01,在售
1969,中信出版 瑜伽垫 Plus(白色),图书文娱,瑜伽垫,中信出版,214.18,63.49,4405,9,3.0,2024-12-27,在售
1970,香奈儿 定妆喷雾 Plus(粉色),美妆个护,定妆喷雾,香奈儿,343.98,173.39,328,14,4.0,2022-05-08,在售
1971,子初 早教机 Plus,母婴用品,早教机,子初,331.19,235.83,1121,22,3.0,2020-11-12,在售
1972,子初 婴儿推车 Pro,母婴用品,婴儿推车,子初,1430.96,608.57,3541,2,4.7,2020-07-30,下架
1973,欧莱雅 美容仪 Plus,美妆个护,美容仪,欧莱雅,860.2,460.21,410,2,4.0,2020-11-05,在售
1974,电子工业 乐器 (红色),图书文娱,乐器,电子工业,102.12,49.61,51,31,4.3,2019-11-22,缺货
1975,欧莱雅 定妆喷雾 升级版,美妆个护,定妆喷雾,欧莱雅,30.79,22.02,322,84,4.2,2021-01-28,在售
1976,人民文学 围棋 青春版(银色),图书文娱,围棋,人民文学,53.83,35.35,1050,59,4.3,2024-04-24,在售
1977,自然堂 面膜 经典款,美妆个护,面膜,自然堂,59.38,34.6,22,53,5.0,2020-07-20,在售
1978,中信出版 英语教材 新款,图书文娱,英语教材,中信出版,23.37,12.87,684,120,4.4,2023-12-10,下架
1979,小米 内存卡 (黑色),电子产品,内存卡,小米,53.65,38.08,2474,64,3.4,2024-04-09,下架
1980,星巴克 大米,食品饮料,大米,星巴克,18.45,11.73,4649,149,3.9,2022-02-27,在售
1981,爱仕达 洗碗机,家居生活,洗碗机,爱仕达,4321.88,2514.94,341,0,5.0,2025-06-10,在售
1982,索尼 耳机 Plus,电子产品,耳机,索尼,2257.22,1058.37,2821,0,4.0,2021-05-01,在售
1983,子初 摇铃 Plus,母婴用品,摇铃,子初,11.02,5.15,2351,267,4.0,2019-02-18,在售
1984,知乎 儿童绘本 旗舰版,图书文娱,儿童绘本,知乎,20.43,12.41,248,139,3.2,2024-12-23,在售
1985,UR 太阳镜 新款(红色),服装鞋帽,太阳镜,UR,185.59,135.74,3231,24,4.5,2025-02-07,在售
1986,英氏 儿童安全座椅 升级版(白色),母婴用品,儿童安全座椅,英氏,1719.29,1030.84,4437,2,4.0,2024-04-07,在售
1987,BOSE 内存卡 限定版,电子产品,内存卡,BOSE,455.8,135.04,1523,7,2.8,2020-09-22,缺货
1988,爱仕达 吸尘器 新款(黑色),家居生活,吸尘器,爱仕达,229.11,60.02,2740,15,4.1,2020-08-16,在售
1989,李宁 睡衣 经典款,服装鞋帽,睡衣,李宁,94.52,28.91,1306,61,3.8,2022-04-12,缺货
1990,双立人 空气净化器 限定版(黑色),家居生活,空气净化器,双立人,1234.3,486.94,3819,3,3.6,2020-06-28,在售
1991,双立人 沙发 青春版,家居生活,沙发,双立人,6472.6,3444.26,295,3,5.0,2024-01-27,在售
1992,耐克 休闲裤 升级版,服装鞋帽,休闲裤,耐克,478.56,235.99,93,5,5.0,2019-03-23,在售
1993,樊登读书 英语教材 青春版,图书文娱,英语教材,樊登读书,40.34,20.11,3532,83,2.8,2021-09-17,缺货
1994,张裕 保健品 旗舰版(金色),食品饮料,保健品,张裕,56.33,34.52,3005,60,4.3,2025-02-05,在售
1995,伊利 牛奶 标准版(粉色),食品饮料,牛奶,伊利,10.58,3.92,499,229,4.1,2024-09-30,在售
1996,雪花秀 指甲油 Plus(黑色),美妆个护,指甲油,雪花秀,10.05,7.45,346,261,3.7,2022-01-12,在售
1997,安踏 睡衣 限定版,服装鞋帽,睡衣,安踏,165.25,66.47,277,14,3.7,2019-02-01,在售
1998,新东方 书法字帖 新款,图书文娱,书法字帖,新东方,32.65,9.81,2552,92,3.8,2020-09-29,在售
1999,人民文学 历史书籍 旗舰版,图书文娱,历史书籍,人民文学,49.34,21.33,363,92,3.6,2022-11-08,在售
2000,戴森 餐桌 (粉色),家居生活,餐桌,戴森,637.89,238.69,1815,8,3.1,2019-10-11,在售
2001,老板电器 晾衣架 标准版(粉色),家居生活,晾衣架,老板电器,70.54,31.94,150,50,4.0,2022-07-29,在售
2002,全棉时代 温奶器 新款(白色),母婴用品,温奶器,全棉时代,133.89,54.89,2536,31,3.7,2021-09-24,在售
2003,德芙 燕窝 升级版(灰色),食品饮料,燕窝,德芙,1771.61,1171.94,3590,3,2.0,2019-08-23,在售
2004,耐克 泳衣 限定版,服装鞋帽,泳衣,耐克,228.89,95.08,401,35,4.5,2019-03-03,在售
2005,全棉时代 辅食机 旗舰版,母婴用品,辅食机,全棉时代,622.16,171.38,465,0,3.7,2024-04-05,在售
2006,可优比 童装 旗舰版(粉色),母婴用品,童装,可优比,398.51,181.6,282,9,2.5,2022-12-13,缺货
2007,鸿星尔克 羽绒服 青春版,服装鞋帽,羽绒服,鸿星尔克,1506.75,828.45,2709,8,3.5,2020-08-31,在售
2008,惠氏 婴儿床 Pro,母婴用品,婴儿床,惠氏,724.15,470.25,604,4,2.0,2024-11-29,下架
2009,优衣库 羽绒服,服装鞋帽,羽绒服,优衣库,1267.06,772.89,2821,12,4.0,2019-01-07,在售
2010,李宁 男装T恤 标准版(红色),服装鞋帽,男装T恤,李宁,34.59,12.19,203,88,3.7,2025-06-18,在售
2011,中信出版 健身器材 Plus,图书文娱,健身器材,中信出版,873.48,326.89,2504,7,4.3,2023-01-18,缺货
2012,得到 拼图 (粉色),图书文娱,拼图,得到,24.93,15.3,46,132,3.8,2022-05-01,缺货
2013,资生堂 指甲油 升级版,美妆个护,指甲油,资生堂,43.46,13.49,176,61,4.0,2019-05-28,在售
2014,百草味 茶叶 限定版,食品饮料,茶叶,百草味,334.67,100.99,4121,6,3.6,2019-12-21,在售
2015,雪花秀 指甲油 新款(黑色),美妆个护,指甲油,雪花秀,22.1,8.37,4709,124,4.1,2023-04-23,在售
2016,百雀羚 面膜 Pro,美妆个护,面膜,百雀羚,25.68,6.74,277,135,3.9,2019-09-01,在售
2017,张裕 调味料 限定版(红色),食品饮料,调味料,张裕,4.69,2.57,922,528,3.8,2023-07-05,缺货
2018,迪奥 口红 经典款,美妆个护,口红,迪奥,43.01,30.39,850,70,3.5,2024-08-17,缺货
2019,惠氏 游泳圈 限定版,母婴用品,游泳圈,惠氏,67.76,44.85,591,43,2.5,2021-09-17,在售
2020,方太 空气净化器 升级版,家居生活,空气净化器,方太,3334.51,1873.71,161,0,3.8,2021-11-08,在售
2021,好奇 童装 限定版,母婴用品,童装,好奇,29.26,10.11,4077,96,3.7,2021-08-22,在售
2022,花西子 防晒霜 经典款(白色),美妆个护,防晒霜,花西子,159.66,40.54,25,32,4.0,2020-04-08,在售
2023,格力 收纳箱 Pro(红色),家居生活,收纳箱,格力,44.83,28.2,262,75,3.2,2021-05-22,在售
2024,中信出版 儿童绘本 Pro,图书文娱,儿童绘本,中信出版,17.63,4.84,3812,134,3.8,2024-08-30,缺货
2025,H&M 帽子 Pro(灰色),服装鞋帽,帽子,H&M,105.32,59.38,4,41,4.3,2019-02-13,在售
2026,佳能 打印机 Pro,电子产品,打印机,佳能,330.98,160.58,1202,21,5.0,2024-07-21,在售
2027,良品铺子 蜂蜜 青春版,食品饮料,蜂蜜,良品铺子,181.32,126.65,4209,33,3.5,2024-06-06,在售
2028,优衣库 羽绒服 标准版(白色),服装鞋帽,羽绒服,优衣库,2103.59,708.8,4670,1,5.0,2019-11-24,在售
2029,爱他美 婴儿推车 Plus,母婴用品,婴儿推车,爱他美,399.17,284.4,1626,8,5.0,2024-11-23,下架
2030,雀巢 保健品 经典款,食品饮料,保健品,雀巢,51.46,20.26,1185,79,4.2,2020-09-04,缺货
2031,索尼 数据线 升级版(银色),电子产品,数据线,索尼,103.81,60.17,2076,40,4.6,2024-01-19,在售
2032,小米 打印机 新款,电子产品,打印机,小米,696.23,478.13,4806,6,3.4,2024-03-10,在售
2033,完美日记 眼影盘 旗舰版(粉色),美妆个护,眼影盘,完美日记,61.15,24.55,4070,58,3.7,2020-10-24,缺货
2034,花王 辅食机,母婴用品,辅食机,花王,412.29,134.61,4555,10,4.1,2021-11-24,在售
2035,罗技 充电宝 经典款,电子产品,充电宝,罗技,180.42,118.89,2413,10,4.3,2023-02-11,在售
2036,伊利 饮料 新款(金色),食品饮料,饮料,伊利,17.36,11.06,1495,179,4.2,2025-06-07,在售
2037,人民文学 经管书籍 新款,图书文娱,经管书籍,人民文学,58.67,25.77,3173,63,4.7,2022-05-19,在售
2038,雪花秀 护手霜 Pro(粉色),美妆个护,护手霜,雪花秀,80.1,41.18,118,37,4.0,2024-11-09,在售
2039,美的 收纳箱 青春版,家居生活,收纳箱,美的,19.48,13.22,3489,123,3.3,2020-07-03,在售
2040,资生堂 指甲油 升级版(白色),美妆个护,指甲油,资生堂,23.57,7.34,103,133,3.2,2019-02-05,在售
2041,倩碧 粉底液 旗舰版(灰色),美妆个护,粉底液,倩碧,235.54,94.17,430,13,3.5,2022-12-30,在售
2042,欧莱雅 洗发水 旗舰版,美妆个护,洗发水,欧莱雅,19.54,14.26,4949,173,3.4,2023-02-13,在售
2043,人民文学 小说 经典款(蓝色),图书文娱,小说,人民文学,56.63,16.19,474,68,3.6,2022-11-05,在售
2044,UR 高跟鞋 青春版(白色),服装鞋帽,高跟鞋,UR,261.66,163.02,168,16,3.3,2023-09-16,在售
2045,海澜之家 休闲裤 升级版,服装鞋帽,休闲裤,海澜之家,52.41,26.4,4885,47,4.3,2019-05-18,下架
2046,华为 内存卡 (灰色),电子产品,内存卡,华为,61.14,36.68,4950,55,4.5,2021-03-04,在售
2047,索尼 数据线 经典款,电子产品,数据线,索尼,40.58,29.42,112,96,3.3,2019-07-26,在售
2048,雅诗兰黛 眼影盘 Pro(红色),美妆个护,眼影盘,雅诗兰黛,433.52,157.63,3639,9,4.0,2022-08-31,在售
2049,格力 晾衣架 经典款(粉色),家居生活,晾衣架,格力,14.93,10.47,332,197,3.9,2020-04-09,在售
2050,鸿星尔克 帽子 经典款(黑色),服装鞋帽,帽子,鸿星尔克,30.08,12.16,3409,87,2.8,2023-11-28,在售
2051,中信出版 瑜伽垫 Plus(红色),图书文娱,瑜伽垫,中信出版,56.92,37.02,2670,56,4.5,2021-06-29,在售
2052,五粮液 大米 经典款,食品饮料,大米,五粮液,97.23,63.52,4972,59,4.0,2019-04-28,在售
2053,苏泊尔 餐桌 旗舰版,家居生活,餐桌,苏泊尔,2863.54,770.06,924,0,3.9,2025-06-29,下架
2054,花西子 指甲油,美妆个护,指甲油,花西子,14.45,3.86,3476,199,4.1,2025-03-16,在售
2055,老板电器 厨房刀具 升级版,家居生活,厨房刀具,老板电器,99.43,58.48,1536,46,5.0,2024-05-13,在售
2056,当当 考研资料 青春版(黑色),图书文娱,考研资料,当当,452.4,250.74,1600,12,1.0,2019-09-20,下架
2057,雀巢 牛奶 旗舰版,食品饮料,牛奶,雀巢,45.16,21.46,210,75,4.6,2022-04-02,下架
2058,好孩子 婴儿背带 限定版(蓝色),母婴用品,婴儿背带,好孩子,212.46,127.4,1126,15,4.0,2023-11-08,在售
2059,完美日记 沐浴露 青春版(红色),美妆个护,沐浴露,完美日记,67.96,27.15,3195,61,4.0,2020-09-19,在售
2060,森马 太阳镜 青春版,服装鞋帽,太阳镜,森马,59.43,44.19,3896,47,5.0,2019-10-31,在售
2061,迪奥 定妆喷雾 Plus(灰色),美妆个护,定妆喷雾,迪奥,154.78,53.78,482,26,4.5,2021-07-05,在售
2062,星巴克 调味料 Pro(金色),食品饮料,调味料,星巴克,37.63,11.34,2374,86,4.1,2024-01-26,在售
2063,人民文学 笔记本 Pro(金色),图书文娱,笔记本,人民文学,22.22,11.27,3162,120,4.8,2023-08-06,在售
2064,双立人 抱枕 (蓝色),家居生活,抱枕,双立人,128.21,63.6,4358,30,3.5,2025-04-05,在售
2065,飞鹤 婴儿湿巾 限定版,母婴用品,婴儿湿巾,飞鹤,81.97,44.74,4493,47,3.7,2024-03-12,在售
2066,美的 吸尘器 青春版(银色),家居生活,吸尘器,美的,576.56,203.03,3810,9,3.0,2023-02-08,在售
2067,美的 床上四件套 (黑色),家居生活,床上四件套,美的,517.99,287.78,2446,11,4.0,2020-12-01,在售
2068,英氏 早教机 Plus,母婴用品,早教机,英氏,502.97,371.36,3378,5,4.2,2020-11-23,在售
2069,老板电器 洗碗机 旗舰版,家居生活,洗碗机,老板电器,4580.57,2421.75,4790,5,4.7,2024-02-29,在售
2070,联想 相机 升级版,电子产品,相机,联想,1295.47,567.02,4459,3,4.3,2022-06-20,在售
2071,樊登读书 儿童绘本 Plus(蓝色),图书文娱,儿童绘本,樊登读书,32.59,17.04,3999,105,3.8,2024-01-01,在售
2072,三只松鼠 肉干 Pro,食品饮料,肉干,三只松鼠,174.23,71.93,2234,22,3.3,2024-11-07,在售
2073,爱仕达 电饭煲 经典款(白色),家居生活,电饭煲,爱仕达,657.53,271.5,4424,8,4.1,2022-02-28,在售
2074,迪奥 指甲油 旗舰版(银色),美妆个护,指甲油,迪奥,21.71,6.24,4640,117,3.2,2021-11-10,在售
2075,农夫山泉 茶叶,食品饮料,茶叶,农夫山泉,478.39,212.23,4831,5,4.6,2023-04-14,在售
2076,雪花秀 卸妆水 升级版,美妆个护,卸妆水,雪花秀,33.36,19.64,2628,99,4.2,2022-07-04,在售
2077,欧莱雅 身体乳 青春版(银色),美妆个护,身体乳,欧莱雅,48.73,14.61,367,59,3.7,2025-01-05,在售
2078,英氏 婴儿奶粉 新款(银色),母婴用品,婴儿奶粉,英氏,105.24,41.62,2733,32,3.7,2024-11-28,下架
2079,优衣库 帽子 青春版(灰色),服装鞋帽,帽子,优衣库,37.98,21.9,1405,74,3.6,2023-05-22,在售
2080,BOSE 耳机 Pro,电子产品,耳机,BOSE,441.97,205.56,2503,9,5.0,2025-06-18,在售
2081,H&M 睡衣 旗舰版(银色),服装鞋帽,睡衣,H&M,54.44,23.18,730,66,3.8,2019-06-21,下架
2082,格力 抱枕 升级版(黑色),家居生活,抱枕,格力,172.72,124.49,3127,24,4.0,2020-10-29,缺货
2083,费列罗 茶叶 Plus,食品饮料,茶叶,费列罗,30.47,14.9,1832,92,4.1,2022-10-11,在售
2084,波司登 高跟鞋 旗舰版(银色),服装鞋帽,高跟鞋,波司登,808.78,548.04,2410,7,2.7,2021-06-16,在售
2085,机械工业 文具 Plus(银色),图书文娱,文具,机械工业,1.31,0.93,3370,1750,3.7,2024-01-13,在售
2086,自然堂 口红 新款(粉色),美妆个护,口红,自然堂,206.23,153.85,1587,17,4.0,2019-11-19,缺货
2087,优衣库 衬衫 限定版,服装鞋帽,衬衫,优衣库,487.85,297.63,237,11,2.0,2022-07-12,在售
2088,戴森 雨伞 标准版,家居生活,雨伞,戴森,128.9,59.19,337,23,3.0,2019-03-01,在售
2089,新东方 考研资料 Plus(粉色),图书文娱,考研资料,新东方,521.13,304.4,2146,14,5.0,2019-11-20,在售
2090,香奈儿 口红 青春版,美妆个护,口红,香奈儿,301.02,170.47,36,13,4.0,2024-05-07,在售
2091,美赞臣 爬行垫 青春版(粉色),母婴用品,爬行垫,美赞臣,40.97,28.47,2194,47,3.5,2024-03-02,在售
2092,九阳 空气净化器 青春版(灰色),家居生活,空气净化器,九阳,470.66,229.26,168,11,5.0,2023-10-09,在售
2093,奥克斯 沙发 限定版,家居生活,沙发,奥克斯,1153.75,498.07,1418,1,2.9,2019-05-23,下架
2094,伊利 薯片 经典款(黑色),食品饮料,薯片,伊利,5.74,1.48,2915,495,3.4,2021-08-17,在售
2095,贝亲 儿童帐篷 经典款(银色),母婴用品,儿童帐篷,贝亲,383.9,160.55,4699,10,4.6,2022-08-14,缺货
2096,良品铺子 坚果零食 Pro,食品饮料,坚果零食,良品铺子,15.92,7.17,1004,160,3.8,2020-08-04,在售
2097,罗技 笔记本电脑 标准版,电子产品,笔记本电脑,罗技,9709.51,5319.65,4796,0,5.0,2021-03-09,缺货
2098,海尔 电风扇 Plus,家居生活,电风扇,海尔,453.53,213.6,3699,16,5.0,2024-02-01,在售
2099,美赞臣 婴儿奶粉 青春版,母婴用品,婴儿奶粉,美赞臣,715.23,180.63,86,4,3.1,2024-01-01,下架
2100,无印良品 床上四件套,家居生活,床上四件套,无印良品,115.29,54.36,4514,47,4.3,2022-04-28,缺货
2101,人民文学 科幻小说 旗舰版(黑色),图书文娱,科幻小说,人民文学,23.01,14.0,4237,125,4.2,2020-04-11,在售
2102,百雀羚 香水 新款,美妆个护,香水,百雀羚,214.57,81.16,506,19,3.7,2022-06-30,在售
2103,自然堂 定妆喷雾 新款(银色),美妆个护,定妆喷雾,自然堂,205.02,83.39,312,17,4.6,2023-10-30,在售
2104,中信出版 科幻小说 旗舰版,图书文娱,科幻小说,中信出版,64.18,40.86,47,34,3.0,2022-06-01,在售
2105,得到 英语教材 新款,图书文娱,英语教材,得到,129.41,90.41,61,30,4.0,2020-09-02,在售
2106,全棉时代 儿童水杯 经典款(粉色),母婴用品,儿童水杯,全棉时代,145.82,53.97,4118,33,4.3,2023-09-30,在售
2107,BOSE 笔记本电脑 Pro,电子产品,笔记本电脑,BOSE,19677.76,13884.07,4393,1,5.0,2024-07-31,在售
2108,自然堂 染发剂 标准版,美妆个护,染发剂,自然堂,28.04,9.2,1189,94,3.6,2020-01-11,在售
2109,波司登 男装T恤 限定版,服装鞋帽,男装T恤,波司登,38.69,18.12,3057,95,3.5,2024-05-05,在售
2110,德芙 进口饼干 经典款(银色),食品饮料,进口饼干,德芙,75.78,52.95,4153,51,3.5,2024-09-30,在售
2111,老板电器 沙发 旗舰版(银色),家居生活,沙发,老板电器,794.06,434.0,446,4,2.0,2021-03-04,下架
2112,ZARA 衬衫 旗舰版,服装鞋帽,衬衫,ZARA,105.6,57.34,2490,49,4.0,2023-05-02,在售
2113,帮宝适 婴儿奶粉 旗舰版,母婴用品,婴儿奶粉,帮宝适,374.81,227.28,471,8,4.0,2022-11-15,下架
2114,恰恰 茶叶 旗舰版(红色),食品饮料,茶叶,恰恰,32.86,21.65,3604,95,3.8,2021-05-20,在售
2115,戴森 厨房刀具 经典款,家居生活,厨房刀具,戴森,218.65,78.55,3042,13,4.0,2021-07-16,在售
2116,自然堂 指甲油,美妆个护,指甲油,自然堂,113.5,62.3,1585,24,3.4,2022-01-29,在售
2117,良品铺子 食用油,食品饮料,食用油,良品铺子,67.11,42.33,2945,55,3.7,2024-02-14,在售
2118,阿迪达斯 皮带 Pro(粉色),服装鞋帽,皮带,阿迪达斯,57.6,34.5,4850,56,2.8,2023-10-11,在售
2119,SK-II 卸妆水 Plus,美妆个护,卸妆水,SK-II,52.33,17.17,4364,46,3.8,2022-04-04,在售
2120,来伊份 蛋白粉 新款,食品饮料,蛋白粉,来伊份,595.26,362.17,4315,6,5.0,2023-11-20,缺货
2121,京东图书 英语教材 限定版,图书文娱,英语教材,京东图书,22.61,9.82,2108,125,3.3,2024-03-23,下架
2122,爱他美 奶瓶 新款(蓝色),母婴用品,奶瓶,爱他美,19.45,6.91,3884,165,4.2,2024-12-29,在售
2123,MAC 美容仪 旗舰版(灰色),美妆个护,美容仪,MAC,292.18,135.09,3380,6,4.5,2021-12-11,下架
2124,波司登 运动外套 标准版,服装鞋帽,运动外套,波司登,237.85,148.34,3052,14,2.3,2023-11-28,在售
2125,张裕 牛奶 Plus(白色),食品饮料,牛奶,张裕,76.5,26.25,2529,36,4.4,2022-12-11,在售
2126,太平鸟 太阳镜 Pro(黑色),服装鞋帽,太阳镜,太平鸟,167.21,67.45,1060,33,4.0,2023-08-08,缺货
2127,雷蛇 智能手表 Plus(黑色),电子产品,智能手表,雷蛇,2132.89,611.74,2701,10,4.3,2020-11-02,在售
2128,华硕 显示器 升级版,电子产品,显示器,华硕,3813.42,1460.33,416,0,4.3,2022-08-12,在售
2129,知乎 考研资料 经典款,图书文娱,考研资料,知乎,134.55,95.84,2984,29,1.5,2023-09-02,在售
2130,森马 牛仔裤 经典款(粉色),服装鞋帽,牛仔裤,森马,78.46,43.37,3255,59,4.5,2019-06-08,在售
2131,华硕 平板电脑 Plus(黑色),电子产品,平板电脑,华硕,4541.42,1378.59,2899,1,4.9,2020-02-15,在售
2132,全棉时代 婴儿沐浴露 Plus(蓝色),母婴用品,婴儿沐浴露,全棉时代,90.94,49.34,2454,30,5.0,2022-09-22,在售
2133,babycare 奶瓶 标准版,母婴用品,奶瓶,babycare,109.93,39.2,453,15,4.0,2020-04-22,在售
2134,来伊份 巧克力 青春版(灰色),食品饮料,巧克力,来伊份,57.67,32.42,69,67,3.5,2020-10-07,在售
2135,特步 西装 经典款(红色),服装鞋帽,西装,特步,1959.09,1186.11,3414,0,5.0,2020-12-15,在售
2136,波司登 牛仔裤 Pro(粉色),服装鞋帽,牛仔裤,波司登,418.86,194.3,2430,24,5.0,2025-03-19,在售
2137,帮宝适 婴儿推车 Pro,母婴用品,婴儿推车,帮宝适,298.92,79.02,3670,11,5.0,2019-03-23,在售
2138,京东图书 瑜伽垫 升级版,图书文娱,瑜伽垫,京东图书,31.17,16.61,4586,99,3.1,2021-03-19,在售
2139,全棉时代 婴儿奶粉 青春版,母婴用品,婴儿奶粉,全棉时代,590.25,160.0,2861,15,3.9,2020-01-23,在售
2140,老板电器 电风扇 旗舰版,家居生活,电风扇,老板电器,49.83,18.0,2598,75,3.8,2023-02-12,在售
2141,美赞臣 儿童安全座椅 新款,母婴用品,儿童安全座椅,美赞臣,690.04,313.37,618,10,4.0,2020-06-04,在售
2142,德芙 蛋白粉 Pro(银色),食品饮料,蛋白粉,德芙,101.59,28.47,1486,42,4.3,2019-03-08,在售
2143,当当 历史书籍 Plus,图书文娱,历史书籍,当当,83.95,32.48,596,43,3.5,2023-04-12,在售
2144,香奈儿 口红 旗舰版(黑色),美妆个护,口红,香奈儿,45.09,15.62,3328,85,4.2,2025-06-28,在售
2145,帮宝适 儿童帐篷 Plus(白色),母婴用品,儿童帐篷,帮宝适,276.14,201.88,1189,8,4.0,2019-02-15,在售
2146,九阳 垃圾桶 限定版,家居生活,垃圾桶,九阳,8.91,5.12,3937,312,3.9,2020-04-19,在售
2147,雀巢 肉干 青春版,食品饮料,肉干,雀巢,35.85,11.63,924,89,4.2,2022-04-22,在售
2148,得到 篮球,图书文娱,篮球,得到,442.11,227.85,1729,1,4.4,2022-04-23,在售
2149,MAC 美容仪 Plus,美妆个护,美容仪,MAC,215.63,108.77,2824,19,4.0,2024-07-12,在售
2150,伊利 饮料 Plus,食品饮料,饮料,伊利,19.69,8.78,882,107,3.8,2020-09-15,在售
2151,张裕 肉干 旗舰版,食品饮料,肉干,张裕,25.87,16.99,844,131,3.9,2024-08-23,在售
2152,雪花秀 指甲油 标准版,美妆个护,指甲油,雪花秀,17.31,8.66,194,138,3.4,2019-12-23,在售
2153,SK-II 粉底液 旗舰版,美妆个护,粉底液,SK-II,95.08,55.57,2799,31,3.0,2019-11-09,在售
2154,三星 路由器 (红色),电子产品,路由器,三星,388.75,170.02,1418,21,4.0,2020-06-24,在售
2155,花王 辅食机 (黑色),母婴用品,辅食机,花王,401.7,222.57,2390,9,5.0,2022-03-11,在售
2156,花王 童装 限定版,母婴用品,童装,花王,181.41,119.21,2595,20,4.0,2020-04-23,在售
2157,MAC 眼影盘 Pro(灰色),美妆个护,眼影盘,MAC,155.03,113.8,123,25,3.2,2022-11-05,在售
2158,启赋 婴儿背带 (蓝色),母婴用品,婴儿背带,启赋,56.99,38.39,80,55,4.7,2025-05-18,在售
2159,电子工业 漫画 Plus,图书文娱,漫画,电子工业,6.0,2.43,2631,468,4.1,2022-05-01,在售
2160,玉兰油 防晒霜 经典款,美妆个护,防晒霜,玉兰油,162.32,95.99,435,9,4.5,2022-07-28,在售
2161,自然堂 面霜 新款,美妆个护,面霜,自然堂,746.61,228.98,770,5,5.0,2024-10-10,在售
2162,网易严选 收纳箱 青春版(白色),家居生活,收纳箱,网易严选,12.73,8.97,1292,222,3.7,2020-10-22,在售
2163,京东图书 钢笔 新款(银色),图书文娱,钢笔,京东图书,297.95,199.68,1888,16,5.0,2022-08-23,在售
2164,玉兰油 面膜 标准版,美妆个护,面膜,玉兰油,78.11,42.79,165,50,4.0,2024-11-15,在售
2165,三只松鼠 巧克力 经典款,食品饮料,巧克力,三只松鼠,186.27,131.44,4165,13,5.0,2020-01-04,在售
2166,京东图书 笔记本 青春版(金色),图书文娱,笔记本,京东图书,22.03,14.14,1689,152,4.4,2019-09-20,在售
2167,三星 显示器,电子产品,显示器,三星,2534.18,1862.19,3844,2,3.5,2023-12-20,在售
2168,匡威 男装T恤 新款(粉色),服装鞋帽,男装T恤,匡威,123.02,55.91,1927,23,4.0,2023-01-30,在售
2169,飞鹤 婴儿湿巾 限定版,母婴用品,婴儿湿巾,飞鹤,10.36,7.44,2940,249,3.9,2025-01-04,缺货
2170,雅诗兰黛 防晒霜 经典款(白色),美妆个护,防晒霜,雅诗兰黛,150.12,70.41,4566,14,3.8,2024-01-10,在售
2171,机械工业 漫画 升级版(粉色),图书文娱,漫画,机械工业,12.26,7.81,4534,263,4.0,2024-12-07,缺货
2172,海澜之家 运动外套 Plus,服装鞋帽,运动外套,海澜之家,105.79,68.0,1563,30,5.0,2022-04-23,在售
2173,SK-II 香水 Pro(金色),美妆个护,香水,SK-II,200.13,96.02,309,31,5.0,2020-09-13,缺货
2174,来伊份 调味料 限定版(红色),食品饮料,调味料,来伊份,12.13,8.67,198,237,4.0,2023-12-05,在售
2175,德芙 进口饼干 青春版(灰色),食品饮料,进口饼干,德芙,64.45,23.87,1770,55,3.6,2024-11-20,在售
2176,茅台 燕窝 标准版(白色),食品饮料,燕窝,茅台,869.6,238.38,4182,7,4.0,2019-01-13,下架
2177,百草味 饮料 标准版(白色),食品饮料,饮料,百草味,26.63,10.15,1298,111,4.3,2019-11-29,在售
2178,宜家 电风扇 新款,家居生活,电风扇,宜家,294.72,165.45,2188,21,2.8,2024-04-10,在售
2179,子初 婴儿沐浴露 限定版,母婴用品,婴儿沐浴露,子初,86.36,50.99,3993,39,3.3,2021-07-29,在售
2180,人民文学 钢笔 升级版(黑色),图书文娱,钢笔,人民文学,1291.34,584.7,3378,1,4.8,2021-10-16,在售
2181,百草味 食用油 限定版,食品饮料,食用油,百草味,74.36,19.28,2316,43,4.3,2020-06-28,在售
2182,UR 休闲裤 限定版,服装鞋帽,休闲裤,UR,297.44,171.44,3568,19,3.0,2019-10-12,在售
2183,H&M 运动外套,服装鞋帽,运动外套,H&M,417.4,270.58,2099,18,5.0,2024-02-18,在售
2184,英氏 摇铃 Pro,母婴用品,摇铃,英氏,41.87,30.6,2552,55,4.0,2021-03-10,在售
2185,德芙 食用油 Plus(蓝色),食品饮料,食用油,德芙,120.18,60.16,4342,31,4.0,2024-04-24,在售
2186,森马 泳衣 标准版,服装鞋帽,泳衣,森马,99.67,68.61,2902,32,4.0,2019-09-30,在售
2187,玉兰油 香水,美妆个护,香水,玉兰油,61.26,23.01,2083,45,3.8,2021-12-19,缺货
2188,海尔 电风扇,家居生活,电风扇,海尔,829.64,277.18,3961,10,2.0,2020-11-06,在售
2189,ZARA 睡衣 旗舰版(金色),服装鞋帽,睡衣,ZARA,85.09,53.64,3707,35,4.2,2022-10-29,缺货
2190,机械工业 文具 青春版,图书文娱,文具,机械工业,1.02,0.34,3984,2030,3.8,2023-08-14,在售
2191,罗技 数据线 限定版,电子产品,数据线,罗技,10.54,3.41,2034,254,3.9,2023-11-26,在售
2192,樊登读书 儿童绘本 升级版(银色),图书文娱,儿童绘本,樊登读书,52.08,21.02,3212,55,3.8,2024-07-11,在售
2193,雷蛇 显示器 新款,电子产品,显示器,雷蛇,1126.37,638.38,91,0,4.7,2025-05-05,在售
2194,雅诗兰黛 定妆喷雾 Pro,美妆个护,定妆喷雾,雅诗兰黛,109.87,44.39,1206,32,3.0,2024-02-16,在售
2195,好奇 婴儿湿巾 升级版,母婴用品,婴儿湿巾,好奇,10.1,6.87,4301,257,3.8,2022-07-09,在售
2196,雪花秀 粉底液 升级版,美妆个护,粉底液,雪花秀,47.97,23.29,9,65,4.0,2023-11-15,在售
2197,老板电器 灯具 (灰色),家居生活,灯具,老板电器,517.99,242.81,228,6,5.0,2025-02-16,在售
2198,苏泊尔 电饭煲 限定版,家居生活,电饭煲,苏泊尔,117.65,82.8,2088,27,4.0,2023-09-03,在售
2199,优衣库 帽子 限定版,服装鞋帽,帽子,优衣库,32.45,10.61,702,74,4.3,2020-03-01,在售
2200,中信出版 健身器材 限定版,图书文娱,健身器材,中信出版,473.28,234.78,3409,8,5.0,2023-09-03,在售
2201,樊登读书 笔记本 标准版(蓝色),图书文娱,笔记本,樊登读书,96.83,45.09,4365,37,3.7,2020-10-26,在售
2202,良品铺子 方便面 Plus,食品饮料,方便面,良品铺子,32.94,22.0,2789,117,3.7,2020-07-21,缺货
2203,倩碧 面膜 升级版,美妆个护,面膜,倩碧,138.56,51.03,450,22,4.0,2020-09-14,在售
2204,新东方 科幻小说 旗舰版,图书文娱,科幻小说,新东方,27.33,11.2,613,156,4.0,2021-11-04,在售
2205,星巴克 调味料 (蓝色),食品饮料,调味料,星巴克,23.26,15.03,3608,129,4.2,2024-08-09,在售
2206,爱仕达 加湿器,家居生活,加湿器,爱仕达,33.5,16.54,1770,79,3.7,2020-03-22,在售
2207,九阳 餐桌 限定版,家居生活,餐桌,九阳,786.43,584.18,4033,3,3.7,2020-10-06,在售
2208,美赞臣 童装 升级版(白色),母婴用品,童装,美赞臣,186.53,110.57,29,35,3.8,2020-02-26,在售
2209,vivo 耳机 Plus,电子产品,耳机,vivo,570.98,397.37,583,9,4.2,2020-04-13,缺货
2210,资生堂 染发剂 Plus(黑色),美妆个护,染发剂,资生堂,35.69,22.57,3608,85,4.2,2019-06-21,在售
2211,耐克 衬衫 经典款,服装鞋帽,衬衫,耐克,249.45,167.53,93,18,4.5,2022-02-26,在售
2212,迪奥 沐浴露 升级版(金色),美妆个护,沐浴露,迪奥,28.46,8.44,669,95,4.3,2023-05-08,缺货
2213,当当 科幻小说 Pro,图书文娱,科幻小说,当当,22.24,15.2,1484,173,3.4,2024-01-10,在售
2214,索尼 笔记本电脑 Pro,电子产品,笔记本电脑,索尼,4856.02,1247.63,4126,1,4.0,2021-03-03,在售
2215,恰恰 牛奶 Pro,食品饮料,牛奶,恰恰,56.24,16.87,607,60,4.3,2023-04-28,在售
2216,美的 抱枕 新款(银色),家居生活,抱枕,美的,69.74,34.35,1315,38,4.0,2019-06-06,在售
2217,波司登 牛仔裤 旗舰版,服装鞋帽,牛仔裤,波司登,101.13,70.71,35,30,3.6,2020-03-01,在售
2218,玉兰油 眼影盘 旗舰版,美妆个护,眼影盘,玉兰油,84.48,59.57,924,42,4.0,2020-03-18,在售
2219,电子工业 漫画 新款(银色),图书文娱,漫画,电子工业,9.22,4.91,2373,282,3.8,2019-02-20,下架
2220,张裕 蛋白粉 旗舰版(银色),食品饮料,蛋白粉,张裕,671.42,276.68,2820,4,4.5,2025-06-15,在售
2221,雅诗兰黛 身体乳 新款(蓝色),美妆个护,身体乳,雅诗兰黛,88.49,47.72,2707,34,3.5,2023-02-16,在售
2222,小米 VR设备 Plus,电子产品,VR设备,小米,576.92,385.64,1258,3,4.7,2025-04-22,在售
2223,当当 瑜伽垫 升级版,图书文娱,瑜伽垫,当当,56.99,18.94,4380,56,4.5,2023-11-24,在售
2224,H&M 帽子,服装鞋帽,帽子,H&M,92.65,55.97,4666,36,3.7,2025-02-14,在售
2225,百草味 薯片 经典款(粉色),食品饮料,薯片,百草味,9.86,3.9,4435,287,3.8,2023-07-23,在售
2226,惠氏 爬行垫 Pro,母婴用品,爬行垫,惠氏,104.09,28.1,4632,33,4.7,2019-09-14,在售
2227,爱仕达 电饭煲 新款,家居生活,电饭煲,爱仕达,1129.99,777.04,143,6,3.8,2021-01-10,在售
2228,得到 篮球 限定版,图书文娱,篮球,得到,149.72,65.73,4420,24,5.0,2019-10-07,在售
2229,MAC 眼影盘 (白色),美妆个护,眼影盘,MAC,298.19,88.96,4732,11,4.5,2023-11-12,在售
2230,联想 游戏主机 标准版,电子产品,游戏主机,联想,2196.87,745.89,18,0,3.1,2025-06-10,在售
2231,雪花秀 化妆刷 旗舰版(蓝色),美妆个护,化妆刷,雪花秀,184.77,125.73,129,20,3.0,2020-04-25,在售
2232,飞鹤 温奶器 Pro(蓝色),母婴用品,温奶器,飞鹤,106.11,76.44,227,38,3.8,2023-06-14,在售
2233,海尔 沙发,家居生活,沙发,海尔,526.41,142.62,293,5,3.3,2022-07-20,在售
2234,联想 显示器 Plus(白色),电子产品,显示器,联想,4450.61,1290.09,3930,2,4.5,2021-12-22,在售
2235,无印良品 抱枕 限定版(黑色),家居生活,抱枕,无印良品,56.62,24.3,1388,59,3.3,2019-01-02,在售
2236,机械工业 篮球 Plus(红色),图书文娱,篮球,机械工业,108.95,70.05,3172,26,4.5,2023-03-06,在售
2237,SK-II 洗发水 青春版,美妆个护,洗发水,SK-II,56.94,19.38,183,56,3.8,2022-10-18,在售
2238,SK-II 香水 (灰色),美妆个护,香水,SK-II,276.4,81.21,1581,25,2.7,2023-12-27,在售
2239,三星 笔记本电脑 Plus,电子产品,笔记本电脑,三星,4586.21,2751.81,4370,1,3.6,2022-05-14,在售
2240,H&M 泳衣 青春版(银色),服装鞋帽,泳衣,H&M,167.14,42.39,734,25,4.5,2023-06-01,在售
2241,香奈儿 化妆刷,美妆个护,化妆刷,香奈儿,111.31,31.71,4113,37,4.7,2021-01-26,在售
2242,无印良品 电饭煲 限定版(白色),家居生活,电饭煲,无印良品,639.68,241.62,3952,7,3.0,2019-03-16,在售
2243,英氏 游泳圈 标准版,母婴用品,游泳圈,英氏,113.89,41.01,236,29,4.0,2020-07-24,下架
2244,海尔 餐桌 Plus(蓝色),家居生活,餐桌,海尔,223.37,97.93,2274,12,4.0,2023-09-05,在售
2245,得到 篮球 Pro,图书文娱,篮球,得到,167.27,82.32,1247,17,4.0,2024-10-21,在售
2246,欧莱雅 眉笔 标准版,美妆个护,眉笔,欧莱雅,98.62,63.14,4238,28,2.0,2024-07-07,在售
2247,中信出版 文具 新款(黑色),图书文娱,文具,中信出版,16.92,7.03,2112,187,3.8,2019-06-20,在售
2248,戴尔 智能家居设备 Plus(蓝色),电子产品,智能家居设备,戴尔,485.21,174.0,992,6,3.0,2021-01-24,在售
2249,张裕 保健品 升级版,食品饮料,保健品,张裕,199.93,132.84,779,17,3.0,2023-09-25,在售
2250,英氏 奶瓶 新款(粉色),母婴用品,奶瓶,英氏,66.03,48.86,2220,34,3.0,2023-08-10,下架
2251,波司登 西装 升级版(红色),服装鞋帽,西装,波司登,738.42,257.8,4533,1,4.7,2024-08-18,在售
2252,花西子 防晒霜 标准版,美妆个护,防晒霜,花西子,224.37,142.06,3843,8,3.5,2019-07-23,在售
2253,完美日记 护手霜 (粉色),美妆个护,护手霜,完美日记,66.7,25.07,3150,38,3.8,2023-09-03,在售
2254,无印良品 电风扇 经典款,家居生活,电风扇,无印良品,84.12,58.66,3351,46,4.5,2020-04-03,在售
2255,资生堂 美容仪 旗舰版,美妆个护,美容仪,资生堂,570.28,169.79,2070,7,4.0,2023-10-31,缺货
2256,海澜之家 汉服 旗舰版,服装鞋帽,汉服,海澜之家,303.37,219.36,4440,19,5.0,2021-08-01,在售
2257,帮宝适 儿童牙刷 新款(黑色),母婴用品,儿童牙刷,帮宝适,13.57,6.94,4825,166,3.4,2021-07-01,在售
2258,好孩子 儿童水杯 标准版,母婴用品,儿童水杯,好孩子,83.04,59.77,186,71,3.2,2022-05-17,在售
2259,可优比 摇铃 青春版,母婴用品,摇铃,可优比,42.86,16.29,2681,74,3.7,2020-01-10,在售
2260,戴尔 VR设备 新款(金色),电子产品,VR设备,戴尔,2568.72,1287.16,2156,2,2.4,2020-12-20,在售
2261,京东图书 笔记本 Pro(黑色),图书文娱,笔记本,京东图书,91.25,26.69,3814,23,3.2,2021-03-18,在售
2262,恰恰 茶叶 旗舰版(银色),食品饮料,茶叶,恰恰,719.6,238.28,2762,8,5.0,2023-03-28,在售
2263,联想 音箱 Pro(灰色),电子产品,音箱,联想,104.18,30.62,1828,22,3.3,2022-05-23,在售
2264,可优比 婴儿沐浴露 标准版,母婴用品,婴儿沐浴露,可优比,23.34,11.21,2333,136,3.5,2019-11-03,在售
2265,香奈儿 香水 经典款(白色),美妆个护,香水,香奈儿,1541.67,745.2,3358,3,3.0,2021-03-28,在售
2266,子初 儿童安全座椅 标准版,母婴用品,儿童安全座椅,子初,1017.26,762.53,3360,6,3.7,2020-12-05,在售
2267,小米 路由器 经典款,电子产品,路由器,小米,481.64,160.43,4972,8,4.4,2023-06-03,在售
2268,小米 耳机 限定版(银色),电子产品,耳机,小米,534.69,340.85,4171,16,3.5,2020-03-07,下架
2269,海尔 晾衣架 青春版(金色),家居生活,晾衣架,海尔,49.48,21.11,448,64,4.7,2019-02-23,下架
2270,启赋 辅食机 经典款,母婴用品,辅食机,启赋,273.33,144.21,2814,17,3.5,2019-02-22,在售
2271,宜家 窗帘 青春版,家居生活,窗帘,宜家,104.72,58.75,116,40,3.6,2019-11-01,下架
2272,樊登读书 考研资料 限定版,图书文娱,考研资料,樊登读书,72.93,50.57,2944,58,3.3,2022-02-21,在售
2273,李宁 高跟鞋 旗舰版(粉色),服装鞋帽,高跟鞋,李宁,495.18,167.59,3180,9,4.0,2021-06-03,在售
2274,匡威 汉服 限定版,服装鞋帽,汉服,匡威,100.59,62.94,1904,34,3.8,2021-05-07,下架
2275,机械工业 乐器 旗舰版(灰色),图书文娱,乐器,机械工业,2328.77,1579.47,307,0,4.6,2019-06-17,在售
2276,伊利 红酒 标准版(金色),食品饮料,红酒,伊利,192.66,55.51,3399,23,4.0,2024-04-02,缺货
2277,京东图书 文具 Plus,图书文娱,文具,京东图书,22.09,9.9,1255,166,4.1,2024-04-27,在售
2278,膳魔师 电饭煲 Pro,家居生活,电饭煲,膳魔师,1328.82,354.5,2585,0,5.0,2019-02-03,在售
2279,恰恰 薯片 经典款,食品饮料,薯片,恰恰,14.76,9.22,427,214,4.2,2021-07-02,在售
2280,索尼 智能手表 新款,电子产品,智能手表,索尼,1014.77,745.22,2373,1,4.5,2019-12-10,在售
2281,鸿星尔克 西装 Pro(银色),服装鞋帽,西装,鸿星尔克,745.17,491.1,48,4,3.5,2024-10-20,在售
2282,太平鸟 休闲裤 标准版,服装鞋帽,休闲裤,太平鸟,312.45,83.75,179,20,2.8,2024-12-16,在售
2283,迪奥 身体乳 Plus(银色),美妆个护,身体乳,迪奥,185.23,94.67,4422,14,3.0,2023-09-05,在售
2284,欧莱雅 沐浴露 升级版,美妆个护,沐浴露,欧莱雅,25.07,7.56,4767,106,3.6,2019-01-10,在售
2285,双立人 收纳箱 旗舰版,家居生活,收纳箱,双立人,17.09,5.65,4717,189,3.6,2022-01-28,在售
2286,好孩子 早教机 升级版,母婴用品,早教机,好孩子,238.75,74.44,2119,11,5.0,2025-06-02,在售
2287,UR 女装连衣裙 标准版(粉色),服装鞋帽,女装连衣裙,UR,517.27,130.13,529,10,4.0,2020-06-02,下架
2288,惠氏 积木玩具 限定版(红色),母婴用品,积木玩具,惠氏,79.22,51.6,3194,34,3.4,2023-06-17,在售
2289,倩碧 防晒霜 Plus,美妆个护,防晒霜,倩碧,97.35,40.33,4026,35,3.5,2021-03-04,在售
2290,知乎 围棋 旗舰版(蓝色),图书文娱,围棋,知乎,95.72,50.56,4277,23,4.5,2019-06-09,在售
2291,蒙牛 燕窝 Plus,食品饮料,燕窝,蒙牛,1355.0,594.32,4592,6,1.0,2020-11-20,在售
2292,自然堂 定妆喷雾 旗舰版(白色),美妆个护,定妆喷雾,自然堂,80.95,44.91,2643,36,3.5,2019-04-29,在售
2293,戴森 加湿器 青春版(灰色),家居生活,加湿器,戴森,37.53,9.64,2730,86,3.7,2019-04-06,在售
2294,贝亲 婴儿床 经典款,母婴用品,婴儿床,贝亲,500.41,129.94,680,8,3.4,2024-11-03,在售
2295,完美日记 精华液 限定版,美妆个护,精华液,完美日记,198.33,56.79,4999,21,4.0,2022-06-10,在售
2296,兰蔻 眼影盘 (金色),美妆个护,眼影盘,兰蔻,284.71,203.48,3043,23,4.5,2021-07-07,在售
2297,三星 投影仪 经典款(银色),电子产品,投影仪,三星,5621.47,2200.19,3104,3,4.0,2019-05-21,在售
2298,花王 纸尿裤 (黑色),母婴用品,纸尿裤,花王,73.15,47.18,4231,51,3.2,2024-07-21,在售
2299,得到 历史书籍,图书文娱,历史书籍,得到,44.57,27.24,87,62,4.1,2024-11-03,在售
2300,苹果 投影仪,电子产品,投影仪,苹果,2136.18,897.29,433,0,3.6,2021-04-11,缺货
2301,MAC 防晒霜,美妆个护,防晒霜,MAC,35.19,23.91,313,113,3.5,2019-01-19,在售
2302,好奇 儿童安全座椅 青春版(黑色),母婴用品,儿童安全座椅,好奇,3371.13,2405.12,341,1,2.1,2022-06-13,在售
2303,BOSE 智能家居设备 标准版,电子产品,智能家居设备,BOSE,3339.25,1706.45,349,1,3.4,2019-04-10,在售
2304,格力 收纳箱 经典款(银色),家居生活,收纳箱,格力,15.4,5.09,247,209,4.1,2025-02-23,在售
2305,鸿星尔克 牛仔裤 旗舰版(银色),服装鞋帽,牛仔裤,鸿星尔克,139.31,89.45,4969,29,4.5,2019-09-27,在售
2306,阿迪达斯 睡衣 新款,服装鞋帽,睡衣,阿迪达斯,141.84,87.88,2698,40,3.8,2020-10-29,在售
2307,vivo 显示器 Plus,电子产品,显示器,vivo,1160.41,612.68,2090,0,5.0,2020-02-19,在售
2308,贝亲 婴儿沐浴露 Plus,母婴用品,婴儿沐浴露,贝亲,59.87,26.31,329,59,4.0,2020-11-27,在售
2309,农夫山泉 茶叶 旗舰版,食品饮料,茶叶,农夫山泉,550.19,239.75,248,3,5.0,2023-09-05,在售
2310,李宁 太阳镜 经典款,服装鞋帽,太阳镜,李宁,83.94,57.27,1952,49,4.2,2021-10-13,在售
2311,波司登 睡衣 限定版,服装鞋帽,睡衣,波司登,44.07,28.22,444,65,3.9,2022-11-17,在售
2312,来伊份 糖果 Plus,食品饮料,糖果,来伊份,15.59,8.76,3229,183,4.0,2024-10-29,在售
2313,知乎 英语教材 Pro(黑色),图书文娱,英语教材,知乎,23.21,7.51,371,146,3.6,2019-10-10,在售
2314,老板电器 洗碗机 Pro,家居生活,洗碗机,老板电器,2471.81,1767.89,260,3,3.1,2023-03-30,在售
2315,子初 爬行垫 Pro,母婴用品,爬行垫,子初,173.74,112.4,1766,10,4.5,2022-10-12,在售
2316,中信出版 心理学 Pro(黑色),图书文娱,心理学,中信出版,23.07,15.9,416,107,4.5,2023-11-10,在售
2317,可优比 儿童牙刷 经典款,母婴用品,儿童牙刷,可优比,11.99,8.69,508,252,3.8,2023-09-09,在售
2318,欧莱雅 眉笔 Plus,美妆个护,眉笔,欧莱雅,36.53,14.58,4924,112,3.9,2021-02-10,在售
2319,优衣库 围巾 青春版(蓝色),服装鞋帽,围巾,优衣库,42.14,26.24,1239,84,3.9,2021-01-15,在售
2320,惠氏 早教机 旗舰版(金色),母婴用品,早教机,惠氏,689.06,309.25,1072,8,4.0,2020-01-30,在售
2321,资生堂 面霜 升级版,美妆个护,面霜,资生堂,59.5,40.99,4003,39,3.7,2022-09-02,在售
2322,伊利 蜂蜜 (黑色),食品饮料,蜂蜜,伊利,47.59,16.1,2809,68,4.3,2024-03-21,在售
2323,雅诗兰黛 美容仪 限定版,美妆个护,美容仪,雅诗兰黛,2788.45,1676.9,199,0,3.7,2019-02-02,在售
2324,优衣库 西装 Plus,服装鞋帽,西装,优衣库,779.99,466.23,516,10,4.0,2019-12-28,在售
2325,全棉时代 游泳圈 限定版,母婴用品,游泳圈,全棉时代,72.2,35.47,3052,43,3.6,2019-06-21,在售
2326,资生堂 沐浴露 升级版,美妆个护,沐浴露,资生堂,43.13,12.36,1836,87,4.5,2021-03-10,在售
2327,波司登 围巾,服装鞋帽,围巾,波司登,102.41,62.23,294,20,4.0,2021-02-08,在售
2328,好孩子 婴儿床 Plus,母婴用品,婴儿床,好孩子,1077.61,548.75,4385,4,5.0,2020-03-10,在售
2329,李宁 女装连衣裙 青春版(金色),服装鞋帽,女装连衣裙,李宁,67.93,18.06,999,54,5.0,2024-01-28,在售
2330,MAC 定妆喷雾 升级版(粉色),美妆个护,定妆喷雾,MAC,220.86,72.84,3064,13,5.0,2024-07-14,缺货
2331,戴尔 鼠标 经典款,电子产品,鼠标,戴尔,156.67,91.14,4231,29,4.0,2019-08-28,在售
2332,樊登读书 科幻小说 Plus,图书文娱,科幻小说,樊登读书,44.73,16.34,166,58,3.6,2025-05-14,下架
2333,无印良品 洗碗机,家居生活,洗碗机,无印良品,4080.25,1271.32,237,0,3.6,2021-07-23,在售
2334,全棉时代 摇铃 青春版,母婴用品,摇铃,全棉时代,37.08,11.68,3637,88,3.8,2019-08-22,在售
2335,匡威 女装连衣裙 标准版(银色),服装鞋帽,女装连衣裙,匡威,440.4,279.08,86,3,3.5,2020-08-11,在售
2336,来伊份 薯片 限定版,食品饮料,薯片,来伊份,26.03,6.93,158,100,3.2,2023-12-13,在售
2337,三只松鼠 蜂蜜 标准版,食品饮料,蜂蜜,三只松鼠,27.76,12.82,2852,103,3.7,2021-05-09,在售
2338,新东方 乐器 限定版,图书文娱,乐器,新东方,4381.64,1334.51,77,1,3.1,2025-05-10,在售
2339,华硕 移动硬盘 Pro,电子产品,移动硬盘,华硕,490.99,153.46,387,8,3.2,2025-03-07,在售
2340,京东图书 儿童绘本 (银色),图书文娱,儿童绘本,京东图书,12.67,8.19,4858,204,3.5,2023-10-05,在售
2341,雷蛇 显示器 新款(银色),电子产品,显示器,雷蛇,963.56,600.59,132,5,4.0,2024-10-08,在售
2342,倩碧 洗发水 升级版,美妆个护,洗发水,倩碧,91.92,60.02,597,34,3.7,2023-05-01,在售
2343,老板电器 雨伞 新款,家居生活,雨伞,老板电器,140.9,52.29,2538,26,4.7,2019-10-16,在售
2344,爱他美 儿童牙刷 (白色),母婴用品,儿童牙刷,爱他美,28.53,7.37,3479,113,4.0,2022-09-26,在售
2345,飞鹤 儿童牙刷 旗舰版,母婴用品,儿童牙刷,飞鹤,24.29,6.59,2084,114,3.5,2019-04-27,在售
2346,三只松鼠 牛奶 新款,食品饮料,牛奶,三只松鼠,33.84,12.08,4295,90,4.0,2023-09-15,在售
2347,人民文学 英语教材 限定版(金色),图书文娱,英语教材,人民文学,33.52,18.57,1491,129,3.9,2023-07-15,缺货
2348,樊登读书 篮球 Pro,图书文娱,篮球,樊登读书,63.02,44.8,2090,65,4.0,2020-12-09,在售
2349,雪花秀 眉笔 新款(灰色),美妆个护,眉笔,雪花秀,64.5,36.66,1304,65,2.8,2020-10-24,在售
2350,中信出版 英语教材 升级版,图书文娱,英语教材,中信出版,82.16,23.59,2801,51,3.8,2019-10-20,在售
2351,伊利 食用油 (白色),食品饮料,食用油,伊利,58.4,24.05,2705,56,3.5,2020-04-08,在售
2352,好奇 奶瓶,母婴用品,奶瓶,好奇,132.43,76.9,261,23,4.0,2025-04-22,在售
2353,SK-II 面膜 经典款,美妆个护,面膜,SK-II,38.18,23.15,4397,68,4.4,2019-06-23,在售
2354,雪花秀 美容仪 新款(蓝色),美妆个护,美容仪,雪花秀,1064.74,565.62,2762,1,4.3,2023-12-24,在售
2355,自然堂 洗面奶 限定版(白色),美妆个护,洗面奶,自然堂,39.97,29.34,357,83,4.7,2024-01-29,缺货
2356,vivo VR设备 经典款(红色),电子产品,VR设备,vivo,731.13,373.25,1277,8,4.0,2020-01-23,在售
2357,华硕 耳机 标准版,电子产品,耳机,华硕,641.94,312.08,853,13,2.8,2021-04-05,在售
2358,海澜之家 袜子 标准版(粉色),服装鞋帽,袜子,海澜之家,17.75,13.13,4332,213,4.0,2019-09-28,在售
2359,农夫山泉 蛋白粉 标准版(银色),食品饮料,蛋白粉,农夫山泉,262.64,122.22,2382,19,4.0,2024-02-19,在售
2360,京东图书 围棋 新款(粉色),图书文娱,围棋,京东图书,163.83,64.42,438,23,3.3,2021-08-04,在售
2361,鸿星尔克 卫衣 新款(灰色),服装鞋帽,卫衣,鸿星尔克,465.68,250.7,112,9,4.0,2019-08-23,在售
2362,知乎 钢笔 旗舰版,图书文娱,钢笔,知乎,832.55,488.27,388,1,4.0,2022-11-08,在售
2363,得到 乐器 (灰色),图书文娱,乐器,得到,705.46,353.1,3490,6,1.0,2024-05-07,在售
2364,苏泊尔 窗帘,家居生活,窗帘,苏泊尔,314.62,106.29,4785,8,3.5,2020-09-14,下架
2365,来伊份 红酒 经典款,食品饮料,红酒,来伊份,136.42,82.1,426,28,4.0,2022-05-02,在售
2366,德芙 蜂蜜 标准版(银色),食品饮料,蜂蜜,德芙,92.53,62.67,2721,22,3.2,2022-06-26,在售
2367,联想 笔记本电脑 Pro,电子产品,笔记本电脑,联想,11441.07,3082.52,254,5,3.7,2025-01-13,在售
2368,MAC 身体乳 限定版(白色),美妆个护,身体乳,MAC,29.12,8.65,3380,102,4.6,2020-05-31,在售
2369,鸿星尔克 运动鞋 青春版,服装鞋帽,运动鞋,鸿星尔克,482.42,348.12,1972,11,4.0,2019-04-02,在售
2370,苹果 内存卡 限定版(灰色),电子产品,内存卡,苹果,49.11,26.95,3602,47,4.1,2023-03-18,在售
2371,帮宝适 婴儿背带 青春版(黑色),母婴用品,婴儿背带,帮宝适,93.11,59.95,2850,46,4.5,2023-10-28,下架
2372,安踏 运动鞋 旗舰版(白色),服装鞋帽,运动鞋,安踏,206.05,82.65,437,17,4.7,2021-02-09,在售
2373,爱仕达 吸尘器 新款(蓝色),家居生活,吸尘器,爱仕达,798.83,508.51,13,6,2.0,2023-04-26,在售
2374,鸿星尔克 运动鞋 升级版(白色),服装鞋帽,运动鞋,鸿星尔克,449.88,164.84,3694,10,2.0,2019-05-30,在售
2375,完美日记 粉底液 旗舰版,美妆个护,粉底液,完美日记,44.55,32.14,2269,66,4.0,2024-03-19,缺货
2376,全棉时代 儿童帐篷 青春版,母婴用品,儿童帐篷,全棉时代,902.42,306.52,4784,7,4.7,2019-10-31,在售
2377,农夫山泉 燕窝 标准版,食品饮料,燕窝,农夫山泉,866.72,288.23,3549,5,4.0,2024-12-19,在售
2378,惠氏 婴儿床 (蓝色),母婴用品,婴儿床,惠氏,791.48,356.94,3074,2,4.5,2023-02-17,在售
2379,欧莱雅 化妆刷 限定版,美妆个护,化妆刷,欧莱雅,28.04,18.36,2956,130,3.2,2021-03-11,在售
2380,三星 鼠标 经典款,电子产品,鼠标,三星,69.53,41.22,3738,26,2.3,2021-10-13,在售
2381,百雀羚 定妆喷雾 限定版(白色),美妆个护,定妆喷雾,百雀羚,35.58,11.0,4120,115,3.4,2024-12-02,下架
2382,好孩子 婴儿沐浴露 (粉色),母婴用品,婴儿沐浴露,好孩子,71.19,34.03,102,54,4.5,2021-02-14,下架
2383,子初 奶瓶 新款(金色),母婴用品,奶瓶,子初,108.52,68.19,4760,28,4.2,2022-12-26,在售
2384,伊利 饮料,食品饮料,饮料,伊利,15.14,8.25,2258,143,3.8,2020-02-01,在售
2385,佳能 VR设备 青春版,电子产品,VR设备,佳能,612.78,364.8,2799,3,3.0,2022-08-07,在售
2386,兰蔻 定妆喷雾 新款,美妆个护,定妆喷雾,兰蔻,42.94,24.55,3854,84,3.6,2019-08-27,在售
2387,好孩子 奶瓶 限定版(灰色),母婴用品,奶瓶,好孩子,79.65,26.43,2205,44,4.7,2021-08-17,下架
2388,雅诗兰黛 粉底液 新款,美妆个护,粉底液,雅诗兰黛,383.64,137.54,2147,12,5.0,2025-05-19,在售
2389,恰恰 巧克力,食品饮料,巧克力,恰恰,108.7,27.81,1964,33,5.0,2022-08-06,缺货
2390,花王 婴儿沐浴露 青春版(蓝色),母婴用品,婴儿沐浴露,花王,41.52,19.78,1204,82,4.6,2019-04-04,在售
2391,雀巢 糖果 标准版(白色),食品饮料,糖果,雀巢,52.08,37.12,2637,52,3.8,2023-10-21,在售
2392,优衣库 西装 标准版(灰色),服装鞋帽,西装,优衣库,452.75,114.09,4396,5,3.0,2024-05-16,下架
2393,良品铺子 调味料 旗舰版(粉色),食品饮料,调味料,良品铺子,16.95,5.16,109,167,4.3,2022-02-16,在售
2394,优衣库 皮带 新款,服装鞋帽,皮带,优衣库,30.3,9.98,3271,110,4.1,2025-01-08,在售
2395,佳能 游戏主机,电子产品,游戏主机,佳能,3287.16,2088.19,4362,1,3.9,2019-01-17,缺货
2396,苏泊尔 窗帘 经典款,家居生活,窗帘,苏泊尔,182.45,52.65,4173,33,4.5,2021-03-22,在售
2397,森马 汉服 限定版(黑色),服装鞋帽,汉服,森马,406.4,293.0,2670,13,4.3,2023-09-26,在售
2398,新东方 漫画 升级版,图书文娱,漫画,新东方,18.37,6.27,69,148,3.5,2021-04-08,缺货
2399,人民文学 健身器材 新款(银色),图书文娱,健身器材,人民文学,28.06,14.2,4323,86,3.7,2020-02-28,在售
2400,知乎 围棋 标准版(灰色),图书文娱,围棋,知乎,23.67,7.85,3494,137,3.7,2022-05-16,在售
2401,兰蔻 洗发水 Pro(红色),美妆个护,洗发水,兰蔻,88.44,48.45,2592,50,3.0,2025-04-25,在售
2402,华为 游戏主机 旗舰版,电子产品,游戏主机,华为,1730.55,1210.1,2453,0,5.0,2025-05-15,在售
2403,机械工业 瑜伽垫 经典款(黑色),图书文娱,瑜伽垫,机械工业,177.97,85.54,3082,18,2.8,2024-05-29,在售
2404,可优比 早教机 青春版,母婴用品,早教机,可优比,195.25,97.6,1088,14,1.5,2023-01-19,在售
2405,安踏 汉服,服装鞋帽,汉服,安踏,566.23,345.39,3433,9,4.0,2023-09-22,在售
2406,奥克斯 餐桌 标准版,家居生活,餐桌,奥克斯,561.64,237.27,1456,9,3.0,2020-04-13,在售
2407,新东方 健身器材 标准版(黑色),图书文娱,健身器材,新东方,570.02,410.38,1089,7,4.0,2023-01-28,在售
2408,电子工业 漫画 标准版,图书文娱,漫画,电子工业,26.52,17.63,2911,129,3.2,2019-09-06,在售
2409,玉兰油 粉底液 新款,美妆个护,粉底液,玉兰油,62.88,31.12,678,50,4.6,2022-12-05,在售
2410,启赋 爬行垫 Plus(红色),母婴用品,爬行垫,启赋,40.37,12.09,277,85,3.7,2019-10-26,在售
2411,茅台 茶叶 青春版(粉色),食品饮料,茶叶,茅台,702.96,212.56,4828,7,5.0,2022-05-25,在售
2412,联想 耳机 旗舰版,电子产品,耳机,联想,225.23,106.93,1458,25,2.7,2022-08-26,在售
2413,三只松鼠 糖果 限定版(粉色),食品饮料,糖果,三只松鼠,63.52,41.25,2452,53,3.4,2021-01-30,缺货
2414,爱他美 游泳圈 经典款,母婴用品,游泳圈,爱他美,130.45,38.91,3237,24,4.0,2025-05-31,在售
2415,安踏 羽绒服 Plus,服装鞋帽,羽绒服,安踏,474.66,316.78,3853,4,5.0,2022-10-06,在售
2416,恰恰 薯片 限定版,食品饮料,薯片,恰恰,13.14,8.27,2464,241,4.0,2022-04-08,在售
2417,安踏 太阳镜 经典款,服装鞋帽,太阳镜,安踏,493.29,348.36,2923,13,5.0,2019-01-30,缺货
2418,五粮液 牛奶 新款,食品饮料,牛奶,五粮液,37.86,9.87,165,81,3.3,2025-01-26,在售
2419,伊利 肉干 经典款,食品饮料,肉干,伊利,64.05,44.14,3886,55,4.0,2023-05-04,在售
2420,优衣库 西装 经典款,服装鞋帽,西装,优衣库,364.96,246.56,2478,17,4.8,2020-09-08,在售
2421,爱他美 婴儿背带 限定版,母婴用品,婴儿背带,爱他美,138.06,89.7,768,30,4.0,2021-05-03,在售
2422,H&M 运动外套 限定版,服装鞋帽,运动外套,H&M,119.28,66.83,84,50,4.0,2024-02-22,在售
2423,雀巢 果冻 升级版,食品饮料,果冻,雀巢,3.02,0.9,4419,810,4.0,2020-07-08,在售
2424,OPPO 充电宝 Plus,电子产品,充电宝,OPPO,105.7,55.94,1997,24,5.0,2022-12-13,在售
2425,BOSE 相机 经典款,电子产品,相机,BOSE,8664.16,2702.95,1560,1,4.2,2024-11-01,在售
2426,自然堂 精华液,美妆个护,精华液,自然堂,107.6,52.03,64,32,2.3,2023-03-03,在售
2427,佳能 智能手表 经典款(白色),电子产品,智能手表,佳能,763.78,538.46,3977,12,4.5,2021-05-10,在售
2428,三星 耳机 Pro(黑色),电子产品,耳机,三星,42.65,24.49,2227,58,4.2,2023-06-16,在售
2429,戴尔 平板电脑,电子产品,平板电脑,戴尔,5923.17,3173.39,23,1,4.9,2022-12-10,在售
2430,苹果 打印机,电子产品,打印机,苹果,656.15,425.68,3476,3,3.2,2023-05-27,在售
2431,vivo 智能家居设备,电子产品,智能家居设备,vivo,2057.2,576.82,260,0,3.8,2021-12-07,在售
2432,美的 灯具 限定版(粉色),家居生活,灯具,美的,93.41,59.34,4213,28,3.5,2023-01-24,缺货
2433,雀巢 肉干 旗舰版(灰色),食品饮料,肉干,雀巢,50.82,14.97,649,59,4.2,2024-03-04,缺货
2434,全棉时代 游泳圈 新款,母婴用品,游泳圈,全棉时代,29.55,14.69,4573,111,4.1,2019-08-27,下架
2435,新东方 乐器 青春版,图书文娱,乐器,新东方,129.58,44.66,675,26,3.0,2019-07-22,在售
2436,华硕 耳机 经典款(金色),电子产品,耳机,华硕,108.53,55.67,3958,17,3.0,2022-07-03,在售
2437,花王 温奶器 Plus,母婴用品,温奶器,花王,187.54,88.64,642,26,3.5,2023-04-09,在售
2438,戴尔 智能手表 限定版(金色),电子产品,智能手表,戴尔,550.27,158.7,2380,5,5.0,2022-12-14,在售
2439,方太 晾衣架 限定版(金色),家居生活,晾衣架,方太,59.86,30.24,4492,52,4.0,2025-02-19,在售
2440,完美日记 定妆喷雾,美妆个护,定妆喷雾,完美日记,121.36,65.88,3033,35,5.0,2022-05-30,在售
2441,方太 微波炉 升级版,家居生活,微波炉,方太,906.64,267.98,2690,16,2.5,2020-11-10,在售
2442,小米 显示器 旗舰版,电子产品,显示器,小米,617.41,460.31,1598,7,5.0,2022-05-06,在售
2443,耐克 卫衣 Plus,服装鞋帽,卫衣,耐克,147.24,55.82,3086,14,3.0,2023-11-05,在售
2444,自然堂 洗面奶 升级版,美妆个护,洗面奶,自然堂,22.27,8.23,4625,162,4.2,2021-12-11,在售
2445,新东方 书法字帖 升级版,图书文娱,书法字帖,新东方,36.28,13.69,1665,108,4.2,2021-04-24,在售
2446,波司登 西装 新款,服装鞋帽,西装,波司登,595.64,416.89,1978,6,5.0,2024-01-09,在售
2447,机械工业 编程书籍 旗舰版(红色),图书文娱,编程书籍,机械工业,242.4,149.39,778,23,3.7,2023-10-14,在售
2448,双立人 雨伞 标准版,家居生活,雨伞,双立人,133.63,38.2,2882,28,5.0,2021-06-19,在售
2449,三星 游戏主机 经典款,电子产品,游戏主机,三星,1532.37,810.66,3862,1,4.6,2023-11-22,下架
2450,京东图书 科幻小说 标准版,图书文娱,科幻小说,京东图书,12.73,9.13,607,232,3.6,2022-12-02,下架
2451,好孩子 儿童牙刷 青春版,母婴用品,儿童牙刷,好孩子,44.23,31.19,750,91,4.3,2019-02-11,在售
2452,三星 耳机 升级版,电子产品,耳机,三星,1188.27,658.85,540,3,4.0,2021-10-12,在售
2453,雀巢 薯片 旗舰版,食品饮料,薯片,雀巢,23.07,6.52,144,137,3.9,2023-12-23,在售
2454,花西子 口红 新款,美妆个护,口红,花西子,78.59,30.04,990,35,3.7,2023-10-20,在售
2455,机械工业 心理学 Pro,图书文娱,心理学,机械工业,132.7,76.92,2722,18,2.0,2019-12-04,在售
2456,雀巢 蛋白粉 经典款,食品饮料,蛋白粉,雀巢,376.57,157.65,1711,15,4.9,2021-07-20,在售
2457,波司登 围巾 Pro,服装鞋帽,围巾,波司登,80.26,53.72,3412,34,4.4,2019-09-30,在售
2458,李宁 羽绒服 Pro,服装鞋帽,羽绒服,李宁,306.68,95.0,3068,24,3.6,2025-04-21,在售
2459,完美日记 精华液,美妆个护,精华液,完美日记,325.72,180.38,1110,7,4.5,2023-03-22,在售
2460,知乎 书法字帖 限定版,图书文娱,书法字帖,知乎,6.19,2.87,4604,463,3.9,2021-11-23,在售
2461,奥克斯 灯具 升级版,家居生活,灯具,奥克斯,45.09,14.69,1016,60,4.0,2020-05-18,在售
2462,美赞臣 儿童帐篷 Pro,母婴用品,儿童帐篷,美赞臣,142.07,102.34,3892,29,4.5,2021-08-11,在售
2463,良品铺子 坚果零食 Plus(黑色),食品饮料,坚果零食,良品铺子,62.44,17.71,1280,57,4.0,2022-05-12,在售
2464,爱他美 婴儿背带 青春版(金色),母婴用品,婴儿背带,爱他美,126.02,82.81,450,28,2.5,2023-06-18,在售
2465,良品铺子 食用油 Plus(白色),食品饮料,食用油,良品铺子,112.37,69.25,4469,41,2.5,2024-12-01,下架
2466,苏泊尔 窗帘 限定版(红色),家居生活,窗帘,苏泊尔,92.84,61.33,1619,28,4.2,2023-04-25,在售
2467,花西子 防晒霜 新款,美妆个护,防晒霜,花西子,321.5,144.9,1904,7,4.8,2024-11-27,在售
2468,戴尔 投影仪 升级版,电子产品,投影仪,戴尔,4921.69,2054.37,1605,0,2.7,2025-03-12,下架
2469,特步 袜子 新款,服装鞋帽,袜子,特步,27.9,7.38,4887,106,3.9,2020-09-03,在售
2470,欧莱雅 面霜 新款(灰色),美妆个护,面霜,欧莱雅,100.52,63.2,104,29,3.3,2020-05-08,下架
2471,美的 电风扇 青春版,家居生活,电风扇,美的,279.73,150.81,4594,15,4.0,2024-01-12,在售
2472,飞鹤 儿童牙刷 青春版(粉色),母婴用品,儿童牙刷,飞鹤,7.88,2.72,4405,336,3.4,2025-06-28,在售
2473,机械工业 历史书籍 升级版,图书文娱,历史书籍,机械工业,113.94,44.09,2014,35,4.0,2020-02-20,在售
2474,无印良品 雨伞 标准版,家居生活,雨伞,无印良品,16.78,7.41,4028,187,3.6,2019-01-04,在售
2475,知乎 编程书籍 限定版,图书文娱,编程书籍,知乎,92.12,68.58,3687,53,4.5,2020-05-01,在售
2476,九阳 洗碗机 旗舰版(白色),家居生活,洗碗机,九阳,2812.81,1542.28,1295,1,2.0,2020-09-25,在售
2477,知乎 历史书籍 青春版,图书文娱,历史书籍,知乎,69.44,22.63,240,68,3.9,2023-10-06,在售
2478,星巴克 保健品 升级版(红色),食品饮料,保健品,星巴克,440.67,199.48,4051,14,3.0,2025-01-01,在售
2479,来伊份 保健品 新款(灰色),食品饮料,保健品,来伊份,708.04,250.39,1813,4,4.1,2021-10-11,在售
2480,花王 儿童安全座椅 经典款(粉色),母婴用品,儿童安全座椅,花王,1088.44,508.53,1069,3,5.0,2024-06-17,在售
2481,膳魔师 抱枕 标准版,家居生活,抱枕,膳魔师,27.37,16.66,4597,108,4.6,2022-03-27,在售
2482,当当 儿童绘本 青春版(红色),图书文娱,儿童绘本,当当,95.11,27.52,376,22,5.0,2020-05-16,在售
2483,尼康 平板电脑 (红色),电子产品,平板电脑,尼康,4461.36,1677.3,4408,0,5.0,2020-08-17,在售
2484,波司登 衬衫 经典款(灰色),服装鞋帽,衬衫,波司登,353.53,120.65,4421,6,3.0,2020-02-06,在售
2485,张裕 饮料 旗舰版(粉色),食品饮料,饮料,张裕,17.98,5.91,1731,175,4.0,2021-04-04,在售
2486,来伊份 食用油 旗舰版,食品饮料,食用油,来伊份,81.61,42.56,4611,47,3.8,2024-09-04,在售
2487,百草味 糖果 经典款,食品饮料,糖果,百草味,6.28,3.09,3744,430,3.9,2019-05-29,在售
2488,海澜之家 运动外套 升级版,服装鞋帽,运动外套,海澜之家,292.26,135.18,986,18,4.0,2024-09-26,在售
2489,樊登读书 小说 Pro,图书文娱,小说,樊登读书,55.26,30.01,2360,66,3.7,2023-01-09,在售
2490,新东方 健身器材 青春版(金色),图书文娱,健身器材,新东方,1032.38,326.92,2949,6,2.0,2024-09-21,在售
2491,华硕 平板电脑 新款,电子产品,平板电脑,华硕,1496.13,1068.7,4515,7,3.5,2020-07-27,在售
2492,人民文学 编程书籍 新款,图书文娱,编程书籍,人民文学,205.99,112.85,3444,13,4.0,2019-01-04,缺货
2493,机械工业 编程书籍 升级版(银色),图书文娱,编程书籍,机械工业,165.61,67.53,3400,5,4.1,2024-04-29,缺货
2494,蒙牛 咖啡,食品饮料,咖啡,蒙牛,19.03,7.44,4039,198,3.9,2020-12-25,下架
2495,太平鸟 运动鞋 经典款(粉色),服装鞋帽,运动鞋,太平鸟,136.16,59.76,3772,26,5.0,2021-12-08,下架
2496,惠氏 婴儿推车 Pro(白色),母婴用品,婴儿推车,惠氏,779.43,371.3,386,13,3.6,2022-06-28,在售
2497,香奈儿 眉笔 经典款,美妆个护,眉笔,香奈儿,185.83,119.74,449,21,5.0,2019-03-17,在售
2498,惠氏 儿童帐篷 升级版,母婴用品,儿童帐篷,惠氏,125.0,69.83,4021,29,4.8,2024-09-20,缺货
2499,花王 婴儿奶粉 限定版,母婴用品,婴儿奶粉,花王,596.23,275.39,4,5,4.0,2019-11-28,在售
2500,完美日记 口红 经典款,美妆个护,口红,完美日记,77.49,32.71,2481,45,3.8,2022-04-06,下架
2501,张裕 蛋白粉 旗舰版(黑色),食品饮料,蛋白粉,张裕,661.82,379.14,3402,12,5.0,2024-05-20,在售
2502,网易严选 雨伞 Pro,家居生活,雨伞,网易严选,47.32,31.0,3699,62,4.3,2022-08-22,缺货
2503,电子工业 篮球 青春版,图书文娱,篮球,电子工业,66.61,28.06,3588,47,4.7,2023-09-05,在售
2504,好奇 婴儿背带 旗舰版(银色),母婴用品,婴儿背带,好奇,165.39,76.28,4506,27,3.5,2020-02-02,在售
2505,格力 洗碗机 旗舰版,家居生活,洗碗机,格力,2170.67,1303.49,2054,2,3.4,2020-05-03,在售
2506,佳能 游戏主机 旗舰版,电子产品,游戏主机,佳能,2325.97,1312.29,3172,3,5.0,2024-10-22,在售
2507,子初 纸尿裤 青春版,母婴用品,纸尿裤,子初,59.73,33.38,4595,53,3.4,2024-12-02,在售
2508,索尼 键盘 升级版(粉色),电子产品,键盘,索尼,844.48,264.25,229,9,5.0,2021-11-16,在售
2509,阿迪达斯 衬衫 升级版(黑色),服装鞋帽,衬衫,阿迪达斯,114.7,55.71,1792,35,4.0,2021-01-06,缺货
2510,樊登读书 健身器材 经典款,图书文娱,健身器材,樊登读书,97.19,35.28,656,30,3.3,2024-01-06,在售
2511,完美日记 洗发水 限定版,美妆个护,洗发水,完美日记,72.76,21.03,4442,54,3.7,2020-04-28,在售
2512,完美日记 口红 Plus,美妆个护,口红,完美日记,82.75,50.89,3632,35,2.8,2019-07-28,在售
2513,优衣库 围巾 限定版,服装鞋帽,围巾,优衣库,218.95,88.98,921,13,4.7,2024-06-06,在售
2514,京东图书 编程书籍 限定版(黑色),图书文娱,编程书籍,京东图书,271.57,102.53,174,9,3.7,2022-12-21,在售
2515,格力 电风扇 新款,家居生活,电风扇,格力,271.81,97.03,3716,22,5.0,2022-02-04,缺货
2516,迪奥 口红 限定版,美妆个护,口红,迪奥,132.75,83.95,1597,35,4.0,2020-03-18,在售
2517,新东方 编程书籍 旗舰版,图书文娱,编程书籍,新东方,133.65,54.99,72,24,5.0,2023-04-11,下架
2518,H&M 休闲裤 升级版(蓝色),服装鞋帽,休闲裤,H&M,143.76,52.05,2265,29,5.0,2024-10-06,在售
2519,耐克 内衣 新款,服装鞋帽,内衣,耐克,162.83,72.03,3661,18,4.7,2019-11-22,在售
2520,人民文学 心理学 新款,图书文娱,心理学,人民文学,96.72,38.7,2293,46,3.0,2023-09-20,在售
2521,格力 洗碗机 限定版,家居生活,洗碗机,格力,3371.28,929.23,2737,9,3.5,2022-06-27,下架
2522,爱仕达 晾衣架 标准版,家居生活,晾衣架,爱仕达,15.03,9.2,4008,250,4.1,2021-12-09,在售
2523,华为 智能家居设备 新款(红色),电子产品,智能家居设备,华为,2173.51,1167.41,4589,5,3.0,2022-05-18,在售
2524,得到 瑜伽垫 限定版(银色),图书文娱,瑜伽垫,得到,129.03,61.76,3042,37,4.5,2023-01-21,在售
2525,苹果 显示器 标准版,电子产品,显示器,苹果,5172.13,3071.07,563,5,5.0,2021-01-12,缺货
2526,华硕 笔记本电脑,电子产品,笔记本电脑,华硕,3240.94,2104.0,4644,1,5.0,2023-10-08,在售
2527,蒙牛 咖啡 Pro(蓝色),食品饮料,咖啡,蒙牛,145.93,72.23,4161,39,3.0,2024-07-09,在售
2528,蒙牛 饮料 Pro,食品饮料,饮料,蒙牛,20.74,11.43,383,175,3.7,2021-07-16,在售
2529,蒙牛 巧克力 新款(黑色),食品饮料,巧克力,蒙牛,17.72,4.68,1115,170,4.3,2021-04-28,在售
2530,膳魔师 厨房刀具 标准版(金色),家居生活,厨房刀具,膳魔师,398.0,110.47,1207,10,3.0,2021-02-07,在售
2531,知乎 乐器,图书文娱,乐器,知乎,415.03,243.72,3862,4,4.0,2020-05-13,在售
2532,戴森 灯具 经典款(红色),家居生活,灯具,戴森,81.39,47.22,2246,44,4.5,2024-10-03,在售
2533,九阳 吸尘器 Plus,家居生活,吸尘器,九阳,317.09,202.31,4839,16,3.0,2021-05-01,在售
2534,vivo 手机 升级版,电子产品,手机,vivo,8902.69,5155.58,371,0,2.8,2023-11-04,在售
2535,好奇 积木玩具 升级版,母婴用品,积木玩具,好奇,510.92,368.62,2577,8,4.2,2020-05-02,在售
2536,三星 游戏主机 新款,电子产品,游戏主机,三星,1569.37,767.58,150,1,3.7,2021-03-04,在售
2537,得到 乐器 Pro(红色),图书文娱,乐器,得到,1782.37,777.74,154,7,3.2,2025-03-24,缺货
2538,子初 儿童水杯 限定版,母婴用品,儿童水杯,子初,48.31,12.33,896,68,4.1,2024-05-01,在售
2539,电子工业 小说 (蓝色),图书文娱,小说,电子工业,10.37,6.44,3331,265,4.1,2021-12-12,在售
2540,迪奥 化妆刷 Pro(黑色),美妆个护,化妆刷,迪奥,232.37,80.37,2326,16,2.0,2020-11-18,在售
2541,安踏 内衣 新款,服装鞋帽,内衣,安踏,110.14,76.74,4254,30,4.6,2021-11-15,在售
2542,美的 电风扇 限定版,家居生活,电风扇,美的,68.53,43.29,1020,41,4.3,2020-07-22,下架
2543,耐克 袜子 经典款,服装鞋帽,袜子,耐克,64.16,25.65,426,59,4.0,2020-08-16,在售
2544,百草味 饮料 Plus(粉色),食品饮料,饮料,百草味,13.66,6.01,3306,225,3.6,2020-08-19,下架
2545,得到 笔记本 Plus,图书文娱,笔记本,得到,5.35,2.56,394,506,3.8,2019-07-11,下架
2546,H&M 袜子 限定版(蓝色),服装鞋帽,袜子,H&M,9.31,5.38,1055,285,3.6,2024-12-09,在售
2547,森马 卫衣 Plus(粉色),服装鞋帽,卫衣,森马,385.97,283.33,3438,8,4.0,2022-11-01,缺货
2548,迪奥 卸妆水 限定版(银色),美妆个护,卸妆水,迪奥,54.45,20.05,150,89,3.3,2023-09-04,在售
2549,伊利 蜂蜜 青春版,食品饮料,蜂蜜,伊利,43.83,11.92,156,78,4.2,2022-01-01,在售
2550,H&M 女装连衣裙 经典款,服装鞋帽,女装连衣裙,H&M,134.51,100.13,315,30,4.2,2022-12-21,在售
2551,森马 卫衣 限定版,服装鞋帽,卫衣,森马,170.57,48.66,4,30,4.2,2022-01-18,在售
2552,完美日记 护手霜 (银色),美妆个护,护手霜,完美日记,20.76,10.45,1099,152,3.9,2024-07-29,在售
2553,自然堂 美容仪 旗舰版,美妆个护,美容仪,自然堂,2702.57,1945.44,3084,5,2.8,2020-03-22,在售
2554,耐克 袜子 Plus,服装鞋帽,袜子,耐克,8.56,4.8,350,355,3.5,2023-03-01,在售
2555,雷蛇 显示器 青春版(白色),电子产品,显示器,雷蛇,1130.52,574.79,546,8,4.7,2020-07-30,在售
2556,迪奥 面膜 升级版(银色),美妆个护,面膜,迪奥,66.0,34.32,4061,43,4.2,2025-03-28,在售
2557,兰蔻 面膜 旗舰版(银色),美妆个护,面膜,兰蔻,334.56,132.35,803,1,2.0,2023-06-17,在售
2558,玉兰油 化妆刷 限定版,美妆个护,化妆刷,玉兰油,21.78,10.42,660,151,3.3,2021-09-01,在售
2559,机械工业 历史书籍 经典款,图书文娱,历史书籍,机械工业,87.1,60.82,3183,42,3.7,2022-06-17,下架
2560,机械工业 小说 经典款,图书文娱,小说,机械工业,75.08,49.57,2358,33,2.5,2020-09-13,缺货
2561,膳魔师 沙发 标准版,家居生活,沙发,膳魔师,2138.26,1468.79,3226,2,4.5,2021-04-28,在售
2562,樊登读书 儿童绘本 升级版(黑色),图书文娱,儿童绘本,樊登读书,49.82,30.17,1419,60,4.0,2023-02-07,在售
2563,机械工业 围棋 旗舰版(红色),图书文娱,围棋,机械工业,73.69,22.47,1225,48,3.9,2020-08-29,在售
2564,飞鹤 奶瓶 旗舰版,母婴用品,奶瓶,飞鹤,26.8,20.0,2585,102,3.9,2020-09-04,在售
2565,香奈儿 护手霜 Pro,美妆个护,护手霜,香奈儿,25.46,18.62,365,106,4.4,2021-06-29,在售
2566,优衣库 男装T恤,服装鞋帽,男装T恤,优衣库,32.47,15.64,1196,86,4.2,2020-03-29,在售
2567,雅诗兰黛 面霜 经典款(白色),美妆个护,面霜,雅诗兰黛,185.97,136.58,3973,38,4.5,2020-02-20,在售
2568,张裕 调味料 青春版(灰色),食品饮料,调味料,张裕,7.91,2.57,1543,343,3.8,2019-03-21,在售
2569,资生堂 眉笔 Pro,美妆个护,眉笔,资生堂,47.41,28.12,3276,67,4.0,2021-06-20,在售
2570,SK-II 美容仪 Pro,美妆个护,美容仪,SK-II,1794.3,897.56,1704,1,3.3,2021-02-06,缺货
2571,英氏 婴儿背带 (银色),母婴用品,婴儿背带,英氏,87.12,57.87,1422,35,5.0,2022-02-05,在售
2572,无印良品 沙发 升级版,家居生活,沙发,无印良品,2566.52,1045.12,2642,3,2.5,2021-10-31,在售
2573,电子工业 英语教材 升级版,图书文娱,英语教材,电子工业,181.53,86.69,4169,21,3.2,2023-10-05,缺货
2574,恰恰 方便面 (粉色),食品饮料,方便面,恰恰,33.03,17.96,3056,122,4.1,2024-10-22,在售
2575,百草味 果冻 标准版(黑色),食品饮料,果冻,百草味,24.21,12.87,484,117,3.9,2022-08-03,在售
2576,倩碧 面膜 (红色),美妆个护,面膜,倩碧,35.08,15.58,325,107,3.8,2024-07-31,缺货
2577,OPPO 笔记本电脑 青春版(粉色),电子产品,笔记本电脑,OPPO,2622.2,926.2,3406,1,5.0,2024-08-25,在售
2578,匡威 羽绒服 经典款,服装鞋帽,羽绒服,匡威,723.03,407.2,4770,8,4.0,2019-04-12,在售
2579,贝亲 摇铃,母婴用品,摇铃,贝亲,96.09,62.71,3919,30,3.2,2021-10-31,在售
2580,兰蔻 护手霜 旗舰版(黑色),美妆个护,护手霜,兰蔻,28.34,15.87,265,116,3.6,2021-10-25,在售
2581,森马 运动外套 青春版,服装鞋帽,运动外套,森马,754.09,268.0,4762,5,3.0,2019-07-25,在售
2582,佳能 路由器 新款,电子产品,路由器,佳能,70.99,20.84,2820,45,3.3,2020-01-29,在售
2583,雀巢 果冻 Pro,食品饮料,果冻,雀巢,12.72,5.19,4026,234,3.9,2019-01-03,缺货
2584,资生堂 美容仪 标准版(粉色),美妆个护,美容仪,资生堂,241.94,147.99,2753,20,3.7,2019-12-06,在售
2585,茅台 燕窝 Pro(银色),食品饮料,燕窝,茅台,262.07,157.41,1895,16,4.0,2019-05-22,在售
2586,苹果 打印机 新款,电子产品,打印机,苹果,473.85,176.55,4976,10,3.2,2024-02-25,在售
2587,babycare 辅食机 升级版,母婴用品,辅食机,babycare,693.79,504.68,756,4,4.6,2021-02-04,在售
2588,费列罗 食用油 限定版(粉色),食品饮料,食用油,费列罗,73.33,46.59,1662,44,4.2,2019-10-02,在售
2589,可优比 婴儿床 Plus(粉色),母婴用品,婴儿床,可优比,1736.46,483.02,3067,17,5.0,2022-09-21,在售
2590,联想 投影仪 标准版(黑色),电子产品,投影仪,联想,1718.07,1197.65,3578,2,4.9,2023-09-20,在售
2591,倩碧 沐浴露 青春版,美妆个护,沐浴露,倩碧,61.82,42.55,2933,45,4.3,2022-12-31,在售
2592,美赞臣 积木玩具 青春版(蓝色),母婴用品,积木玩具,美赞臣,511.13,292.73,4003,5,5.0,2023-09-14,在售
2593,星巴克 蜂蜜 限定版(白色),食品饮料,蜂蜜,星巴克,26.06,7.19,827,124,3.2,2024-11-23,在售
2594,自然堂 面霜 Plus,美妆个护,面霜,自然堂,135.96,79.78,144,18,3.0,2023-05-25,下架
2595,无印良品 床上四件套 Plus,家居生活,床上四件套,无印良品,1897.95,1389.49,1567,0,5.0,2020-08-04,在售
2596,波司登 西装 升级版,服装鞋帽,西装,波司登,249.33,145.02,493,24,3.0,2023-11-17,在售
2597,阿迪达斯 高跟鞋 (黑色),服装鞋帽,高跟鞋,阿迪达斯,107.66,27.41,4102,19,4.5,2019-07-21,缺货
2598,玉兰油 指甲油 Pro(金色),美妆个护,指甲油,玉兰油,34.6,17.78,1238,94,3.7,2022-03-14,在售
2599,雪花秀 香水 青春版(银色),美妆个护,香水,雪花秀,1173.63,699.67,2169,2,5.0,2023-02-09,在售
2600,张裕 糖果,食品饮料,糖果,张裕,10.04,3.9,3908,270,3.7,2025-06-27,缺货
2601,匡威 运动外套 青春版,服装鞋帽,运动外套,匡威,242.14,122.2,2374,19,2.5,2022-03-21,在售
2602,爱他美 纸尿裤 限定版(蓝色),母婴用品,纸尿裤,爱他美,41.43,26.37,673,64,3.8,2019-10-17,在售
2603,安踏 太阳镜 标准版(银色),服装鞋帽,太阳镜,安踏,96.1,67.55,2289,44,4.0,2025-01-12,下架
2604,联想 充电宝 旗舰版,电子产品,充电宝,联想,259.12,149.43,969,11,4.6,2025-06-15,在售
2605,五粮液 红酒 限定版,食品饮料,红酒,五粮液,545.13,178.86,631,19,2.8,2022-01-12,在售
2606,好孩子 婴儿背带 新款,母婴用品,婴儿背带,好孩子,120.26,36.03,1621,31,4.0,2019-12-11,在售
2607,张裕 保健品 青春版(银色),食品饮料,保健品,张裕,66.41,22.76,4372,52,3.7,2022-01-18,在售
2608,OPPO 鼠标 限定版(红色),电子产品,鼠标,OPPO,297.93,174.98,266,6,4.0,2024-07-17,在售
2609,贝亲 辅食机 限定版,母婴用品,辅食机,贝亲,356.05,204.39,4009,13,3.9,2024-01-27,在售
2610,鸿星尔克 围巾 限定版(白色),服装鞋帽,围巾,鸿星尔克,117.95,62.44,3884,35,3.4,2021-06-21,在售
2611,来伊份 茶叶 升级版,食品饮料,茶叶,来伊份,181.5,90.84,1368,21,2.5,2020-11-18,在售
2612,全棉时代 儿童安全座椅 旗舰版(红色),母婴用品,儿童安全座椅,全棉时代,1100.27,370.43,4778,0,3.7,2021-01-27,在售
2613,知乎 儿童绘本 Pro,图书文娱,儿童绘本,知乎,11.89,3.5,3922,248,3.9,2020-05-24,在售
2614,完美日记 精华液 青春版(银色),美妆个护,精华液,完美日记,65.87,33.61,373,60,3.5,2024-08-05,在售
2615,五粮液 蜂蜜 经典款(蓝色),食品饮料,蜂蜜,五粮液,39.21,27.98,1502,72,4.4,2025-04-18,在售
2616,戴森 灯具 标准版(银色),家居生活,灯具,戴森,343.53,136.89,3424,7,5.0,2022-06-23,缺货
2617,华为 相机 标准版,电子产品,相机,华为,4223.83,2814.97,1131,0,3.4,2024-01-19,在售
2618,人民文学 编程书籍 Plus(红色),图书文娱,编程书籍,人民文学,39.99,20.2,200,71,4.0,2025-05-14,在售
2619,德芙 蜂蜜 经典款,食品饮料,蜂蜜,德芙,253.79,157.57,755,9,4.0,2023-10-06,在售
2620,香奈儿 卸妆水 青春版(金色),美妆个护,卸妆水,香奈儿,80.14,58.9,3182,57,4.1,2021-09-15,缺货
2621,无印良品 厨房刀具 新款,家居生活,厨房刀具,无印良品,58.09,25.82,1919,56,4.0,2022-05-22,在售
2622,农夫山泉 果冻 Pro(灰色),食品饮料,果冻,农夫山泉,3.16,1.98,52,804,3.6,2025-02-03,在售
2623,好奇 儿童牙刷 标准版(蓝色),母婴用品,儿童牙刷,好奇,43.51,23.48,342,73,3.9,2022-03-06,在售
2624,知乎 瑜伽垫 新款(蓝色),图书文娱,瑜伽垫,知乎,88.22,38.37,3374,37,4.2,2022-06-09,下架
2625,罗技 音箱 标准版,电子产品,音箱,罗技,281.06,113.35,16,16,2.3,2021-04-12,在售
2626,得到 心理学 旗舰版,图书文娱,心理学,得到,57.03,14.45,3925,74,3.6,2020-04-20,在售
2627,全棉时代 婴儿沐浴露 新款,母婴用品,婴儿沐浴露,全棉时代,37.02,17.78,2615,89,3.8,2024-03-27,在售
2628,得到 英语教材,图书文娱,英语教材,得到,33.0,8.32,1723,106,4.2,2022-09-25,在售
2629,爱仕达 地毯 Pro,家居生活,地毯,爱仕达,1254.48,417.05,3254,6,2.2,2023-05-01,在售
2630,茅台 保健品 Plus,食品饮料,保健品,茅台,903.12,370.67,488,1,4.1,2020-08-13,在售
2631,香奈儿 化妆刷,美妆个护,化妆刷,香奈儿,59.71,39.04,4311,42,4.0,2022-11-10,在售
2632,贝亲 早教机 Pro,母婴用品,早教机,贝亲,73.57,20.01,498,46,2.3,2020-11-24,在售
2633,农夫山泉 茶叶 经典款(金色),食品饮料,茶叶,农夫山泉,748.68,459.5,1372,8,5.0,2021-12-04,在售
2634,耐克 衬衫 新款(蓝色),服装鞋帽,衬衫,耐克,250.49,129.3,3374,17,4.7,2024-07-24,在售
2635,子初 纸尿裤 Plus(白色),母婴用品,纸尿裤,子初,102.94,48.7,441,26,3.0,2024-09-19,在售
2636,帮宝适 积木玩具 经典款,母婴用品,积木玩具,帮宝适,309.76,123.42,2460,4,3.1,2021-10-22,在售
2637,膳魔师 抱枕 升级版(白色),家居生活,抱枕,膳魔师,150.24,51.97,2530,27,3.8,2021-06-20,在售
2638,森马 睡衣 Plus(银色),服装鞋帽,睡衣,森马,226.38,140.34,2182,10,2.0,2023-11-03,在售
2639,华硕 数据线,电子产品,数据线,华硕,28.57,16.24,158,135,4.3,2023-02-26,在售
2640,H&M 汉服,服装鞋帽,汉服,H&M,613.56,454.53,620,7,4.4,2019-07-29,在售
2641,奥克斯 餐桌 限定版,家居生活,餐桌,奥克斯,1299.96,873.11,241,4,1.0,2025-06-18,在售
2642,欧莱雅 护手霜 经典款(粉色),美妆个护,护手霜,欧莱雅,73.64,29.11,3259,50,3.5,2021-03-06,在售
2643,罗技 打印机 标准版(蓝色),电子产品,打印机,罗技,1727.96,1271.91,3255,2,3.7,2019-08-02,在售
2644,babycare 游泳圈 Plus,母婴用品,游泳圈,babycare,79.76,29.34,2653,42,4.4,2023-03-02,在售
2645,罗技 路由器 升级版,电子产品,路由器,罗技,85.25,51.37,3050,39,3.0,2022-05-16,在售
2646,vivo 相机 限定版(红色),电子产品,相机,vivo,7893.48,4960.87,3659,0,4.2,2021-03-18,在售
2647,海澜之家 女装连衣裙 经典款,服装鞋帽,女装连衣裙,海澜之家,100.59,58.38,356,28,4.0,2021-02-15,在售
2648,ZARA 袜子 标准版,服装鞋帽,袜子,ZARA,15.48,4.97,265,203,3.8,2024-01-13,缺货
2649,人民文学 围棋,图书文娱,围棋,人民文学,199.79,50.26,1433,11,3.5,2020-11-08,在售
2650,德芙 燕窝 标准版(粉色),食品饮料,燕窝,德芙,540.66,150.78,1092,3,5.0,2019-10-29,在售
2651,美赞臣 儿童水杯 青春版(白色),母婴用品,儿童水杯,美赞臣,44.05,27.45,4694,91,4.1,2020-06-10,在售
2652,罗技 打印机 标准版,电子产品,打印机,罗技,321.25,84.49,3400,7,5.0,2020-06-30,缺货
2653,飞鹤 奶瓶 新款(红色),母婴用品,奶瓶,飞鹤,22.0,12.88,2301,149,3.8,2019-12-12,在售
2654,玉兰油 沐浴露 限定版(灰色),美妆个护,沐浴露,玉兰油,120.2,30.51,2852,21,4.5,2019-02-24,在售
2655,双立人 保温杯 旗舰版(粉色),家居生活,保温杯,双立人,26.9,8.46,925,108,4.3,2021-11-29,在售
2656,完美日记 卸妆水 标准版,美妆个护,卸妆水,完美日记,155.81,80.87,3585,22,4.3,2022-09-10,在售
2657,好奇 纸尿裤 青春版(粉色),母婴用品,纸尿裤,好奇,97.6,52.23,2243,29,5.0,2021-06-19,在售
2658,可优比 婴儿沐浴露 青春版,母婴用品,婴儿沐浴露,可优比,44.31,11.24,1885,74,3.7,2020-06-14,在售
2659,中信出版 健身器材 标准版(蓝色),图书文娱,健身器材,中信出版,548.49,260.27,4745,8,5.0,2019-04-26,在售
2660,贝亲 积木玩具 新款,母婴用品,积木玩具,贝亲,485.28,325.09,3614,7,4.4,2023-06-23,在售
2661,机械工业 小说 升级版,图书文娱,小说,机械工业,42.23,17.47,3589,59,2.8,2020-01-31,在售
2662,爱仕达 加湿器 限定版,家居生活,加湿器,爱仕达,66.68,27.56,3785,56,3.3,2024-08-01,下架
2663,百雀羚 卸妆水 限定版,美妆个护,卸妆水,百雀羚,53.77,22.22,2892,68,3.8,2021-11-23,缺货
2664,九阳 床上四件套 标准版,家居生活,床上四件套,九阳,179.74,90.76,3575,35,4.0,2022-08-10,在售
2665,九阳 抱枕 标准版,家居生活,抱枕,九阳,185.04,73.13,1416,25,4.7,2025-03-13,下架
2666,波司登 睡衣 限定版(黑色),服装鞋帽,睡衣,波司登,52.74,30.52,3932,55,3.7,2025-03-04,在售
2667,资生堂 防晒霜 Pro(蓝色),美妆个护,防晒霜,资生堂,57.05,22.5,1871,52,4.5,2021-09-18,在售
2668,中信出版 科幻小说 Plus(银色),图书文娱,科幻小说,中信出版,16.63,10.3,2383,225,3.5,2021-12-13,在售
2669,海尔 洗碗机 标准版,家居生活,洗碗机,海尔,1160.51,613.02,3642,4,4.4,2019-05-13,在售
2670,迪奥 定妆喷雾 旗舰版(蓝色),美妆个护,定妆喷雾,迪奥,109.04,28.68,4827,31,4.2,2025-02-12,在售
2671,德芙 咖啡 限定版,食品饮料,咖啡,德芙,60.26,25.84,4748,60,4.3,2025-03-03,下架
2672,好奇 儿童安全座椅 升级版,母婴用品,儿童安全座椅,好奇,3125.51,1373.73,3585,2,3.0,2020-06-29,在售
2673,海澜之家 围巾 Pro(灰色),服装鞋帽,围巾,海澜之家,50.56,22.3,1470,74,3.7,2023-07-23,在售
2674,太平鸟 运动外套 旗舰版(白色),服装鞋帽,运动外套,太平鸟,474.07,174.67,1210,19,3.1,2022-10-17,缺货
2675,三只松鼠 保健品 旗舰版(银色),食品饮料,保健品,三只松鼠,318.09,105.8,4838,22,3.2,2021-07-26,在售
2676,佳能 游戏主机 经典款,电子产品,游戏主机,佳能,2246.38,876.11,343,8,5.0,2020-03-15,在售
2677,花西子 沐浴露 经典款(黑色),美妆个护,沐浴露,花西子,112.75,69.55,941,36,3.3,2024-07-15,在售
2678,爱他美 爬行垫 限定版,母婴用品,爬行垫,爱他美,309.78,112.47,2293,4,5.0,2022-05-12,缺货
2679,茅台 饮料 Pro(金色),食品饮料,饮料,茅台,28.88,10.27,4752,121,4.2,2020-10-08,在售
2680,babycare 儿童帐篷 青春版(粉色),母婴用品,儿童帐篷,babycare,930.88,363.17,4478,2,4.6,2025-05-13,在售
2681,华硕 手机 Plus,电子产品,手机,华硕,2486.52,1329.15,4005,0,2.7,2024-05-14,在售
2682,联想 智能家居设备 Pro,电子产品,智能家居设备,联想,2169.41,798.96,1757,0,2.8,2023-06-25,在售
2683,爱他美 辅食机 限定版(蓝色),母婴用品,辅食机,爱他美,154.03,50.11,2624,12,5.0,2020-04-25,下架
2684,可优比 纸尿裤 Pro(粉色),母婴用品,纸尿裤,可优比,141.38,85.9,3432,13,4.0,2025-01-15,在售
2685,三只松鼠 果冻 (蓝色),食品饮料,果冻,三只松鼠,8.99,4.69,4330,318,3.9,2023-10-25,在售
2686,可优比 儿童水杯 Plus(红色),母婴用品,儿童水杯,可优比,21.3,14.08,3288,130,3.8,2024-10-08,在售
2687,电子工业 书法字帖 经典款(黑色),图书文娱,书法字帖,电子工业,15.03,5.36,4719,204,3.9,2023-06-23,在售
2688,恰恰 燕窝,食品饮料,燕窝,恰恰,718.26,301.71,1005,4,4.0,2022-03-27,在售
2689,花西子 美容仪 标准版,美妆个护,美容仪,花西子,658.55,223.54,2809,10,4.0,2019-07-16,在售
2690,好孩子 爬行垫 青春版,母婴用品,爬行垫,好孩子,371.57,267.82,411,14,2.3,2023-08-15,在售
2691,格力 餐桌 Plus(银色),家居生活,餐桌,格力,2984.76,1266.44,289,2,5.0,2021-07-09,在售
2692,星巴克 肉干 旗舰版,食品饮料,肉干,星巴克,64.79,30.42,911,53,4.0,2021-07-15,在售
2693,苹果 游戏主机,电子产品,游戏主机,苹果,4710.41,2838.17,1380,2,3.9,2024-06-16,在售
2694,迪奥 护手霜 Plus,美妆个护,护手霜,迪奥,39.26,29.11,1647,100,3.6,2023-12-31,在售
2695,华硕 VR设备 经典款(蓝色),电子产品,VR设备,华硕,2021.37,879.19,4036,0,3.0,2019-08-08,在售
2696,花王 婴儿床 新款,母婴用品,婴儿床,花王,2502.48,1655.39,3824,1,4.8,2023-11-02,下架
2697,京东图书 经管书籍 青春版,图书文娱,经管书籍,京东图书,19.51,5.54,4009,151,4.2,2025-01-04,缺货
2698,伊利 茶叶 旗舰版,食品饮料,茶叶,伊利,46.85,22.56,1291,59,3.7,2024-10-24,在售
2699,索尼 笔记本电脑 标准版,电子产品,笔记本电脑,索尼,10060.42,4384.18,352,1,4.8,2021-07-29,在售
2700,华硕 路由器 青春版(黑色),电子产品,路由器,华硕,106.84,42.45,1622,34,3.3,2022-04-24,下架
2701,可优比 爬行垫 Pro(红色),母婴用品,爬行垫,可优比,86.31,52.63,4679,47,4.3,2024-08-07,在售
2702,蒙牛 燕窝 Pro(灰色),食品饮料,燕窝,蒙牛,1218.41,560.74,126,1,5.0,2021-08-21,在售
2703,H&M 睡衣 经典款,服装鞋帽,睡衣,H&M,71.86,39.44,1762,50,3.4,2025-04-14,缺货
2704,新东方 英语教材 新款,图书文娱,英语教材,新东方,203.93,146.68,333,20,4.8,2025-05-28,在售
2705,机械工业 考研资料 限定版,图书文娱,考研资料,机械工业,128.11,84.5,2127,42,5.0,2022-10-03,在售
2706,机械工业 儿童绘本,图书文娱,儿童绘本,机械工业,32.99,24.39,4179,101,3.5,2023-09-17,在售
2707,花西子 美容仪 经典款(金色),美妆个护,美容仪,花西子,261.16,67.49,1437,11,4.3,2023-03-22,在售
2708,爱他美 儿童安全座椅 Plus,母婴用品,儿童安全座椅,爱他美,2389.42,777.2,3889,1,3.4,2020-11-24,在售
2709,美的 床上四件套,家居生活,床上四件套,美的,1647.41,558.49,2550,0,2.9,2024-12-08,在售
2710,阿迪达斯 运动外套 旗舰版,服装鞋帽,运动外套,阿迪达斯,449.04,262.36,4227,10,3.0,2023-07-25,在售
2711,格力 空气净化器 经典款,家居生活,空气净化器,格力,2903.94,1050.73,356,6,3.0,2019-06-25,在售
2712,资生堂 护手霜 标准版(白色),美妆个护,护手霜,资生堂,18.69,9.4,222,152,3.5,2024-03-15,在售
2713,小米 移动硬盘 Pro(白色),电子产品,移动硬盘,小米,496.55,207.61,3066,5,4.6,2020-07-06,在售
2714,MAC 身体乳 旗舰版(黑色),美妆个护,身体乳,MAC,35.15,18.11,1922,84,3.9,2025-06-17,下架
2715,兰蔻 防晒霜 Pro,美妆个护,防晒霜,兰蔻,108.45,79.71,1520,35,3.4,2022-12-01,在售
2716,格力 加湿器 升级版,家居生活,加湿器,格力,191.67,113.72,49,18,4.1,2023-08-28,在售
2717,京东图书 经管书籍 标准版,图书文娱,经管书籍,京东图书,150.57,108.38,563,34,2.5,2025-05-14,在售
2718,张裕 方便面 标准版,食品饮料,方便面,张裕,9.72,3.37,3260,299,3.8,2020-03-02,在售
2719,人民文学 小说 标准版(灰色),图书文娱,小说,人民文学,81.96,53.73,89,47,3.9,2025-03-01,在售
2720,费列罗 方便面,食品饮料,方便面,费列罗,27.99,7.61,9,107,3.9,2022-10-12,在售
2721,戴森 灯具 升级版(红色),家居生活,灯具,戴森,180.72,87.02,681,24,3.0,2019-05-05,在售
2722,小米 相机 升级版(蓝色),电子产品,相机,小米,9625.79,2644.28,526,0,5.0,2025-03-03,在售
2723,三星 笔记本电脑 Plus(蓝色),电子产品,笔记本电脑,三星,15588.55,10002.42,676,0,4.4,2022-01-22,在售
2724,耐克 高跟鞋 Plus(灰色),服装鞋帽,高跟鞋,耐克,128.32,61.64,192,32,4.0,2021-02-05,缺货
2725,九阳 雨伞 标准版(蓝色),家居生活,雨伞,九阳,19.75,8.39,4922,153,3.2,2025-05-26,在售
2726,农夫山泉 饮料 青春版(粉色),食品饮料,饮料,农夫山泉,4.32,3.18,3127,678,4.0,2020-08-20,在售
2727,欧莱雅 定妆喷雾 经典款,美妆个护,定妆喷雾,欧莱雅,145.56,89.56,487,25,3.7,2023-07-21,在售
2728,三只松鼠 蜂蜜 Plus,食品饮料,蜂蜜,三只松鼠,160.04,97.1,2197,14,4.5,2024-09-25,下架
2729,惠氏 婴儿推车 限定版,母婴用品,婴儿推车,惠氏,238.1,92.6,1267,27,4.0,2021-05-01,在售
2730,BOSE 笔记本电脑 经典款,电子产品,笔记本电脑,BOSE,12443.23,8315.07,834,0,4.8,2023-04-13,在售
2731,兰蔻 眼影盘,美妆个护,眼影盘,兰蔻,118.58,86.17,415,21,3.0,2019-12-04,在售
2732,人民文学 英语教材 旗舰版(蓝色),图书文娱,英语教材,人民文学,165.98,60.76,1122,26,5.0,2021-04-18,在售
2733,雅诗兰黛 卸妆水 旗舰版,美妆个护,卸妆水,雅诗兰黛,255.81,64.86,3581,8,4.5,2025-05-26,在售
2734,老板电器 微波炉 新款(灰色),家居生活,微波炉,老板电器,240.05,145.1,3211,16,3.0,2019-08-01,在售
2735,自然堂 指甲油 青春版,美妆个护,指甲油,自然堂,35.91,20.82,2156,103,4.0,2025-04-22,在售
2736,网易严选 收纳箱 升级版,家居生活,收纳箱,网易严选,18.55,13.74,2290,135,3.9,2023-10-09,在售
2737,机械工业 英语教材 标准版,图书文娱,英语教材,机械工业,23.59,6.5,3211,137,3.7,2021-03-08,在售
2738,九阳 吸尘器 Pro(金色),家居生活,吸尘器,九阳,487.05,237.8,285,5,4.7,2025-04-20,在售
2739,樊登读书 篮球 青春版,图书文娱,篮球,樊登读书,319.38,227.49,2098,18,5.0,2025-02-26,在售
2740,启赋 奶瓶 青春版(白色),母婴用品,奶瓶,启赋,59.38,22.5,1376,50,4.4,2019-10-01,在售
2741,苹果 内存卡,电子产品,内存卡,苹果,333.69,227.12,2127,8,5.0,2020-04-12,在售
2742,好奇 温奶器 经典款(银色),母婴用品,温奶器,好奇,275.27,88.47,346,14,4.0,2019-01-02,在售
2743,小米 笔记本电脑 青春版,电子产品,笔记本电脑,小米,4283.6,2922.58,1758,0,4.0,2020-01-03,在售
2744,三星 打印机 经典款,电子产品,打印机,三星,1437.23,562.62,3623,8,3.2,2024-12-09,在售
2745,人民文学 英语教材 青春版,图书文娱,英语教材,人民文学,18.85,11.48,4695,173,4.1,2024-12-04,在售
2746,vivo 相机 标准版,电子产品,相机,vivo,3597.97,1756.24,4991,0,3.3,2024-05-18,下架
2747,网易严选 电风扇 新款,家居生活,电风扇,网易严选,433.07,110.48,259,3,5.0,2024-09-03,在售
2748,中信出版 书法字帖 青春版(金色),图书文娱,书法字帖,中信出版,8.46,4.28,4067,380,3.8,2022-08-18,在售
2749,爱仕达 收纳箱 限定版,家居生活,收纳箱,爱仕达,22.96,7.3,453,125,3.9,2019-12-06,在售
2750,花王 奶瓶,母婴用品,奶瓶,花王,25.12,17.93,1309,132,3.8,2021-09-10,在售
2751,OPPO 键盘 旗舰版,电子产品,键盘,OPPO,187.36,69.65,89,25,3.2,2022-01-16,缺货
2752,德芙 坚果零食 升级版,食品饮料,坚果零食,德芙,38.47,26.18,472,88,4.7,2023-06-02,在售
2753,帮宝适 爬行垫 升级版,母婴用品,爬行垫,帮宝适,188.55,62.01,1542,24,4.0,2025-03-31,下架
2754,宜家 沙发 标准版,家居生活,沙发,宜家,2251.65,1592.22,2387,1,3.8,2024-08-19,在售
2755,玉兰油 身体乳 限定版(红色),美妆个护,身体乳,玉兰油,19.89,14.13,136,112,4.3,2020-11-23,下架
2756,知乎 考研资料 Plus(银色),图书文娱,考研资料,知乎,45.33,12.24,1162,70,4.0,2023-10-24,在售
2757,雅诗兰黛 美容仪 标准版,美妆个护,美容仪,雅诗兰黛,566.8,157.03,50,16,5.0,2022-07-11,在售
2758,百雀羚 身体乳 Plus,美妆个护,身体乳,百雀羚,202.51,61.74,1788,18,5.0,2023-05-19,在售
2759,爱仕达 垃圾桶 升级版(银色),家居生活,垃圾桶,爱仕达,11.39,4.53,2052,247,4.0,2023-03-14,下架
2760,戴森 抱枕,家居生活,抱枕,戴森,18.13,7.91,444,186,3.7,2022-03-30,在售
2761,伊利 巧克力 标准版,食品饮料,巧克力,伊利,55.53,29.43,2480,80,2.6,2023-10-12,下架
2762,戴尔 手机 限定版,电子产品,手机,戴尔,832.78,569.24,4140,14,4.3,2022-10-05,在售
2763,新东方 科幻小说 经典款(金色),图书文娱,科幻小说,新东方,28.07,18.85,199,125,4.4,2020-12-24,在售
2764,李宁 女装连衣裙 Plus,服装鞋帽,女装连衣裙,李宁,228.31,97.53,1994,14,2.5,2024-03-05,在售
2765,知乎 小说 青春版,图书文娱,小说,知乎,34.8,20.66,2750,97,3.1,2021-10-02,在售
2766,知乎 文具 新款(黑色),图书文娱,文具,知乎,2.24,0.75,4428,1013,3.7,2019-06-12,下架
2767,老板电器 厨房刀具 新款(红色),家居生活,厨房刀具,老板电器,63.5,37.05,1356,47,3.8,2021-02-02,在售
2768,来伊份 肉干 新款,食品饮料,肉干,来伊份,89.18,38.89,481,26,4.6,2020-08-07,在售
2769,H&M 汉服 限定版,服装鞋帽,汉服,H&M,323.83,179.08,351,14,4.0,2020-10-10,在售
2770,奥克斯 电风扇 新款,家居生活,电风扇,奥克斯,64.1,26.19,3455,60,3.2,2021-09-17,下架
2771,伊利 进口饼干 青春版(金色),食品饮料,进口饼干,伊利,10.52,3.92,510,289,3.8,2020-01-11,在售
2772,尼康 鼠标 标准版,电子产品,鼠标,尼康,435.53,176.49,260,18,4.0,2024-05-16,在售
2773,欧莱雅 眉笔 标准版,美妆个护,眉笔,欧莱雅,168.52,76.77,1065,19,5.0,2019-06-13,在售
2774,人民文学 小说 Plus,图书文娱,小说,人民文学,11.22,5.96,132,218,3.8,2023-06-20,在售
2775,联想 手机 标准版,电子产品,手机,联想,2012.81,848.04,2631,0,3.5,2020-10-28,在售
2776,华硕 内存卡,电子产品,内存卡,华硕,80.51,34.31,3598,24,4.5,2019-01-21,在售
2777,倩碧 指甲油 新款,美妆个护,指甲油,倩碧,58.27,16.56,3733,77,3.8,2023-05-27,在售
2778,飞鹤 婴儿背带 新款,母婴用品,婴儿背带,飞鹤,140.1,96.19,2453,23,4.0,2024-07-22,缺货
2779,小米 音箱 Pro,电子产品,音箱,小米,2340.33,859.79,3475,6,5.0,2024-04-07,在售
2780,耐克 泳衣 经典款,服装鞋帽,泳衣,耐克,180.2,101.0,505,27,4.3,2019-03-09,在售
2781,太平鸟 羽绒服,服装鞋帽,羽绒服,太平鸟,2335.58,1667.33,3884,1,5.0,2023-10-25,在售
2782,电子工业 经管书籍 青春版(银色),图书文娱,经管书籍,电子工业,179.96,99.37,3160,27,3.0,2019-11-13,在售
2783,H&M 休闲裤 Plus(银色),服装鞋帽,休闲裤,H&M,155.8,75.47,152,31,3.4,2024-03-06,在售
2784,爱仕达 抱枕 青春版(红色),家居生活,抱枕,爱仕达,12.87,7.11,3674,222,3.9,2020-10-18,缺货
2785,星巴克 保健品 旗舰版,食品饮料,保健品,星巴克,798.78,262.14,365,0,4.4,2024-04-09,在售
2786,蒙牛 糖果 新款,食品饮料,糖果,蒙牛,36.72,11.5,3979,99,3.8,2023-06-01,下架
2787,MAC 定妆喷雾 限定版(金色),美妆个护,定妆喷雾,MAC,101.37,36.75,4311,37,4.2,2025-04-16,在售
2788,欧莱雅 卸妆水 升级版,美妆个护,卸妆水,欧莱雅,31.04,22.38,2537,98,3.5,2025-03-13,在售
2789,戴尔 手机 (红色),电子产品,手机,戴尔,6159.26,3471.3,2623,0,3.9,2020-08-21,缺货
2790,海尔 洗碗机 限定版,家居生活,洗碗机,海尔,1447.24,741.46,3882,0,2.7,2019-02-08,在售
2791,资生堂 香水 Pro,美妆个护,香水,资生堂,164.26,103.2,1733,26,4.0,2024-07-29,在售
2792,苏泊尔 晾衣架 新款(金色),家居生活,晾衣架,苏泊尔,27.78,7.11,4785,102,2.9,2019-06-10,在售
2793,无印良品 空气净化器 经典款,家居生活,空气净化器,无印良品,340.44,93.56,4981,16,3.2,2020-07-15,在售
2794,京东图书 历史书籍 Pro(银色),图书文娱,历史书籍,京东图书,21.15,13.25,589,162,4.3,2024-02-25,在售
2795,联想 数据线 (银色),电子产品,数据线,联想,5.67,3.56,27,463,3.6,2019-05-25,在售
2796,飞鹤 婴儿湿巾 青春版(银色),母婴用品,婴儿湿巾,飞鹤,12.97,9.22,2865,260,3.7,2023-11-24,在售
2797,五粮液 蛋白粉 升级版(蓝色),食品饮料,蛋白粉,五粮液,575.0,392.66,3167,9,4.0,2025-02-10,在售
2798,尼康 数据线 限定版(黑色),电子产品,数据线,尼康,6.43,2.02,2492,444,3.9,2020-04-16,在售
2799,蒙牛 薯片 新款,食品饮料,薯片,蒙牛,8.24,2.21,4126,360,3.6,2021-10-26,在售
2800,索尼 智能手表 青春版,电子产品,智能手表,索尼,582.99,207.89,4656,6,3.7,2022-01-02,在售
2801,花西子 染发剂,美妆个护,染发剂,花西子,29.18,15.95,682,104,3.8,2021-07-21,在售
2802,华硕 智能家居设备 升级版,电子产品,智能家居设备,华硕,226.94,145.12,87,21,4.0,2020-02-11,在售
2803,当当 钢笔 Pro,图书文娱,钢笔,当当,617.96,160.69,2259,10,1.0,2023-03-20,在售
2804,好奇 婴儿背带,母婴用品,婴儿背带,好奇,256.89,160.74,1225,14,3.0,2019-12-22,在售
2805,倩碧 防晒霜 Pro,美妆个护,防晒霜,倩碧,362.45,252.95,4741,11,3.5,2020-11-07,下架
2806,李宁 卫衣 升级版(灰色),服装鞋帽,卫衣,李宁,481.69,194.12,1240,8,4.0,2020-02-03,在售
2807,爱仕达 窗帘 经典款(银色),家居生活,窗帘,爱仕达,114.77,31.76,3889,22,1.0,2022-09-26,在售
2808,雀巢 蛋白粉 限定版,食品饮料,蛋白粉,雀巢,638.32,305.98,453,14,2.8,2019-10-27,在售
2809,双立人 地毯 旗舰版(红色),家居生活,地毯,双立人,622.96,260.01,2683,10,3.5,2021-10-26,在售
2810,星巴克 保健品 旗舰版,食品饮料,保健品,星巴克,70.95,33.68,1168,44,4.0,2023-02-14,在售
2811,美赞臣 婴儿推车 经典款(黑色),母婴用品,婴儿推车,美赞臣,201.95,86.69,4438,13,2.0,2019-06-22,在售
2812,雷蛇 路由器 限定版,电子产品,路由器,雷蛇,109.11,68.88,703,27,4.0,2021-11-08,在售
2813,耐克 运动鞋 限定版(白色),服装鞋帽,运动鞋,耐克,246.51,151.81,35,18,1.5,2023-12-28,在售
2814,vivo 打印机 标准版(粉色),电子产品,打印机,vivo,711.97,428.83,631,13,4.0,2019-01-19,在售
2815,babycare 婴儿床 青春版(灰色),母婴用品,婴儿床,babycare,370.76,150.11,356,8,5.0,2022-05-15,在售
2816,电子工业 小说,图书文娱,小说,电子工业,96.67,58.26,3334,45,4.7,2021-10-15,在售
2817,惠氏 婴儿推车 青春版(银色),母婴用品,婴儿推车,惠氏,911.24,424.65,382,4,5.0,2020-08-20,在售
2818,雷蛇 智能家居设备 旗舰版(蓝色),电子产品,智能家居设备,雷蛇,1716.62,724.85,516,1,3.1,2023-03-01,在售
2819,波司登 皮带 青春版(粉色),服装鞋帽,皮带,波司登,29.09,9.23,2437,135,3.8,2022-04-12,在售
2820,罗技 路由器 经典款,电子产品,路由器,罗技,197.57,70.63,2489,29,4.3,2021-10-25,在售
2821,华硕 打印机 限定版,电子产品,打印机,华硕,1014.66,665.79,2578,9,5.0,2023-04-18,在售
2822,当当 书法字帖 Plus(粉色),图书文娱,书法字帖,当当,11.61,3.16,954,241,3.6,2023-12-11,下架
2823,百草味 饮料 Plus,食品饮料,饮料,百草味,19.6,8.69,1896,182,3.8,2025-01-25,在售
2824,海澜之家 汉服 青春版,服装鞋帽,汉服,海澜之家,112.42,78.12,3260,13,5.0,2020-01-08,在售
2825,罗技 显示器 标准版(白色),电子产品,显示器,罗技,950.58,271.59,1169,3,3.0,2022-09-01,缺货
2826,人民文学 科幻小说 新款(红色),图书文娱,科幻小说,人民文学,98.24,56.07,2189,30,4.0,2023-04-17,在售
2827,惠氏 游泳圈 升级版,母婴用品,游泳圈,惠氏,65.91,26.17,1940,55,4.7,2021-10-01,在售
2828,启赋 婴儿推车 (银色),母婴用品,婴儿推车,启赋,2156.46,648.61,3318,4,4.2,2022-10-02,在售
2829,MAC 身体乳 青春版,美妆个护,身体乳,MAC,24.82,9.29,3699,111,3.8,2022-07-08,缺货
2830,子初 奶瓶 (金色),母婴用品,奶瓶,子初,42.04,14.82,2528,64,3.1,2024-12-12,在售
2831,戴尔 键盘 经典款,电子产品,键盘,戴尔,140.14,87.42,80,41,3.0,2022-07-13,在售
2832,vivo 游戏主机 Plus(灰色),电子产品,游戏主机,vivo,2233.32,1017.71,1158,0,4.7,2021-06-21,在售
2833,星巴克 方便面 (白色),食品饮料,方便面,星巴克,37.11,21.19,1094,76,4.1,2023-01-06,在售
2834,来伊份 牛奶 限定版(蓝色),食品饮料,牛奶,来伊份,27.01,15.95,3712,128,3.6,2022-11-19,在售
2835,资生堂 防晒霜 Plus,美妆个护,防晒霜,资生堂,40.92,12.86,2389,75,3.3,2022-05-16,在售
2836,索尼 移动硬盘 经典款(灰色),电子产品,移动硬盘,索尼,687.6,396.95,3158,6,2.6,2023-03-05,下架
2837,来伊份 饮料 Plus(金色),食品饮料,饮料,来伊份,4.2,2.88,4972,588,4.1,2022-06-18,在售
2838,恰恰 巧克力,食品饮料,巧克力,恰恰,62.85,20.19,190,36,3.8,2021-01-23,在售
2839,联想 数据线 青春版,电子产品,数据线,联想,73.0,23.86,1255,48,4.6,2025-06-03,在售
2840,德芙 方便面 Plus,食品饮料,方便面,德芙,38.3,22.98,3428,101,2.9,2019-01-27,在售
2841,电子工业 儿童绘本 升级版(银色),图书文娱,儿童绘本,电子工业,35.6,26.08,4664,73,3.6,2022-11-12,在售
2842,网易严选 吸尘器 标准版,家居生活,吸尘器,网易严选,238.9,107.69,2220,9,5.0,2019-04-26,在售
2843,欧莱雅 染发剂 Plus,美妆个护,染发剂,欧莱雅,188.13,68.1,3785,22,2.0,2020-03-25,在售
2844,鸿星尔克 女装连衣裙 升级版(黑色),服装鞋帽,女装连衣裙,鸿星尔克,313.23,203.09,1004,14,3.4,2025-05-22,在售
2845,爱他美 温奶器 新款,母婴用品,温奶器,爱他美,144.09,49.47,412,21,3.0,2022-03-30,在售
2846,戴森 餐桌 旗舰版,家居生活,餐桌,戴森,513.71,187.98,1548,10,5.0,2020-07-18,下架
2847,BOSE 路由器 经典款,电子产品,路由器,BOSE,72.88,21.94,486,44,5.0,2021-03-26,在售
2848,电子工业 围棋 标准版(蓝色),图书文娱,围棋,电子工业,240.14,154.26,1629,21,4.0,2025-01-05,在售
2849,花王 奶瓶 青春版(灰色),母婴用品,奶瓶,花王,67.84,28.67,3033,35,3.2,2021-03-15,在售
2850,新东方 笔记本 新款,图书文娱,笔记本,新东方,4.86,3.55,1165,525,3.8,2024-02-05,在售
2851,伊利 大米,食品饮料,大米,伊利,75.88,44.39,4388,42,3.0,2023-04-30,在售
2852,奥克斯 电饭煲 新款(红色),家居生活,电饭煲,奥克斯,148.91,56.28,346,22,4.4,2023-04-28,在售
2853,华为 智能手表,电子产品,智能手表,华为,206.01,135.93,449,15,3.0,2024-06-27,在售
2854,蒙牛 蜂蜜 经典款,食品饮料,蜂蜜,蒙牛,76.73,48.29,705,50,3.3,2023-02-26,在售
2855,星巴克 巧克力 升级版(黑色),食品饮料,巧克力,星巴克,174.63,56.12,4768,19,3.8,2022-07-10,在售
2856,新东方 心理学 (灰色),图书文娱,心理学,新东方,146.88,64.33,2945,29,3.6,2022-04-07,在售
2857,良品铺子 咖啡 限定版,食品饮料,咖啡,良品铺子,372.73,268.3,3202,14,4.0,2019-12-12,在售
2858,德芙 大米 青春版(金色),食品饮料,大米,德芙,124.15,83.23,3327,35,5.0,2019-08-29,在售
2859,贝亲 游泳圈 Plus,母婴用品,游泳圈,贝亲,136.56,44.08,294,19,3.3,2024-03-12,在售
2860,三只松鼠 肉干,食品饮料,肉干,三只松鼠,76.53,45.41,4210,62,3.8,2022-11-03,在售
2861,vivo 相机 升级版(白色),电子产品,相机,vivo,5461.75,1923.34,4171,3,4.0,2025-03-26,在售
2862,三只松鼠 红酒 新款(银色),食品饮料,红酒,三只松鼠,164.27,47.29,409,22,3.0,2020-03-17,在售
2863,樊登读书 书法字帖 Plus,图书文娱,书法字帖,樊登读书,21.13,5.77,4734,144,3.9,2024-04-04,在售
2864,海澜之家 运动鞋 旗舰版,服装鞋帽,运动鞋,海澜之家,1348.35,973.16,3758,5,2.6,2022-04-10,下架
2865,来伊份 坚果零食 Pro,食品饮料,坚果零食,来伊份,50.68,32.19,4742,54,3.9,2020-02-24,在售
2866,H&M 西装,服装鞋帽,西装,H&M,583.29,206.6,1164,7,3.5,2025-01-26,在售
2867,李宁 男装T恤 标准版(蓝色),服装鞋帽,男装T恤,李宁,31.54,13.47,3954,99,4.2,2020-03-22,在售
2868,美的 空气净化器 旗舰版(灰色),家居生活,空气净化器,美的,2931.69,1965.7,2715,2,5.0,2025-05-07,在售
2869,来伊份 巧克力,食品饮料,巧克力,来伊份,66.11,48.86,4524,47,3.3,2021-06-06,在售
2870,佳能 耳机,电子产品,耳机,佳能,840.54,361.94,3767,5,4.4,2024-11-08,缺货
2871,惠氏 童装 限定版,母婴用品,童装,惠氏,335.29,143.82,3547,12,3.0,2022-07-05,下架
2872,蒙牛 巧克力 旗舰版(黑色),食品饮料,巧克力,蒙牛,85.74,40.24,4606,54,4.2,2022-03-05,在售
2873,知乎 英语教材 升级版,图书文娱,英语教材,知乎,268.65,76.36,278,10,4.0,2020-02-26,在售
2874,三只松鼠 饮料 经典款,食品饮料,饮料,三只松鼠,25.07,13.69,113,121,3.7,2025-05-03,在售
2875,良品铺子 食用油 限定版(红色),食品饮料,食用油,良品铺子,25.18,10.67,277,104,4.0,2024-09-18,在售
2876,知乎 围棋 升级版,图书文娱,围棋,知乎,28.69,18.71,4605,98,4.0,2020-09-06,在售
2877,花王 温奶器 新款,母婴用品,温奶器,花王,395.95,189.61,3284,13,5.0,2023-03-06,在售
2878,良品铺子 牛奶 Plus,食品饮料,牛奶,良品铺子,33.35,24.56,4580,83,3.7,2021-10-06,在售
2879,雷蛇 平板电脑 (银色),电子产品,平板电脑,雷蛇,2920.49,1806.52,4375,0,2.3,2022-11-16,在售
2880,雀巢 方便面 旗舰版(灰色),食品饮料,方便面,雀巢,7.32,3.69,3893,353,3.9,2019-02-15,在售
2881,联想 耳机 Pro,电子产品,耳机,联想,170.75,99.02,912,22,3.0,2020-11-02,在售
2882,好孩子 奶瓶 (灰色),母婴用品,奶瓶,好孩子,211.08,94.1,3769,16,3.0,2024-02-22,在售
2883,德芙 咖啡 新款,食品饮料,咖啡,德芙,176.49,77.47,3404,23,2.7,2024-02-04,在售
2884,来伊份 薯片 升级版,食品饮料,薯片,来伊份,4.33,2.84,245,606,3.8,2020-02-27,在售
2885,百雀羚 粉底液 经典款(黑色),美妆个护,粉底液,百雀羚,61.28,26.91,332,55,3.8,2024-01-18,在售
2886,贝亲 童装 (白色),母婴用品,童装,贝亲,107.82,60.38,1394,28,2.0,2022-11-07,在售
2887,雀巢 牛奶 Plus,食品饮料,牛奶,雀巢,11.91,7.07,3495,261,3.6,2019-03-09,在售
2888,雷蛇 智能家居设备 限定版(粉色),电子产品,智能家居设备,雷蛇,400.93,156.82,3146,2,4.0,2024-01-27,在售
2889,鸿星尔克 休闲裤 Pro(金色),服装鞋帽,休闲裤,鸿星尔克,39.24,12.14,4324,70,4.0,2020-04-03,在售
2890,九阳 餐桌 新款,家居生活,餐桌,九阳,629.92,212.2,347,4,3.9,2025-02-19,在售
2891,良品铺子 食用油 Pro,食品饮料,食用油,良品铺子,107.68,73.24,3701,29,3.0,2024-06-14,在售
2892,百草味 巧克力 标准版(白色),食品饮料,巧克力,百草味,116.64,69.95,68,32,3.6,2021-06-21,在售
2893,人民文学 拼图 青春版,图书文娱,拼图,人民文学,74.55,33.93,1175,37,4.0,2023-05-07,在售
2894,匡威 运动鞋 经典款,服装鞋帽,运动鞋,匡威,1193.0,574.91,839,2,4.0,2020-07-16,在售
2895,联想 投影仪 限定版(红色),电子产品,投影仪,联想,4725.68,1733.62,345,1,5.0,2023-01-28,在售
2896,鸿星尔克 牛仔裤 Plus(银色),服装鞋帽,牛仔裤,鸿星尔克,187.42,84.81,3039,20,3.5,2024-11-26,在售
2897,完美日记 护手霜 旗舰版(红色),美妆个护,护手霜,完美日记,14.23,7.13,3734,182,4.3,2019-01-22,在售
2898,ZARA 衬衫 Plus,服装鞋帽,衬衫,ZARA,441.88,161.26,987,8,3.0,2021-01-08,在售
2899,罗技 打印机 限定版(粉色),电子产品,打印机,罗技,1683.19,1072.35,1913,4,4.0,2023-01-22,在售
2900,五粮液 肉干 经典款,食品饮料,肉干,五粮液,113.91,48.16,3325,27,5.0,2019-05-08,在售
2901,方太 地毯,家居生活,地毯,方太,1903.23,778.23,3008,5,5.0,2021-01-19,在售
2902,三星 鼠标,电子产品,鼠标,三星,74.65,26.51,285,52,4.0,2022-08-13,在售
2903,BOSE 内存卡 经典款,电子产品,内存卡,BOSE,27.18,10.71,4039,104,4.0,2022-11-22,在售
2904,张裕 牛奶 青春版(银色),食品饮料,牛奶,张裕,46.65,25.38,1575,83,3.0,2025-03-04,下架
2905,星巴克 薯片 旗舰版,食品饮料,薯片,星巴克,5.71,3.88,628,506,3.9,2022-02-11,缺货
2906,OPPO 打印机 经典款,电子产品,打印机,OPPO,328.45,236.92,3597,19,4.0,2019-10-31,在售
2907,惠氏 儿童水杯 青春版,母婴用品,儿童水杯,惠氏,52.34,38.59,4651,74,3.0,2023-07-18,下架
2908,兰蔻 卸妆水 升级版(蓝色),美妆个护,卸妆水,兰蔻,43.27,20.59,4827,66,4.7,2022-10-02,在售
2909,戴尔 显示器 经典款(银色),电子产品,显示器,戴尔,1656.86,1094.81,368,5,3.4,2021-08-01,在售
2910,三星 显示器 新款(金色),电子产品,显示器,三星,581.12,253.37,166,6,3.8,2020-04-09,在售
2911,MAC 眉笔 Pro,美妆个护,眉笔,MAC,39.02,10.27,2691,66,3.7,2022-12-03,在售
2912,膳魔师 餐桌 经典款,家居生活,餐桌,膳魔师,1620.58,1174.54,1434,5,5.0,2019-09-17,在售
2913,无印良品 灯具 Pro(白色),家居生活,灯具,无印良品,432.38,127.07,4393,16,3.0,2022-03-06,在售
2914,当当 小说,图书文娱,小说,当当,11.64,4.82,244,212,4.2,2023-04-21,缺货
2915,农夫山泉 红酒 经典款,食品饮料,红酒,农夫山泉,101.15,42.35,2933,33,4.0,2019-05-29,在售
2916,海尔 床上四件套 (银色),家居生活,床上四件套,海尔,784.14,274.73,4950,10,4.0,2021-01-10,在售
2917,帮宝适 儿童帐篷 限定版,母婴用品,儿童帐篷,帮宝适,233.21,120.26,4048,11,4.0,2022-10-11,在售
2918,全棉时代 温奶器 限定版,母婴用品,温奶器,全棉时代,235.24,118.32,436,22,4.0,2019-11-20,下架
2919,阿迪达斯 牛仔裤 标准版,服装鞋帽,牛仔裤,阿迪达斯,146.85,72.81,1667,25,4.0,2019-02-24,在售
2920,可优比 童装 限定版,母婴用品,童装,可优比,66.94,32.61,2066,58,3.6,2021-08-15,在售
2921,小米 相机 Pro(灰色),电子产品,相机,小米,1597.83,502.89,2990,2,3.8,2020-09-05,在售
2922,九阳 窗帘 经典款(白色),家居生活,窗帘,九阳,835.88,344.22,2940,13,3.4,2024-11-16,在售
2923,玉兰油 身体乳 Pro,美妆个护,身体乳,玉兰油,225.91,141.41,2892,9,3.8,2019-05-03,在售
2924,贝亲 积木玩具 Pro,母婴用品,积木玩具,贝亲,121.34,69.12,453,36,3.0,2024-10-23,在售
2925,全棉时代 奶瓶 Plus(黑色),母婴用品,奶瓶,全棉时代,27.84,7.43,195,107,2.4,2024-12-15,在售
2926,来伊份 红酒 青春版(金色),食品饮料,红酒,来伊份,95.08,65.23,280,39,3.8,2019-10-22,在售
2927,京东图书 心理学 Plus(银色),图书文娱,心理学,京东图书,53.99,27.14,2237,80,4.8,2019-02-27,在售
2928,中信出版 历史书籍 升级版,图书文娱,历史书籍,中信出版,121.58,36.91,994,23,4.0,2019-05-31,在售
2929,OPPO 平板电脑 经典款,电子产品,平板电脑,OPPO,3611.54,1972.94,882,0,3.2,2023-08-19,在售
2930,三只松鼠 茶叶 青春版,食品饮料,茶叶,三只松鼠,204.86,128.6,559,12,4.4,2019-01-27,在售
2931,好孩子 婴儿湿巾 限定版(红色),母婴用品,婴儿湿巾,好孩子,30.73,16.24,2061,59,3.3,2020-04-08,在售
2932,三星 路由器 Plus(白色),电子产品,路由器,三星,846.64,354.28,579,8,3.5,2023-09-11,在售
2933,人民文学 书法字帖,图书文娱,书法字帖,人民文学,74.26,55.68,859,34,3.7,2024-10-23,下架
2934,索尼 游戏主机 标准版,电子产品,游戏主机,索尼,2120.44,982.64,141,2,5.0,2020-01-15,在售
2935,特步 内衣 经典款,服装鞋帽,内衣,特步,19.64,10.18,2930,141,4.1,2019-07-07,在售
2936,农夫山泉 红酒 Pro(白色),食品饮料,红酒,农夫山泉,140.59,59.31,2732,13,5.0,2020-11-08,在售
2937,德芙 坚果零食 升级版(白色),食品饮料,坚果零食,德芙,87.0,43.65,1336,46,1.0,2019-08-14,在售
2938,雀巢 食用油 标准版(金色),食品饮料,食用油,雀巢,92.5,34.08,0,44,4.2,2025-04-21,在售
2939,华为 智能家居设备 升级版,电子产品,智能家居设备,华为,138.61,84.81,1014,17,4.2,2020-05-26,在售
2940,海尔 窗帘 新款,家居生活,窗帘,海尔,272.35,73.32,695,12,4.0,2019-10-03,在售
2941,花王 爬行垫 青春版(白色),母婴用品,爬行垫,花王,452.25,285.68,4617,7,3.0,2019-07-05,缺货
2942,农夫山泉 肉干 经典款,食品饮料,肉干,农夫山泉,33.77,23.85,3015,116,4.0,2022-12-17,在售
2943,花西子 指甲油 Plus,美妆个护,指甲油,花西子,39.03,12.14,4351,87,4.0,2024-01-02,在售
2944,苹果 智能家居设备 升级版(黑色),电子产品,智能家居设备,苹果,184.22,115.38,311,24,3.5,2020-10-05,在售
2945,美的 厨房刀具 Plus,家居生活,厨房刀具,美的,79.49,55.66,3814,28,4.0,2020-12-19,在售
2946,OPPO 智能家居设备 Plus(金色),电子产品,智能家居设备,OPPO,1492.78,701.51,4880,4,4.5,2019-04-10,在售
2947,膳魔师 厨房刀具 Pro,家居生活,厨房刀具,膳魔师,157.54,95.63,4177,20,3.5,2024-02-08,在售
2948,戴森 灯具 经典款,家居生活,灯具,戴森,1088.8,685.14,1249,2,5.0,2023-11-11,在售
2949,百雀羚 卸妆水 升级版,美妆个护,卸妆水,百雀羚,20.58,5.82,994,118,3.3,2023-05-19,下架
2950,机械工业 书法字帖 限定版(粉色),图书文娱,书法字帖,机械工业,18.67,9.08,4663,145,4.0,2022-06-10,在售
2951,新东方 书法字帖 青春版,图书文娱,书法字帖,新东方,10.35,3.98,843,268,3.9,2022-02-08,在售
2952,电子工业 健身器材 标准版,图书文娱,健身器材,电子工业,141.55,92.63,675,23,4.7,2020-05-07,在售
2953,特步 羽绒服,服装鞋帽,羽绒服,特步,359.5,102.56,162,14,4.0,2025-06-18,下架
2954,百草味 大米 青春版,食品饮料,大米,百草味,23.32,10.68,4213,125,3.1,2025-06-20,缺货
2955,特步 泳衣,服装鞋帽,泳衣,特步,87.32,48.02,225,27,3.4,2025-02-26,在售
2956,迪奥 洗发水 升级版(黑色),美妆个护,洗发水,迪奥,127.31,88.55,858,20,5.0,2023-05-06,在售
2957,UR 高跟鞋 旗舰版,服装鞋帽,高跟鞋,UR,144.67,61.67,2833,35,5.0,2019-06-27,缺货
2958,好奇 纸尿裤 青春版,母婴用品,纸尿裤,好奇,41.46,20.86,1849,81,3.3,2019-11-10,下架
2959,香奈儿 卸妆水 Plus(灰色),美妆个护,卸妆水,香奈儿,29.9,11.78,2514,110,3.5,2021-11-14,在售
2960,电子工业 钢笔 (粉色),图书文娱,钢笔,电子工业,406.86,154.53,570,8,3.5,2023-06-06,在售
2961,太平鸟 泳衣 Pro,服装鞋帽,泳衣,太平鸟,86.63,54.66,370,36,3.5,2019-10-13,在售
2962,机械工业 文具 新款,图书文娱,文具,机械工业,19.82,7.64,17,140,3.4,2021-09-03,在售
2963,双立人 厨房刀具 升级版,家居生活,厨房刀具,双立人,559.87,164.09,3819,7,5.0,2021-04-20,在售
2964,子初 温奶器 Pro(银色),母婴用品,温奶器,子初,58.5,32.48,173,59,4.4,2023-07-26,下架
2965,森马 皮带 限定版,服装鞋帽,皮带,森马,163.98,50.45,993,34,3.5,2019-05-19,在售
2966,花王 婴儿背带 Pro,母婴用品,婴儿背带,花王,154.9,60.39,4110,21,4.0,2020-04-21,在售
2967,H&M 羽绒服 Plus,服装鞋帽,羽绒服,H&M,2405.0,1497.16,1167,0,3.9,2023-02-11,在售
2968,百雀羚 定妆喷雾 青春版,美妆个护,定妆喷雾,百雀羚,113.38,74.25,822,25,4.0,2020-01-14,在售
2969,佳能 游戏主机 新款(灰色),电子产品,游戏主机,佳能,2619.67,1387.03,4345,3,5.0,2021-02-27,在售
2970,得到 儿童绘本 新款,图书文娱,儿童绘本,得到,11.9,6.98,32,244,4.0,2024-09-25,在售
2971,海尔 灯具 限定版,家居生活,灯具,海尔,113.83,76.1,2798,28,2.5,2022-11-12,缺货
2972,贝亲 婴儿奶粉 Plus(蓝色),母婴用品,婴儿奶粉,贝亲,833.64,322.76,3366,14,4.0,2024-12-02,在售
2973,三只松鼠 牛奶 标准版,食品饮料,牛奶,三只松鼠,26.52,16.37,434,105,4.2,2025-03-25,在售
2974,星巴克 红酒 Plus,食品饮料,红酒,星巴克,452.57,261.5,28,7,3.4,2020-07-20,在售
2975,罗技 键盘 旗舰版(蓝色),电子产品,键盘,罗技,397.05,208.61,3760,9,3.0,2023-05-02,下架
2976,欧莱雅 沐浴露 限定版,美妆个护,沐浴露,欧莱雅,127.16,62.43,29,52,5.0,2022-10-03,在售
2977,三只松鼠 大米 标准版(红色),食品饮料,大米,三只松鼠,52.56,25.58,1085,69,4.5,2023-11-10,在售
2978,倩碧 洗发水 标准版(蓝色),美妆个护,洗发水,倩碧,49.63,25.34,4668,47,4.2,2024-05-19,下架
2979,张裕 进口饼干 升级版,食品饮料,进口饼干,张裕,27.86,18.14,480,99,4.2,2024-08-30,在售
2980,方太 微波炉 (红色),家居生活,微波炉,方太,1728.23,477.58,1031,4,4.7,2020-06-16,在售
2981,香奈儿 面膜 青春版(金色),美妆个护,面膜,香奈儿,54.77,21.49,3844,67,3.4,2020-06-07,缺货
2982,老板电器 加湿器 限定版,家居生活,加湿器,老板电器,39.66,24.92,1129,95,4.0,2022-04-20,下架
2983,奥克斯 厨房刀具 新款,家居生活,厨房刀具,奥克斯,344.73,134.65,4387,8,4.5,2023-07-25,在售
2984,雪花秀 染发剂 经典款,美妆个护,染发剂,雪花秀,179.65,71.11,2004,18,3.0,2024-12-06,在售
2985,膳魔师 电风扇 标准版,家居生活,电风扇,膳魔师,167.21,66.49,2615,23,3.5,2024-04-01,在售
2986,全棉时代 婴儿背带 Plus(白色),母婴用品,婴儿背带,全棉时代,29.07,15.09,261,96,3.9,2021-07-08,在售
2987,鸿星尔克 汉服 新款(银色),服装鞋帽,汉服,鸿星尔克,293.35,158.18,531,10,2.6,2025-02-19,在售
2988,奥克斯 晾衣架 (蓝色),家居生活,晾衣架,奥克斯,13.79,8.12,4030,214,4.3,2021-06-25,在售
2989,尼康 手机 Pro,电子产品,手机,尼康,8535.82,4254.87,2574,0,5.0,2019-04-29,在售
2990,完美日记 定妆喷雾 新款,美妆个护,定妆喷雾,完美日记,99.14,47.27,203,38,3.7,2025-03-12,在售
2991,英氏 婴儿湿巾 升级版,母婴用品,婴儿湿巾,英氏,40.81,14.24,1736,70,2.7,2024-01-27,在售
2992,奥克斯 餐桌 升级版,家居生活,餐桌,奥克斯,1227.56,684.3,8,9,3.7,2020-07-16,在售
2993,费列罗 蜂蜜 青春版(灰色),食品饮料,蜂蜜,费列罗,196.56,52.21,179,24,4.0,2023-06-22,在售
2994,好奇 童装 Plus,母婴用品,童装,好奇,185.09,132.6,3400,19,5.0,2021-09-16,在售
2995,恰恰 食用油 Plus,食品饮料,食用油,恰恰,179.33,106.29,3981,20,4.0,2025-01-07,在售
2996,UR 高跟鞋 升级版,服装鞋帽,高跟鞋,UR,101.96,36.22,4238,45,3.8,2020-05-30,在售
2997,樊登读书 英语教材 (灰色),图书文娱,英语教材,樊登读书,185.75,134.36,2140,21,3.0,2023-04-28,在售
2998,安踏 运动外套 青春版,服装鞋帽,运动外套,安踏,140.15,35.32,4217,23,4.2,2022-12-06,在售
2999,无印良品 微波炉 Plus,家居生活,微波炉,无印良品,1032.07,396.36,2,21,3.8,2020-03-12,在售
3000,惠氏 婴儿背带 Pro,母婴用品,婴儿背带,惠氏,55.06,17.72,393,43,2.8,2022-04-29,在售
3001,双立人 洗碗机 升级版,家居生活,洗碗机,双立人,7447.5,3365.81,1463,0,4.5,2022-06-17,在售
3002,得到 乐器 经典款,图书文娱,乐器,得到,5037.0,2037.92,4980,0,4.1,2019-11-23,在售
3003,网易严选 电饭煲 限定版(红色),家居生活,电饭煲,网易严选,364.56,234.04,1972,7,5.0,2023-05-04,在售
3004,恰恰 调味料 Pro,食品饮料,调味料,恰恰,3.9,1.98,2297,690,3.7,2023-07-01,在售
3005,欧莱雅 防晒霜 青春版(银色),美妆个护,防晒霜,欧莱雅,183.41,58.26,2873,9,4.0,2021-07-24,在售
3006,可优比 积木玩具 升级版,母婴用品,积木玩具,可优比,289.33,168.46,1,22,3.0,2024-03-04,缺货
3007,OPPO 音箱 限定版,电子产品,音箱,OPPO,105.72,53.81,4564,42,4.7,2020-04-29,缺货
3008,戴尔 移动硬盘 (蓝色),电子产品,移动硬盘,戴尔,976.94,698.44,1890,5,3.5,2019-09-21,下架
3009,尼康 游戏主机 标准版,电子产品,游戏主机,尼康,4907.8,1458.25,4587,0,4.7,2024-12-17,在售
3010,太平鸟 袜子 标准版(金色),服装鞋帽,袜子,太平鸟,10.93,6.38,4560,273,3.7,2020-01-22,下架
3011,恰恰 蛋白粉 Pro,食品饮料,蛋白粉,恰恰,347.26,94.3,1785,10,4.2,2024-01-25,下架
3012,机械工业 笔记本 标准版(黑色),图书文娱,笔记本,机械工业,11.78,7.16,2155,242,3.7,2021-12-25,在售
3013,老板电器 沙发 (灰色),家居生活,沙发,老板电器,946.71,508.05,4653,5,3.0,2024-11-27,在售
3014,中信出版 经管书籍 Plus(粉色),图书文娱,经管书籍,中信出版,71.11,33.98,2104,60,3.7,2021-08-20,在售
3015,樊登读书 心理学 Plus(黑色),图书文娱,心理学,樊登读书,101.28,48.52,958,42,3.9,2022-04-27,在售
3016,双立人 吸尘器 旗舰版,家居生活,吸尘器,双立人,3747.7,2053.85,316,0,4.8,2020-06-25,下架
3017,自然堂 粉底液 新款(红色),美妆个护,粉底液,自然堂,266.21,102.03,1101,19,4.5,2023-08-02,在售
3018,奥克斯 垃圾桶 青春版,家居生活,垃圾桶,奥克斯,78.24,44.29,4967,26,4.2,2019-09-05,在售
3019,农夫山泉 大米 限定版,食品饮料,大米,农夫山泉,23.04,7.08,3962,102,4.4,2021-08-27,在售
3020,当当 儿童绘本 升级版(白色),图书文娱,儿童绘本,当当,12.09,7.07,3538,222,4.1,2024-05-12,在售
3021,联想 平板电脑 限定版(灰色),电子产品,平板电脑,联想,2800.47,1094.43,1185,4,4.1,2025-05-22,下架
3022,花西子 沐浴露 标准版,美妆个护,沐浴露,花西子,22.81,14.66,1831,117,3.9,2024-03-18,缺货
3023,帮宝适 婴儿奶粉,母婴用品,婴儿奶粉,帮宝适,175.25,49.34,526,26,3.7,2021-11-05,在售
3024,当当 文具 限定版,图书文娱,文具,当当,3.57,1.64,492,730,3.7,2024-08-27,在售
3025,良品铺子 进口饼干 (黑色),食品饮料,进口饼干,良品铺子,11.97,4.85,1043,228,3.8,2022-04-05,在售
3026,恰恰 肉干 Pro(蓝色),食品饮料,肉干,恰恰,30.89,8.38,1684,105,3.1,2024-09-23,在售
3027,蒙牛 进口饼干 升级版,食品饮料,进口饼干,蒙牛,47.45,30.3,1239,86,3.6,2024-05-08,在售
3028,当当 历史书籍 升级版(黑色),图书文娱,历史书籍,当当,188.04,114.81,2057,22,4.0,2025-03-14,在售
3029,香奈儿 化妆刷 经典款,美妆个护,化妆刷,香奈儿,212.7,119.62,99,27,4.5,2021-05-25,在售
3030,UR 汉服 旗舰版(红色),服装鞋帽,汉服,UR,212.41,154.22,1416,18,4.8,2023-09-09,在售
3031,网易严选 微波炉 青春版(灰色),家居生活,微波炉,网易严选,434.11,109.17,2773,8,3.0,2019-05-27,在售
3032,网易严选 晾衣架 青春版,家居生活,晾衣架,网易严选,10.26,2.62,1961,261,3.7,2021-10-06,在售
3033,网易严选 收纳箱 Plus,家居生活,收纳箱,网易严选,54.51,19.68,268,86,3.6,2019-08-13,在售
3034,樊登读书 篮球 标准版(粉色),图书文娱,篮球,樊登读书,595.99,378.9,3075,7,4.8,2019-03-01,在售
3035,方太 地毯 经典款(金色),家居生活,地毯,方太,479.53,352.91,4246,3,3.2,2024-08-15,在售
3036,babycare 积木玩具 经典款(粉色),母婴用品,积木玩具,babycare,221.39,139.78,2089,26,2.0,2023-12-22,在售
3037,戴尔 内存卡 新款,电子产品,内存卡,戴尔,345.04,220.57,4053,9,4.0,2021-07-14,下架
3038,新东方 篮球 青春版,图书文娱,篮球,新东方,541.23,350.7,85,2,3.3,2022-04-26,下架
3039,樊登读书 漫画 标准版(蓝色),图书文娱,漫画,樊登读书,23.2,13.05,3700,163,3.9,2023-11-10,在售
3040,资生堂 染发剂 旗舰版(银色),美妆个护,染发剂,资生堂,123.07,52.52,2963,36,5.0,2022-07-14,在售
3041,雅诗兰黛 卸妆水 青春版,美妆个护,卸妆水,雅诗兰黛,65.58,26.88,3945,59,3.7,2019-01-25,在售
3042,vivo 显示器 旗舰版(金色),电子产品,显示器,vivo,4291.31,1313.35,3607,0,3.0,2021-02-28,在售
3043,无印良品 晾衣架 新款(灰色),家居生活,晾衣架,无印良品,15.63,7.98,3307,189,3.8,2024-11-06,在售
3044,海澜之家 皮带 限定版(黑色),服装鞋帽,皮带,海澜之家,65.32,37.12,4219,38,4.6,2023-06-11,在售
3045,星巴克 方便面 Pro,食品饮料,方便面,星巴克,3.27,1.7,2560,738,3.7,2021-09-25,在售
3046,特步 泳衣 Pro,服装鞋帽,泳衣,特步,266.68,139.63,241,18,4.3,2023-10-18,在售
3047,双立人 晾衣架 经典款(蓝色),家居生活,晾衣架,双立人,17.26,9.05,2718,222,3.9,2025-05-17,在售
3048,雅诗兰黛 粉底液 限定版,美妆个护,粉底液,雅诗兰黛,46.63,25.67,4625,56,3.4,2023-02-28,在售
3049,帮宝适 爬行垫 Pro(黑色),母婴用品,爬行垫,帮宝适,211.4,158.52,185,28,3.0,2023-03-22,在售
3050,爱他美 婴儿推车 限定版,母婴用品,婴儿推车,爱他美,399.52,246.95,4598,11,3.9,2025-05-15,在售
3051,李宁 卫衣 青春版(金色),服装鞋帽,卫衣,李宁,315.85,162.1,4253,15,3.5,2019-12-04,在售
3052,BOSE VR设备 Plus,电子产品,VR设备,BOSE,1107.05,772.89,4207,1,5.0,2022-04-24,在售
3053,中信出版 钢笔 Plus,图书文娱,钢笔,中信出版,22.85,7.81,3083,128,4.2,2023-12-01,在售
3054,鸿星尔克 高跟鞋 经典款,服装鞋帽,高跟鞋,鸿星尔克,132.97,75.08,3409,17,3.3,2019-04-16,在售
3055,戴尔 移动硬盘 经典款(红色),电子产品,移动硬盘,戴尔,248.63,108.05,2027,21,5.0,2023-12-27,在售
3056,OPPO 数据线 新款(白色),电子产品,数据线,OPPO,5.49,1.63,2451,451,4.0,2023-04-13,在售
3057,耐克 泳衣 Pro(灰色),服装鞋帽,泳衣,耐克,310.18,147.11,2565,23,4.5,2023-03-13,缺货
3058,中信出版 英语教材 旗舰版,图书文娱,英语教材,中信出版,50.72,22.98,3048,55,3.2,2024-08-07,在售
3059,香奈儿 化妆刷 新款(银色),美妆个护,化妆刷,香奈儿,242.44,145.25,1993,26,2.8,2022-07-23,缺货
3060,中信出版 篮球 旗舰版,图书文娱,篮球,中信出版,59.65,26.82,1147,47,4.0,2022-01-20,缺货
3061,新东方 英语教材 旗舰版(金色),图书文娱,英语教材,新东方,39.97,20.18,4972,94,3.8,2022-12-26,在售
3062,BOSE 充电宝 新款,电子产品,充电宝,BOSE,76.01,26.04,2920,46,4.0,2020-08-08,在售
3063,苏泊尔 抱枕 Plus(白色),家居生活,抱枕,苏泊尔,20.42,10.79,4240,144,3.9,2021-05-29,下架
3064,爱他美 儿童帐篷 升级版,母婴用品,儿童帐篷,爱他美,138.32,41.46,3489,23,5.0,2020-11-17,在售
3065,vivo 打印机 新款(白色),电子产品,打印机,vivo,612.16,282.69,14,6,5.0,2025-05-12,在售
3066,京东图书 漫画 旗舰版,图书文娱,漫画,京东图书,8.79,3.48,4380,307,3.3,2021-02-19,在售
3067,新东方 儿童绘本 旗舰版(蓝色),图书文娱,儿童绘本,新东方,39.45,16.61,1873,89,3.8,2020-05-11,在售
3068,兰蔻 洗发水 经典款,美妆个护,洗发水,兰蔻,53.15,38.06,1491,57,3.3,2022-09-29,在售
3069,ZARA 男装T恤 (蓝色),服装鞋帽,男装T恤,ZARA,309.63,95.47,126,16,4.0,2025-05-22,在售
3070,百草味 糖果 Plus,食品饮料,糖果,百草味,67.16,17.32,4644,63,4.3,2023-08-07,在售
3071,当当 历史书籍 Plus,图书文娱,历史书籍,当当,142.55,42.58,1727,25,3.0,2024-11-20,在售
3072,美赞臣 婴儿奶粉 新款,母婴用品,婴儿奶粉,美赞臣,239.53,66.49,2142,17,5.0,2025-05-25,下架
3073,美赞臣 儿童安全座椅 限定版,母婴用品,儿童安全座椅,美赞臣,3478.01,1143.9,4498,0,5.0,2021-07-06,在售
3074,英氏 儿童帐篷 升级版(金色),母婴用品,儿童帐篷,英氏,108.98,48.63,758,29,4.0,2021-11-19,在售
3075,鸿星尔克 西装,服装鞋帽,西装,鸿星尔克,816.69,282.05,354,5,4.0,2019-03-25,在售
3076,知乎 经管书籍 Pro(银色),图书文娱,经管书籍,知乎,33.49,9.43,566,66,4.2,2021-05-05,缺货
3077,茅台 牛奶 Pro,食品饮料,牛奶,茅台,80.19,39.64,4902,30,3.5,2019-09-07,下架
3078,全棉时代 婴儿沐浴露 Pro,母婴用品,婴儿沐浴露,全棉时代,127.16,76.1,97,24,4.4,2020-07-03,在售
3079,李宁 休闲裤 限定版,服装鞋帽,休闲裤,李宁,426.28,272.05,3154,6,2.5,2020-09-06,在售
3080,森马 汉服 青春版(灰色),服装鞋帽,汉服,森马,191.4,107.5,321,26,4.0,2021-07-30,缺货
3081,华为 音箱 Pro(黑色),电子产品,音箱,华为,905.52,399.94,2945,7,1.0,2022-09-29,在售
3082,玉兰油 洗发水 Pro(金色),美妆个护,洗发水,玉兰油,204.38,145.17,2445,18,4.0,2021-04-11,在售
3083,得到 心理学 标准版(灰色),图书文娱,心理学,得到,88.36,60.77,689,49,4.0,2024-10-13,在售
3084,李宁 泳衣 标准版(金色),服装鞋帽,泳衣,李宁,239.77,133.14,3617,18,4.5,2023-01-26,在售
3085,迪奥 香水 旗舰版,美妆个护,香水,迪奥,952.77,517.84,59,3,3.4,2022-11-24,在售
3086,兰蔻 口红 限定版(灰色),美妆个护,口红,兰蔻,28.68,18.57,4005,148,3.7,2021-04-26,在售
3087,资生堂 护手霜 限定版,美妆个护,护手霜,资生堂,47.35,11.87,4315,78,3.6,2025-01-03,在售
3088,迪奥 眼影盘 升级版,美妆个护,眼影盘,迪奥,234.47,120.25,285,12,4.8,2020-07-28,在售
3089,特步 泳衣 青春版(蓝色),服装鞋帽,泳衣,特步,333.54,245.72,33,8,4.0,2022-04-13,在售
3090,雷蛇 内存卡 限定版,电子产品,内存卡,雷蛇,27.87,8.87,1504,87,4.1,2019-08-07,在售
3091,得到 文具 经典款,图书文娱,文具,得到,30.88,20.33,741,95,3.9,2020-01-10,在售
3092,欧莱雅 护手霜 升级版(灰色),美妆个护,护手霜,欧莱雅,16.86,7.81,1267,189,3.9,2019-02-10,在售
3093,好奇 早教机 标准版,母婴用品,早教机,好奇,692.18,501.05,3038,6,4.0,2023-02-07,在售
3094,太平鸟 西装 升级版,服装鞋帽,西装,太平鸟,2012.28,892.1,440,0,2.3,2021-05-08,在售
3095,蒙牛 蛋白粉 标准版,食品饮料,蛋白粉,蒙牛,589.65,171.27,2765,9,3.0,2019-12-31,在售
3096,阿迪达斯 休闲裤 新款(黑色),服装鞋帽,休闲裤,阿迪达斯,419.51,105.58,1288,3,3.5,2022-02-17,缺货
3097,京东图书 围棋 升级版,图书文娱,围棋,京东图书,21.97,8.0,1790,120,4.0,2025-06-07,在售
3098,知乎 小说 Plus(金色),图书文娱,小说,知乎,19.44,7.0,4951,144,4.4,2020-05-07,在售
3099,苹果 数据线 限定版,电子产品,数据线,苹果,116.2,79.21,3546,39,3.0,2019-09-09,在售
3100,人民文学 编程书籍 经典款,图书文娱,编程书籍,人民文学,85.6,38.29,964,42,3.4,2020-05-10,在售
3101,新东方 健身器材 (金色),图书文娱,健身器材,新东方,1011.45,421.09,3522,2,4.6,2024-07-12,在售
3102,奥克斯 收纳箱 标准版,家居生活,收纳箱,奥克斯,52.01,20.0,827,48,4.0,2021-04-18,在售
3103,苏泊尔 加湿器 经典款(白色),家居生活,加湿器,苏泊尔,137.24,39.09,221,33,4.0,2020-07-07,在售
3104,宜家 床上四件套 Plus(金色),家居生活,床上四件套,宜家,1170.11,520.29,2503,5,4.8,2019-09-10,下架
3105,良品铺子 红酒 旗舰版,食品饮料,红酒,良品铺子,247.08,165.99,3709,5,5.0,2023-12-04,在售
3106,雀巢 方便面 Plus,食品饮料,方便面,雀巢,4.46,1.23,384,560,3.9,2019-06-16,在售
3107,中信出版 考研资料 Plus(蓝色),图书文娱,考研资料,中信出版,507.48,353.47,4201,11,4.3,2023-10-13,在售
3108,迪奥 身体乳,美妆个护,身体乳,迪奥,266.65,170.82,4244,9,5.0,2019-09-09,在售
3109,百雀羚 指甲油,美妆个护,指甲油,百雀羚,169.55,115.95,1326,21,4.6,2023-12-13,缺货
3110,方太 电风扇 限定版,家居生活,电风扇,方太,98.0,37.18,4872,39,4.1,2023-09-17,在售
3111,宜家 空气净化器 Pro(金色),家居生活,空气净化器,宜家,1635.98,443.94,458,4,3.8,2019-09-13,在售
3112,飞鹤 温奶器,母婴用品,温奶器,飞鹤,97.19,64.81,2870,53,3.9,2021-12-30,在售
3113,人民文学 书法字帖 旗舰版(黑色),图书文娱,书法字帖,人民文学,9.04,3.25,90,262,4.0,2019-07-05,下架
3114,百雀羚 卸妆水,美妆个护,卸妆水,百雀羚,36.65,25.15,394,71,3.9,2021-07-09,在售
3115,奥克斯 餐桌 限定版,家居生活,餐桌,奥克斯,665.54,314.88,4539,13,3.5,2021-05-04,在售
3116,资生堂 定妆喷雾 旗舰版,美妆个护,定妆喷雾,资生堂,33.48,10.4,4238,80,3.0,2019-06-10,在售
3117,苹果 键盘 旗舰版,电子产品,键盘,苹果,826.27,502.24,983,6,2.0,2022-06-13,在售
3118,三星 显示器 旗舰版,电子产品,显示器,三星,516.49,183.74,3901,5,2.0,2025-01-18,在售
3119,海尔 电饭煲 标准版(银色),家居生活,电饭煲,海尔,323.17,122.49,898,12,5.0,2021-06-23,在售
3120,双立人 晾衣架 青春版,家居生活,晾衣架,双立人,54.59,25.66,953,65,4.6,2019-10-02,在售
3121,雪花秀 染发剂 新款,美妆个护,染发剂,雪花秀,48.75,15.44,203,55,3.3,2023-03-08,在售
3122,奥克斯 电风扇 标准版,家居生活,电风扇,奥克斯,771.33,260.22,1090,2,3.0,2023-10-27,在售
3123,奥克斯 雨伞 Pro(灰色),家居生活,雨伞,奥克斯,21.39,6.61,3651,117,4.4,2022-03-29,在售
3124,森马 高跟鞋 新款(红色),服装鞋帽,高跟鞋,森马,174.79,87.7,58,30,5.0,2021-10-13,在售
3125,子初 婴儿沐浴露 经典款,母婴用品,婴儿沐浴露,子初,100.52,60.45,2573,39,3.5,2019-11-29,在售
3126,华为 智能家居设备 经典款,电子产品,智能家居设备,华为,1466.03,628.12,137,1,4.7,2024-03-24,在售
3127,百雀羚 护手霜 Plus,美妆个护,护手霜,百雀羚,10.05,3.25,1485,311,3.7,2022-06-02,在售
3128,当当 拼图 旗舰版,图书文娱,拼图,当当,116.49,47.33,2000,28,2.0,2020-02-16,在售
3129,良品铺子 茶叶 青春版,食品饮料,茶叶,良品铺子,61.55,38.14,702,46,4.0,2022-03-18,在售
3130,雅诗兰黛 护手霜 限定版(金色),美妆个护,护手霜,雅诗兰黛,68.32,17.09,572,54,3.7,2021-07-25,下架
3131,农夫山泉 红酒 Pro,食品饮料,红酒,农夫山泉,154.81,114.69,173,25,4.4,2021-02-21,在售
3132,联想 打印机 青春版(金色),电子产品,打印机,联想,2174.18,749.43,4650,2,4.2,2020-01-03,在售
3133,全棉时代 婴儿背带 青春版(红色),母婴用品,婴儿背带,全棉时代,185.84,80.51,2654,17,5.0,2024-05-17,在售
3134,贝亲 婴儿奶粉 新款(红色),母婴用品,婴儿奶粉,贝亲,609.48,421.9,4056,16,5.0,2022-09-20,下架
3135,格力 电饭煲 经典款,家居生活,电饭煲,格力,597.06,304.67,3458,8,5.0,2024-04-19,在售
3136,迪奥 染发剂 限定版,美妆个护,染发剂,迪奥,194.22,144.39,1426,17,2.0,2022-11-21,在售
3137,五粮液 肉干 新款,食品饮料,肉干,五粮液,193.75,127.62,94,11,5.0,2022-10-26,在售
3138,格力 加湿器 Pro(白色),家居生活,加湿器,格力,146.04,59.07,2301,24,3.0,2024-01-10,在售
3139,人民文学 考研资料 青春版(黑色),图书文娱,考研资料,人民文学,31.63,15.97,2839,91,3.8,2023-09-05,在售
3140,vivo 移动硬盘 旗舰版(粉色),电子产品,移动硬盘,vivo,408.91,264.6,15,14,4.0,2022-06-13,在售
3141,知乎 乐器 标准版(黑色),图书文娱,乐器,知乎,254.58,160.74,1158,8,3.9,2025-03-06,在售
3142,苏泊尔 窗帘 Plus,家居生活,窗帘,苏泊尔,72.64,23.54,2605,51,3.7,2023-07-27,在售
3143,新东方 编程书籍 升级版(金色),图书文娱,编程书籍,新东方,29.68,10.87,2417,98,3.5,2023-05-09,在售
3144,海尔 收纳箱 经典款(红色),家居生活,收纳箱,海尔,24.45,12.67,125,140,4.0,2020-09-12,在售
3145,匡威 睡衣 Pro(金色),服装鞋帽,睡衣,匡威,64.0,34.84,1422,55,3.0,2019-03-21,在售
3146,耐克 高跟鞋 (银色),服装鞋帽,高跟鞋,耐克,423.83,162.91,3563,5,4.0,2021-12-16,在售
3147,优衣库 汉服 Plus(黑色),服装鞋帽,汉服,优衣库,290.54,141.19,724,12,3.0,2019-11-23,下架
3148,英氏 辅食机 青春版,母婴用品,辅食机,英氏,105.49,56.08,3145,34,2.3,2020-02-25,在售
3149,茅台 肉干 经典款(蓝色),食品饮料,肉干,茅台,143.92,93.98,86,25,3.5,2022-07-14,在售
3150,倩碧 洗面奶 Plus,美妆个护,洗面奶,倩碧,123.41,84.04,3588,37,2.0,2024-10-19,在售
3151,ZARA 卫衣 (白色),服装鞋帽,卫衣,ZARA,121.54,59.19,3770,26,4.2,2019-05-30,在售
3152,尼康 内存卡 旗舰版(红色),电子产品,内存卡,尼康,19.29,11.85,2757,148,4.1,2024-02-11,在售
3153,匡威 太阳镜 新款(粉色),服装鞋帽,太阳镜,匡威,75.42,49.44,4123,48,3.3,2019-04-20,在售
3154,当当 儿童绘本 青春版(黑色),图书文娱,儿童绘本,当当,34.53,22.82,4114,82,4.5,2022-01-11,缺货
3155,耐克 内衣 经典款,服装鞋帽,内衣,耐克,38.5,26.96,125,57,4.2,2023-06-30,下架
3156,鸿星尔克 羽绒服 旗舰版(黑色),服装鞋帽,羽绒服,鸿星尔克,289.04,187.47,4302,18,1.5,2019-07-27,在售
3157,索尼 投影仪 升级版,电子产品,投影仪,索尼,4346.07,3016.52,927,0,4.1,2025-02-08,在售
3158,babycare 摇铃 青春版(黑色),母婴用品,摇铃,babycare,83.26,61.63,479,33,3.8,2025-06-25,在售
3159,爱他美 早教机 (银色),母婴用品,早教机,爱他美,296.43,123.43,4397,11,2.0,2021-11-07,在售
3160,MAC 护手霜 限定版(灰色),美妆个护,护手霜,MAC,10.34,7.39,2770,261,3.9,2025-05-27,下架
3161,良品铺子 蛋白粉,食品饮料,蛋白粉,良品铺子,211.16,103.35,2558,19,2.5,2020-07-05,在售
3162,耐克 围巾 升级版,服装鞋帽,围巾,耐克,101.74,72.51,652,37,3.7,2022-12-05,在售
3163,小米 打印机 青春版,电子产品,打印机,小米,1156.19,667.49,2325,2,4.6,2020-10-07,在售
3164,小米 耳机 Plus(黑色),电子产品,耳机,小米,325.02,129.25,4077,5,2.2,2024-09-07,在售
3165,人民文学 书法字帖 升级版(白色),图书文娱,书法字帖,人民文学,76.5,51.23,399,42,3.4,2022-05-28,在售
3166,资生堂 防晒霜 Pro(红色),美妆个护,防晒霜,资生堂,286.32,77.23,2552,18,3.7,2025-03-17,在售
3167,海澜之家 休闲裤 限定版(银色),服装鞋帽,休闲裤,海澜之家,78.16,37.4,4541,52,4.0,2025-02-08,在售
3168,张裕 方便面 (粉色),食品饮料,方便面,张裕,5.05,2.93,1095,505,3.9,2023-09-20,下架
3169,知乎 心理学 标准版(金色),图书文娱,心理学,知乎,43.66,22.46,455,88,3.4,2023-05-15,在售
3170,全棉时代 婴儿床 经典款(蓝色),母婴用品,婴儿床,全棉时代,360.15,152.33,2160,10,2.0,2024-11-01,在售
3171,尼康 显示器 标准版,电子产品,显示器,尼康,749.61,307.88,212,3,3.9,2024-04-27,在售
3172,张裕 咖啡 经典款(灰色),食品饮料,咖啡,张裕,122.3,82.22,4528,25,4.0,2020-08-06,在售
3173,鸿星尔克 牛仔裤 限定版(粉色),服装鞋帽,牛仔裤,鸿星尔克,80.54,49.93,4326,40,3.8,2023-05-17,在售
3174,佳能 VR设备 青春版,电子产品,VR设备,佳能,860.28,532.67,2609,3,5.0,2025-05-28,在售
3175,五粮液 果冻 标准版,食品饮料,果冻,五粮液,13.57,4.67,141,234,4.1,2025-04-10,在售
3176,飞鹤 童装 升级版,母婴用品,童装,飞鹤,121.99,69.43,2617,29,4.2,2021-02-17,下架
3177,美的 晾衣架 经典款(粉色),家居生活,晾衣架,美的,18.89,9.08,3680,157,4.3,2024-05-02,在售
3178,特步 高跟鞋,服装鞋帽,高跟鞋,特步,106.38,42.76,3759,36,2.0,2022-03-31,在售
3179,美赞臣 儿童牙刷 升级版(红色),母婴用品,儿童牙刷,美赞臣,48.49,28.62,1887,62,3.9,2024-04-22,缺货
3180,华硕 游戏主机 升级版,电子产品,游戏主机,华硕,5841.79,2622.1,276,0,4.8,2022-09-21,在售
3181,得到 历史书籍 限定版(灰色),图书文娱,历史书籍,得到,37.81,24.1,98,94,4.3,2023-04-16,下架
3182,蒙牛 方便面 青春版,食品饮料,方便面,蒙牛,28.87,19.98,2955,150,3.3,2024-07-19,在售
3183,费列罗 糖果 升级版(红色),食品饮料,糖果,费列罗,19.48,13.55,25,161,3.7,2023-08-18,下架
3184,SK-II 面膜 Pro(黑色),美妆个护,面膜,SK-II,34.2,12.53,873,72,3.2,2020-01-14,在售
3185,奥克斯 沙发 Pro,家居生活,沙发,奥克斯,4070.27,1876.28,2017,1,2.7,2020-11-19,下架
3186,三只松鼠 牛奶 青春版,食品饮料,牛奶,三只松鼠,11.09,5.4,3642,223,3.9,2024-04-17,在售
3187,惠氏 儿童牙刷 Plus,母婴用品,儿童牙刷,惠氏,66.6,21.67,2899,49,4.6,2019-03-28,在售
3188,机械工业 经管书籍 旗舰版,图书文娱,经管书籍,机械工业,81.03,30.82,2419,44,3.8,2023-02-08,在售
3189,宜家 吸尘器 旗舰版(银色),家居生活,吸尘器,宜家,1151.7,691.29,916,1,3.4,2023-10-20,在售
3190,膳魔师 收纳箱 新款,家居生活,收纳箱,膳魔师,183.34,73.32,3512,18,2.0,2023-01-10,在售
3191,德芙 巧克力 标准版,食品饮料,巧克力,德芙,13.12,8.98,4886,203,3.9,2023-06-11,下架
3192,华硕 显示器 升级版,电子产品,显示器,华硕,2952.23,2024.35,3317,0,3.0,2019-04-13,在售
3193,花王 儿童水杯 Pro,母婴用品,儿童水杯,花王,25.76,10.44,1577,107,4.4,2023-06-06,在售
3194,子初 婴儿推车 标准版,母婴用品,婴儿推车,子初,2040.83,1016.83,2365,2,3.1,2019-05-12,缺货
3195,得到 英语教材 新款,图书文娱,英语教材,得到,42.72,24.74,21,57,3.7,2023-01-04,在售
3196,京东图书 编程书籍 限定版,图书文娱,编程书籍,京东图书,39.73,14.82,45,92,3.9,2023-07-06,在售
3197,英氏 婴儿奶粉 青春版,母婴用品,婴儿奶粉,英氏,231.95,92.44,60,18,3.5,2020-07-05,在售
3198,星巴克 进口饼干 旗舰版,食品饮料,进口饼干,星巴克,72.17,35.67,1827,27,3.0,2024-04-16,在售
3199,尼康 智能手表 标准版(金色),电子产品,智能手表,尼康,228.83,140.48,387,8,3.6,2021-07-09,在售
3200,机械工业 考研资料 标准版(粉色),图书文娱,考研资料,机械工业,88.6,52.71,2307,32,3.7,2021-10-27,在售
3201,戴尔 移动硬盘 限定版(黑色),电子产品,移动硬盘,戴尔,1231.48,339.49,2830,3,4.4,2021-10-20,在售
3202,完美日记 身体乳 升级版(灰色),美妆个护,身体乳,完美日记,23.61,14.2,1222,154,3.6,2020-04-22,在售
3203,得到 经管书籍 新款,图书文娱,经管书籍,得到,51.44,21.21,4191,53,4.5,2023-07-01,在售
3204,华为 充电宝 Plus(白色),电子产品,充电宝,华为,192.78,127.65,3680,24,3.7,2024-08-15,缺货
3205,蒙牛 巧克力 限定版,食品饮料,巧克力,蒙牛,136.46,85.01,1848,31,3.8,2020-07-06,在售
3206,美赞臣 童装 Plus,母婴用品,童装,美赞臣,82.3,53.2,844,53,3.6,2023-10-26,在售
3207,苹果 移动硬盘 经典款,电子产品,移动硬盘,苹果,553.8,231.5,3239,10,3.6,2021-09-07,在售
3208,可优比 奶瓶 限定版(蓝色),母婴用品,奶瓶,可优比,210.35,156.97,99,16,3.5,2025-03-14,在售
3209,安踏 卫衣 青春版,服装鞋帽,卫衣,安踏,92.0,60.96,437,33,4.2,2024-07-26,在售
3210,人民文学 儿童绘本 新款,图书文娱,儿童绘本,人民文学,16.05,4.6,302,180,3.7,2019-11-12,在售
3211,农夫山泉 保健品 青春版,食品饮料,保健品,农夫山泉,735.97,377.77,1073,4,4.0,2025-03-18,下架
3212,英氏 辅食机 Pro,母婴用品,辅食机,英氏,218.85,60.63,2805,15,2.3,2024-03-04,在售
3213,好奇 儿童水杯 青春版(灰色),母婴用品,儿童水杯,好奇,60.42,31.84,1494,60,4.1,2021-01-11,在售
3214,良品铺子 燕窝 (银色),食品饮料,燕窝,良品铺子,383.46,123.36,1431,6,5.0,2024-11-16,在售
3215,张裕 薯片 升级版,食品饮料,薯片,张裕,8.36,3.07,4615,348,4.1,2020-03-27,在售
3216,全棉时代 童装 标准版,母婴用品,童装,全棉时代,66.09,39.6,4536,45,4.2,2022-02-26,在售
3217,无印良品 收纳箱 新款(金色),家居生活,收纳箱,无印良品,137.18,75.9,4037,35,2.7,2022-01-08,在售
3218,优衣库 帽子 标准版,服装鞋帽,帽子,优衣库,62.43,19.43,497,41,3.5,2019-03-30,在售
3219,启赋 积木玩具,母婴用品,积木玩具,启赋,517.07,343.86,3089,3,4.2,2021-11-29,在售
3220,德芙 红酒 升级版,食品饮料,红酒,德芙,161.22,98.14,152,30,4.0,2022-07-07,在售
3221,华为 投影仪 青春版,电子产品,投影仪,华为,8929.52,2973.35,2016,0,5.0,2024-04-14,在售
3222,无印良品 床上四件套,家居生活,床上四件套,无印良品,369.27,227.0,3597,6,4.0,2022-02-16,在售
3223,启赋 婴儿床,母婴用品,婴儿床,启赋,481.01,349.6,1126,13,5.0,2019-08-30,下架
3224,可优比 童装 限定版,母婴用品,童装,可优比,209.33,153.61,2265,13,5.0,2019-10-06,在售
3225,李宁 女装连衣裙 Pro,服装鞋帽,女装连衣裙,李宁,85.99,22.51,2201,53,3.2,2025-03-28,在售
3226,雷蛇 笔记本电脑 标准版(粉色),电子产品,笔记本电脑,雷蛇,5898.73,1632.23,47,0,3.5,2019-04-21,在售
3227,美赞臣 摇铃 新款,母婴用品,摇铃,美赞臣,18.31,5.88,1226,149,4.5,2024-10-29,在售
3228,人民文学 健身器材 Plus,图书文娱,健身器材,人民文学,106.84,31.51,657,43,4.7,2022-04-14,在售
3229,启赋 婴儿床 经典款,母婴用品,婴儿床,启赋,388.94,127.54,2062,14,2.3,2024-05-14,在售
3230,农夫山泉 蜂蜜 升级版(金色),食品饮料,蜂蜜,农夫山泉,198.35,126.45,767,29,4.5,2023-02-23,在售
3231,星巴克 进口饼干 Pro,食品饮料,进口饼干,星巴克,17.61,11.21,3037,169,3.9,2021-01-03,在售
3232,好孩子 童装 经典款,母婴用品,童装,好孩子,389.88,174.75,4367,15,4.5,2024-05-19,在售
3233,babycare 早教机 青春版,母婴用品,早教机,babycare,403.75,171.31,2123,17,5.0,2024-04-18,在售
3234,雅诗兰黛 防晒霜 新款,美妆个护,防晒霜,雅诗兰黛,131.38,82.47,13,20,3.5,2020-08-06,在售
3235,优衣库 围巾 青春版,服装鞋帽,围巾,优衣库,183.78,82.6,1717,21,2.8,2019-11-22,在售
3236,完美日记 香水 限定版(黑色),美妆个护,香水,完美日记,492.28,362.68,57,12,4.0,2022-05-04,缺货
3237,匡威 帽子 青春版,服装鞋帽,帽子,匡威,35.72,18.45,106,77,4.2,2022-05-26,在售
3238,德芙 食用油 升级版(银色),食品饮料,食用油,德芙,189.56,77.43,4579,15,5.0,2021-05-06,在售
3239,知乎 拼图 Pro(黑色),图书文娱,拼图,知乎,159.83,50.65,3373,33,4.0,2023-01-21,在售
3240,得到 经管书籍 经典款,图书文娱,经管书籍,得到,75.53,31.09,3599,42,3.5,2020-03-15,在售
3241,启赋 婴儿奶粉 经典款(白色),母婴用品,婴儿奶粉,启赋,403.45,177.17,3200,9,3.3,2020-11-12,在售
3242,好奇 婴儿背带 青春版,母婴用品,婴儿背带,好奇,34.85,26.06,463,79,2.7,2022-01-12,在售
3243,电子工业 科幻小说 Plus(金色),图书文娱,科幻小说,电子工业,16.07,6.63,1756,195,4.2,2019-09-20,下架
3244,恰恰 保健品 青春版,食品饮料,保健品,恰恰,43.24,26.89,794,75,4.6,2024-07-06,在售
3245,vivo 内存卡 限定版,电子产品,内存卡,vivo,37.23,23.52,2109,101,4.3,2023-08-19,缺货
3246,资生堂 香水 Pro,美妆个护,香水,资生堂,197.54,116.81,54,41,3.2,2021-08-11,在售
3247,波司登 牛仔裤 经典款,服装鞋帽,牛仔裤,波司登,471.95,138.85,368,2,4.0,2019-08-25,在售
3248,OPPO 键盘,电子产品,键盘,OPPO,185.2,55.91,429,14,3.7,2020-06-13,在售
3249,耐克 内衣 Pro,服装鞋帽,内衣,耐克,123.14,53.43,1879,21,4.0,2022-09-13,在售
3250,ZARA 牛仔裤 Pro,服装鞋帽,牛仔裤,ZARA,64.81,27.65,3845,42,3.8,2020-10-22,在售
3251,电子工业 小说 青春版,图书文娱,小说,电子工业,39.4,19.57,3600,75,3.8,2020-10-27,下架
3252,五粮液 坚果零食 标准版,食品饮料,坚果零食,五粮液,61.45,20.42,2465,56,3.8,2020-05-06,在售
3253,恰恰 蛋白粉 标准版,食品饮料,蛋白粉,恰恰,267.64,199.77,4845,4,4.0,2021-12-08,在售
3254,美赞臣 婴儿奶粉 新款(金色),母婴用品,婴儿奶粉,美赞臣,557.95,272.55,410,7,3.7,2019-05-03,在售
3255,完美日记 身体乳 升级版,美妆个护,身体乳,完美日记,25.86,18.54,307,122,3.5,2021-05-05,在售
3256,三星 相机 经典款,电子产品,相机,三星,7426.71,4957.45,146,1,3.4,2023-04-21,在售
3257,德芙 蜂蜜 限定版,食品饮料,蜂蜜,德芙,87.34,62.51,370,46,3.5,2022-12-20,在售
3258,农夫山泉 巧克力 新款,食品饮料,巧克力,农夫山泉,10.59,6.85,4898,358,3.6,2019-04-22,在售
3259,当当 小说 青春版,图书文娱,小说,当当,24.54,17.51,3673,106,4.6,2019-08-27,在售
3260,兰蔻 卸妆水 标准版,美妆个护,卸妆水,兰蔻,51.52,31.85,2328,94,3.7,2019-12-20,在售
3261,自然堂 化妆刷 限定版(粉色),美妆个护,化妆刷,自然堂,56.09,25.25,4700,62,3.4,2020-02-02,下架
3262,海澜之家 汉服 经典款,服装鞋帽,汉服,海澜之家,194.6,125.77,1970,12,3.7,2020-02-15,缺货
3263,安踏 运动鞋 经典款,服装鞋帽,运动鞋,安踏,435.58,175.73,193,12,5.0,2019-06-26,在售
3264,戴尔 数据线 Plus(灰色),电子产品,数据线,戴尔,5.66,3.21,2604,441,3.8,2025-02-25,在售
3265,花王 儿童牙刷 升级版,母婴用品,儿童牙刷,花王,63.3,29.61,1797,65,3.0,2023-09-06,在售
3266,雪花秀 定妆喷雾 限定版,美妆个护,定妆喷雾,雪花秀,241.05,135.62,697,17,5.0,2024-11-18,在售
3267,好奇 儿童帐篷 Pro,母婴用品,儿童帐篷,好奇,454.48,273.72,3912,9,5.0,2020-04-12,下架
3268,特步 汉服 Pro,服装鞋帽,汉服,特步,776.92,282.93,4138,3,3.9,2025-06-03,在售
3269,可优比 童装 标准版,母婴用品,童装,可优比,151.14,70.53,1807,34,3.8,2020-01-16,在售
3270,爱仕达 晾衣架 旗舰版,家居生活,晾衣架,爱仕达,10.78,3.37,13,259,3.6,2020-06-28,在售
3271,花王 婴儿沐浴露 升级版,母婴用品,婴儿沐浴露,花王,50.18,29.3,4114,69,3.5,2025-06-08,在售
3272,兰蔻 化妆刷 新款(白色),美妆个护,化妆刷,兰蔻,213.55,66.5,4146,19,4.3,2024-05-19,在售
3273,UR 太阳镜 青春版,服装鞋帽,太阳镜,UR,153.39,104.98,3463,18,5.0,2022-12-13,在售
3274,电子工业 考研资料 Pro,图书文娱,考研资料,电子工业,131.5,34.49,2351,34,4.0,2022-02-02,下架
3275,花王 摇铃 青春版,母婴用品,摇铃,花王,23.05,15.84,4386,175,4.7,2024-01-29,在售
3276,恰恰 红酒 (银色),食品饮料,红酒,恰恰,113.96,81.55,1221,42,4.1,2021-07-23,在售
3277,美赞臣 积木玩具 经典款,母婴用品,积木玩具,美赞臣,299.18,204.97,4450,11,4.0,2021-06-04,在售
3278,格力 抱枕 青春版,家居生活,抱枕,格力,11.72,8.06,4362,223,3.7,2020-10-15,下架
3279,五粮液 进口饼干 标准版(金色),食品饮料,进口饼干,五粮液,25.23,8.42,923,117,3.2,2021-02-26,在售
3280,太平鸟 运动鞋 标准版(银色),服装鞋帽,运动鞋,太平鸟,118.44,43.45,1607,28,2.5,2021-07-02,在售
3281,尼康 数据线 新款(黑色),电子产品,数据线,尼康,5.45,3.76,4184,459,3.8,2019-05-03,在售
3282,花王 儿童安全座椅 限定版,母婴用品,儿童安全座椅,花王,1089.0,335.16,1977,9,5.0,2022-01-26,在售
3283,得到 编程书籍 Pro,图书文娱,编程书籍,得到,173.37,112.48,1561,29,4.0,2022-03-20,在售
3284,雀巢 大米 标准版,食品饮料,大米,雀巢,93.19,66.54,4011,37,3.8,2023-09-21,在售
3285,兰蔻 染发剂 青春版,美妆个护,染发剂,兰蔻,118.41,71.38,1806,22,3.0,2019-07-05,下架
3286,得到 编程书籍 限定版,图书文娱,编程书籍,得到,142.56,35.95,54,23,4.0,2019-03-20,在售
3287,花西子 身体乳 升级版,美妆个护,身体乳,花西子,24.78,8.04,1996,124,4.3,2022-10-27,在售
3288,雅诗兰黛 面霜 旗舰版(粉色),美妆个护,面霜,雅诗兰黛,67.26,43.51,2538,39,3.0,2020-04-30,在售
3289,星巴克 大米 青春版,食品饮料,大米,星巴克,82.16,48.91,118,28,4.5,2020-12-20,在售
3290,可优比 纸尿裤 青春版(黑色),母婴用品,纸尿裤,可优比,256.4,120.62,138,16,3.5,2024-03-30,在售
3291,膳魔师 电饭煲 经典款,家居生活,电饭煲,膳魔师,833.39,270.98,4371,8,4.0,2022-06-07,在售
3292,MAC 香水 青春版(粉色),美妆个护,香水,MAC,91.27,39.39,2743,58,4.3,2020-07-09,在售
3293,伊利 蛋白粉 新款,食品饮料,蛋白粉,伊利,521.38,239.09,3819,6,5.0,2020-01-06,在售
3294,惠氏 纸尿裤 升级版(金色),母婴用品,纸尿裤,惠氏,337.27,129.79,610,11,3.0,2023-02-11,在售
3295,海澜之家 围巾 旗舰版,服装鞋帽,围巾,海澜之家,75.81,52.05,320,53,4.4,2023-03-20,在售
3296,美赞臣 温奶器 Plus,母婴用品,温奶器,美赞臣,87.26,57.52,4542,39,4.0,2020-04-18,在售
3297,老板电器 微波炉 新款,家居生活,微波炉,老板电器,601.48,318.29,4450,11,3.4,2021-05-27,在售
3298,尼康 笔记本电脑 Pro,电子产品,笔记本电脑,尼康,7263.23,2758.9,2843,0,3.8,2022-02-21,在售
3299,全棉时代 婴儿沐浴露 限定版,母婴用品,婴儿沐浴露,全棉时代,125.87,88.66,946,31,3.8,2024-06-16,在售
3300,花西子 染发剂 经典款,美妆个护,染发剂,花西子,35.95,13.41,1139,109,3.5,2023-10-21,在售
3301,可优比 游泳圈 限定版,母婴用品,游泳圈,可优比,156.88,96.06,1000,32,3.5,2025-04-29,在售
3302,MAC 染发剂 限定版(白色),美妆个护,染发剂,MAC,153.46,108.62,3136,37,4.2,2022-10-10,在售
3303,贝亲 游泳圈 Plus(黑色),母婴用品,游泳圈,贝亲,154.43,100.75,1231,15,4.0,2020-07-17,在售
3304,香奈儿 粉底液 旗舰版,美妆个护,粉底液,香奈儿,152.48,63.11,108,19,3.7,2022-03-31,在售
3305,启赋 婴儿沐浴露 经典款,母婴用品,婴儿沐浴露,启赋,51.88,29.47,1803,50,3.8,2023-03-21,在售
3306,无印良品 电风扇 升级版,家居生活,电风扇,无印良品,53.8,32.72,2203,61,3.4,2024-09-06,在售
3307,爱仕达 垃圾桶 旗舰版(金色),家居生活,垃圾桶,爱仕达,13.97,6.71,3839,196,3.6,2024-02-19,缺货
3308,好奇 游泳圈 青春版(黑色),母婴用品,游泳圈,好奇,37.84,12.74,3719,68,4.5,2020-08-13,在售
3309,vivo 耳机 升级版,电子产品,耳机,vivo,222.68,159.51,232,20,5.0,2020-12-25,在售
3310,花西子 护手霜 Plus(粉色),美妆个护,护手霜,花西子,89.93,26.82,1758,53,4.5,2019-11-16,缺货
3311,尼康 内存卡 限定版,电子产品,内存卡,尼康,38.18,24.68,2808,80,3.3,2023-06-29,在售
3312,张裕 进口饼干 限定版(粉色),食品饮料,进口饼干,张裕,22.13,11.05,1133,118,4.2,2020-03-27,在售
3313,华硕 显示器 限定版(灰色),电子产品,显示器,华硕,1742.94,620.47,4125,4,3.4,2019-01-27,在售
3314,babycare 婴儿推车 限定版,母婴用品,婴儿推车,babycare,1434.94,833.9,382,2,1.0,2021-07-29,在售
3315,自然堂 防晒霜 青春版,美妆个护,防晒霜,自然堂,66.6,20.13,1442,49,3.7,2025-05-06,在售
3316,华硕 充电宝 新款,电子产品,充电宝,华硕,59.43,37.35,139,61,4.3,2020-11-17,在售
3317,阿迪达斯 运动鞋 旗舰版,服装鞋帽,运动鞋,阿迪达斯,123.86,46.8,4692,34,4.5,2021-04-13,在售
3318,九阳 沙发 限定版(灰色),家居生活,沙发,九阳,1873.41,537.78,360,1,4.5,2025-06-04,下架
3319,贝亲 婴儿床 标准版,母婴用品,婴儿床,贝亲,504.03,333.35,775,9,5.0,2021-07-25,在售
3320,花西子 身体乳 升级版,美妆个护,身体乳,花西子,39.31,18.27,3807,93,4.2,2021-03-19,在售
3321,太平鸟 泳衣 经典款,服装鞋帽,泳衣,太平鸟,333.35,95.98,288,11,3.0,2022-08-19,缺货
3322,匡威 睡衣 标准版(金色),服装鞋帽,睡衣,匡威,176.36,114.52,1099,28,4.1,2019-02-14,在售
3323,机械工业 经管书籍 旗舰版,图书文娱,经管书籍,机械工业,46.88,19.03,453,79,3.5,2021-10-06,在售
3324,波司登 男装T恤 旗舰版(金色),服装鞋帽,男装T恤,波司登,32.19,12.73,443,116,4.6,2022-01-21,在售
3325,雪花秀 染发剂 新款,美妆个护,染发剂,雪花秀,31.62,20.77,745,104,4.2,2024-10-13,在售
3326,爱仕达 沙发,家居生活,沙发,爱仕达,1326.35,779.47,62,1,4.0,2023-04-02,下架
3327,OPPO 显示器 经典款,电子产品,显示器,OPPO,1412.87,613.74,3558,6,4.9,2019-06-21,在售
3328,好奇 婴儿奶粉 标准版,母婴用品,婴儿奶粉,好奇,335.77,178.77,4210,19,3.8,2021-01-26,在售
3329,匡威 运动鞋 旗舰版,服装鞋帽,运动鞋,匡威,214.6,144.89,3974,22,3.7,2025-03-08,在售
3330,迪奥 化妆刷 旗舰版(粉色),美妆个护,化妆刷,迪奥,18.7,13.23,163,186,3.8,2023-01-15,下架
3331,惠氏 奶瓶 Pro,母婴用品,奶瓶,惠氏,121.31,70.0,2840,19,4.0,2025-04-17,在售
3332,方太 灯具 升级版(粉色),家居生活,灯具,方太,180.31,118.08,2260,32,3.7,2023-03-03,下架
3333,苹果 耳机 标准版,电子产品,耳机,苹果,220.66,157.17,2473,13,3.0,2022-04-19,在售
3334,华为 打印机 标准版,电子产品,打印机,华为,1280.62,557.39,395,7,4.3,2021-07-10,下架
3335,伊利 大米 青春版(蓝色),食品饮料,大米,伊利,34.72,9.84,2004,94,3.6,2019-11-23,在售
3336,尼康 移动硬盘 (灰色),电子产品,移动硬盘,尼康,834.25,234.09,2469,6,3.0,2021-07-27,在售
3337,新东方 书法字帖 (灰色),图书文娱,书法字帖,新东方,94.68,46.58,377,28,3.7,2022-01-18,缺货
3338,飞鹤 儿童牙刷 经典款,母婴用品,儿童牙刷,飞鹤,16.07,4.74,3151,204,3.6,2020-12-20,在售
3339,帮宝适 童装 经典款,母婴用品,童装,帮宝适,114.56,47.89,1984,30,4.0,2021-11-03,在售
3340,ZARA 高跟鞋 Plus,服装鞋帽,高跟鞋,ZARA,418.53,287.78,1404,8,5.0,2024-05-24,在售
3341,英氏 辅食机 标准版(金色),母婴用品,辅食机,英氏,264.1,69.81,439,7,5.0,2021-07-21,在售
3342,新东方 篮球 限定版,图书文娱,篮球,新东方,79.89,44.09,4392,43,5.0,2022-05-12,在售
3343,新东方 编程书籍 Plus(粉色),图书文娱,编程书籍,新东方,37.64,11.34,1474,94,3.6,2022-08-17,在售
3344,苏泊尔 洗碗机 升级版,家居生活,洗碗机,苏泊尔,4972.47,1381.89,4596,2,5.0,2021-06-25,在售
3345,子初 爬行垫 经典款(蓝色),母婴用品,爬行垫,子初,92.84,38.19,523,65,3.5,2022-09-06,在售
3346,老板电器 电饭煲 Plus(蓝色),家居生活,电饭煲,老板电器,220.48,88.13,96,17,5.0,2022-08-05,在售
3347,京东图书 笔记本 青春版,图书文娱,笔记本,京东图书,76.32,35.08,2992,49,3.7,2021-04-13,在售
3348,双立人 厨房刀具 升级版,家居生活,厨房刀具,双立人,190.3,50.76,401,30,3.5,2023-12-30,下架
3349,爱他美 婴儿沐浴露 标准版,母婴用品,婴儿沐浴露,爱他美,158.72,75.27,2010,24,4.0,2022-03-10,在售
3350,兰蔻 防晒霜 Plus,美妆个护,防晒霜,兰蔻,83.24,61.39,2706,41,3.8,2021-09-19,在售
3351,新东方 儿童绘本 (银色),图书文娱,儿童绘本,新东方,17.88,12.87,1729,155,4.2,2021-02-13,在售
3352,农夫山泉 进口饼干 标准版(金色),食品饮料,进口饼干,农夫山泉,45.06,30.73,441,96,4.1,2019-02-04,在售
3353,阿迪达斯 睡衣 升级版,服装鞋帽,睡衣,阿迪达斯,173.66,107.56,4438,30,5.0,2025-05-11,缺货
3354,飞鹤 婴儿推车 限定版(金色),母婴用品,婴儿推车,飞鹤,421.82,277.32,3308,11,1.0,2020-09-01,在售
3355,UR 男装T恤 青春版,服装鞋帽,男装T恤,UR,126.65,56.42,2631,47,5.0,2020-11-04,在售
3356,太平鸟 西装 Pro,服装鞋帽,西装,太平鸟,2354.04,1243.24,4221,1,3.6,2023-05-08,在售
3357,玉兰油 指甲油 标准版,美妆个护,指甲油,玉兰油,31.22,13.15,1283,117,4.1,2025-02-07,在售
3358,格力 灯具 升级版,家居生活,灯具,格力,728.0,184.8,255,3,4.0,2023-10-20,在售
3359,vivo 显示器,电子产品,显示器,vivo,504.45,300.86,4634,5,4.0,2023-06-23,下架
3360,SK-II 面膜 旗舰版,美妆个护,面膜,SK-II,149.02,109.46,1561,25,5.0,2019-07-10,在售
3361,BOSE 打印机 Pro(灰色),电子产品,打印机,BOSE,1023.03,402.35,2400,0,5.0,2023-10-21,在售
3362,英氏 积木玩具 Plus,母婴用品,积木玩具,英氏,82.32,38.98,2924,52,3.7,2022-07-13,在售
3363,花西子 眉笔 旗舰版,美妆个护,眉笔,花西子,11.82,6.91,2031,258,3.8,2024-01-02,在售
3364,vivo 智能手表 升级版,电子产品,智能手表,vivo,2648.39,1707.14,2087,1,4.4,2020-09-06,在售
3365,美的 空气净化器 Plus(灰色),家居生活,空气净化器,美的,573.48,195.03,2760,0,2.9,2024-07-28,在售
3366,网易严选 晾衣架 标准版,家居生活,晾衣架,网易严选,84.45,37.68,4297,42,4.3,2020-04-01,缺货
3367,五粮液 饮料 Pro,食品饮料,饮料,五粮液,6.89,5.05,2588,404,3.6,2020-09-30,在售
3368,索尼 耳机 青春版(银色),电子产品,耳机,索尼,434.44,200.48,395,11,3.7,2023-08-24,在售
3369,良品铺子 牛奶 经典款(粉色),食品饮料,牛奶,良品铺子,19.5,9.0,1270,154,3.1,2019-03-12,在售
3370,新东方 文具 旗舰版,图书文娱,文具,新东方,43.3,32.37,2429,66,4.4,2024-06-15,在售
3371,中信出版 科幻小说 经典款,图书文娱,科幻小说,中信出版,36.6,18.98,1961,92,3.4,2019-07-08,在售
3372,太平鸟 睡衣 Plus(粉色),服装鞋帽,睡衣,太平鸟,108.46,54.66,4420,31,4.2,2025-03-07,下架
3373,美的 空气净化器 (银色),家居生活,空气净化器,美的,569.59,392.47,3426,12,5.0,2019-07-11,在售
3374,三星 打印机 旗舰版,电子产品,打印机,三星,407.13,224.46,4085,14,4.9,2019-07-07,下架
3375,新东方 历史书籍,图书文娱,历史书籍,新东方,21.79,13.99,3732,172,3.7,2021-09-10,在售
3376,联想 音箱 经典款,电子产品,音箱,联想,354.8,119.51,1434,12,2.0,2020-03-05,在售
3377,阿迪达斯 运动外套 Plus,服装鞋帽,运动外套,阿迪达斯,101.64,28.83,95,29,3.0,2024-07-05,下架
3378,华为 相机 经典款,电子产品,相机,华为,9818.67,6530.93,105,0,4.9,2020-04-30,在售
3379,好孩子 儿童水杯 新款,母婴用品,儿童水杯,好孩子,33.1,18.64,4316,78,3.3,2025-05-03,在售
3380,佳能 智能家居设备 升级版(黑色),电子产品,智能家居设备,佳能,662.93,175.83,2952,1,3.6,2019-07-18,在售
3381,安踏 运动鞋 新款,服装鞋帽,运动鞋,安踏,112.28,79.84,1402,28,4.7,2023-08-09,下架
3382,耐克 皮带 限定版,服装鞋帽,皮带,耐克,45.87,21.96,395,72,3.6,2021-10-10,在售
3383,鸿星尔克 内衣 (红色),服装鞋帽,内衣,鸿星尔克,30.26,17.29,3677,101,3.8,2024-07-09,在售
3384,启赋 奶瓶 Plus,母婴用品,奶瓶,启赋,157.1,49.66,3127,27,3.0,2025-03-04,在售
3385,奥克斯 床上四件套 限定版,家居生活,床上四件套,奥克斯,1032.35,563.2,2610,7,5.0,2020-09-26,在售
3386,索尼 投影仪 升级版,电子产品,投影仪,索尼,10768.9,3469.87,4582,0,3.7,2025-02-28,在售
3387,五粮液 饮料 升级版(黑色),食品饮料,饮料,五粮液,17.82,13.26,3354,147,3.8,2020-08-16,下架
3388,五粮液 坚果零食 青春版,食品饮料,坚果零食,五粮液,122.3,65.15,3528,47,4.0,2024-04-06,在售
3389,三星 手机 青春版(蓝色),电子产品,手机,三星,1947.7,1012.31,2113,2,3.3,2021-11-19,在售
3390,戴森 床上四件套 Plus(蓝色),家居生活,床上四件套,戴森,540.29,370.11,70,8,4.5,2022-08-23,在售
3391,无印良品 晾衣架 (白色),家居生活,晾衣架,无印良品,23.68,11.89,65,128,3.4,2019-03-31,缺货
3392,耐克 休闲裤 Pro,服装鞋帽,休闲裤,耐克,44.88,17.14,3749,61,4.8,2022-11-27,在售
3393,尼康 音箱 Plus,电子产品,音箱,尼康,82.3,20.72,1810,41,3.5,2020-08-03,在售
3394,SK-II 面膜,美妆个护,面膜,SK-II,166.98,52.68,1975,11,3.0,2020-06-20,在售
3395,蒙牛 坚果零食 标准版,食品饮料,坚果零食,蒙牛,32.78,23.64,3227,77,3.8,2023-06-17,在售
3396,膳魔师 微波炉 Plus,家居生活,微波炉,膳魔师,916.19,244.5,2013,3,3.0,2022-07-25,缺货
3397,资生堂 卸妆水 青春版,美妆个护,卸妆水,资生堂,218.13,91.93,4058,26,3.3,2025-01-29,在售
3398,蒙牛 方便面 青春版(金色),食品饮料,方便面,蒙牛,4.45,2.65,4958,611,3.6,2022-05-25,缺货
3399,机械工业 瑜伽垫 升级版,图书文娱,瑜伽垫,机械工业,44.93,13.11,2752,68,4.0,2023-08-26,缺货
3400,小米 智能手表 青春版(金色),电子产品,智能手表,小米,2992.95,2098.6,2225,0,4.1,2024-01-23,下架
3401,得到 儿童绘本 Plus,图书文娱,儿童绘本,得到,71.97,42.08,2463,49,4.6,2019-07-11,在售
3402,京东图书 历史书籍 升级版,图书文娱,历史书籍,京东图书,117.13,77.76,2191,22,4.0,2021-09-03,在售
3403,鸿星尔克 太阳镜 旗舰版,服装鞋帽,太阳镜,鸿星尔克,474.43,238.97,4545,11,3.0,2023-07-25,在售
3404,来伊份 糖果 Pro,食品饮料,糖果,来伊份,62.32,33.66,2877,30,2.5,2019-02-05,在售
3405,BOSE 手机 Plus,电子产品,手机,BOSE,8513.26,2559.93,4841,0,4.7,2023-05-15,在售
3406,新东方 瑜伽垫 新款,图书文娱,瑜伽垫,新东方,71.25,41.8,2369,34,4.5,2019-04-30,在售
3407,飞鹤 婴儿奶粉 标准版,母婴用品,婴儿奶粉,飞鹤,395.13,154.49,3730,9,4.5,2022-12-09,在售
3408,H&M 卫衣 Plus,服装鞋帽,卫衣,H&M,448.04,252.29,771,13,4.6,2025-04-29,在售
3409,李宁 袜子 经典款,服装鞋帽,袜子,李宁,97.05,65.92,3025,50,3.5,2022-06-15,在售
3410,李宁 羽绒服 青春版,服装鞋帽,羽绒服,李宁,2954.8,2065.2,2221,4,4.4,2020-08-17,缺货
3411,太平鸟 羽绒服 经典款,服装鞋帽,羽绒服,太平鸟,673.42,326.12,3948,12,4.0,2025-06-06,缺货
3412,得到 心理学 新款,图书文娱,心理学,得到,21.06,9.74,4909,121,3.5,2022-09-10,下架
3413,索尼 充电宝 Plus,电子产品,充电宝,索尼,298.25,139.63,1638,15,3.5,2021-03-10,在售
3414,ZARA 羽绒服 新款(粉色),服装鞋帽,羽绒服,ZARA,1078.1,546.54,3229,7,4.9,2021-01-23,在售
3415,苹果 键盘 限定版,电子产品,键盘,苹果,172.02,49.13,421,21,5.0,2024-04-20,在售
3416,子初 婴儿沐浴露 限定版(金色),母婴用品,婴儿沐浴露,子初,34.18,15.31,4496,100,3.1,2021-08-08,缺货
3417,京东图书 经管书籍 青春版,图书文娱,经管书籍,京东图书,81.52,58.88,2122,39,4.0,2020-10-09,在售
3418,格力 灯具 旗舰版,家居生活,灯具,格力,787.63,534.49,403,0,4.1,2020-09-02,下架
3419,罗技 游戏主机 限定版,电子产品,游戏主机,罗技,1375.3,885.04,3967,2,3.0,2023-05-18,在售
3420,启赋 游泳圈 限定版,母婴用品,游泳圈,启赋,43.9,19.58,461,65,3.7,2019-02-13,在售
3421,良品铺子 糖果 经典款,食品饮料,糖果,良品铺子,23.01,10.8,1573,147,4.1,2019-07-15,在售
3422,茅台 保健品 经典款,食品饮料,保健品,茅台,41.01,16.51,3430,94,3.8,2024-12-02,在售
3423,罗技 平板电脑 (黑色),电子产品,平板电脑,罗技,994.13,531.25,64,2,4.5,2019-08-07,在售
3424,倩碧 粉底液 旗舰版(黑色),美妆个护,粉底液,倩碧,188.08,48.12,4620,11,4.0,2019-08-01,在售
3425,vivo 相机 经典款,电子产品,相机,vivo,4197.37,2325.23,2743,1,3.2,2019-08-05,在售
3426,资生堂 眉笔 标准版,美妆个护,眉笔,资生堂,105.61,41.59,400,43,4.5,2019-08-04,缺货
3427,知乎 健身器材 旗舰版(红色),图书文娱,健身器材,知乎,222.96,131.12,217,22,2.5,2019-11-23,在售
3428,可优比 早教机 青春版,母婴用品,早教机,可优比,267.25,111.5,2810,13,3.5,2023-06-18,下架
3429,爱仕达 餐桌 青春版(红色),家居生活,餐桌,爱仕达,462.45,117.54,3760,11,3.6,2020-09-11,在售
3430,蒙牛 调味料 升级版(蓝色),食品饮料,调味料,蒙牛,49.13,17.09,976,53,3.8,2023-09-01,在售
3431,花西子 香水 升级版,美妆个护,香水,花西子,1113.02,407.08,3274,9,4.0,2019-03-21,在售
3432,惠氏 爬行垫 标准版(金色),母婴用品,爬行垫,惠氏,43.55,12.36,2,72,4.3,2023-06-07,在售
3433,好孩子 儿童帐篷 标准版(红色),母婴用品,儿童帐篷,好孩子,222.93,83.04,3278,18,3.0,2019-05-23,在售
3434,樊登读书 文具,图书文娱,文具,樊登读书,1.28,0.77,317,1727,3.8,2023-03-30,下架
3435,茅台 蛋白粉 Plus(蓝色),食品饮料,蛋白粉,茅台,590.47,236.89,1348,5,4.2,2023-01-16,在售
3436,贝亲 童装 (金色),母婴用品,童装,贝亲,44.92,21.62,3847,50,2.8,2024-07-14,在售
3437,戴森 保温杯 青春版(银色),家居生活,保温杯,戴森,28.38,7.91,3593,96,4.2,2024-12-03,缺货
3438,双立人 晾衣架 升级版,家居生活,晾衣架,双立人,12.8,7.69,2,231,3.9,2021-11-26,在售
3439,ZARA 西装 经典款,服装鞋帽,西装,ZARA,292.39,139.18,2665,18,2.5,2024-06-13,在售
3440,无印良品 灯具 经典款(白色),家居生活,灯具,无印良品,45.13,28.53,3421,81,4.8,2022-12-10,在售
3441,飞鹤 游泳圈 限定版(银色),母婴用品,游泳圈,飞鹤,103.54,46.65,786,57,3.3,2022-03-06,在售
3442,全棉时代 游泳圈 青春版(红色),母婴用品,游泳圈,全棉时代,43.66,16.03,916,86,4.7,2020-09-25,在售
3443,三星 显示器 标准版(蓝色),电子产品,显示器,三星,513.84,274.63,1232,5,3.4,2024-09-15,下架
3444,UR 睡衣 Pro,服装鞋帽,睡衣,UR,161.42,105.77,3174,28,2.0,2021-06-23,在售
3445,帮宝适 婴儿湿巾 Pro(蓝色),母婴用品,婴儿湿巾,帮宝适,20.38,9.58,1778,145,4.1,2023-03-05,缺货
3446,美赞臣 游泳圈 Plus,母婴用品,游泳圈,美赞臣,89.05,63.34,330,51,3.7,2024-04-22,在售
3447,中信出版 历史书籍,图书文娱,历史书籍,中信出版,20.83,10.17,540,144,4.0,2024-03-09,在售
3448,李宁 袜子 旗舰版,服装鞋帽,袜子,李宁,37.09,18.92,449,94,3.5,2022-07-11,在售
3449,索尼 平板电脑,电子产品,平板电脑,索尼,4912.38,1350.79,3802,1,5.0,2020-06-11,在售
3450,京东图书 文具 新款(灰色),图书文娱,文具,京东图书,29.24,18.8,488,106,4.3,2019-03-23,在售
3451,尼康 打印机 经典款(黑色),电子产品,打印机,尼康,612.3,325.73,4493,10,2.0,2020-08-08,在售
3452,三只松鼠 大米 (黑色),食品饮料,大米,三只松鼠,52.37,36.71,3682,84,4.8,2022-05-28,在售
3453,雪花秀 防晒霜 青春版,美妆个护,防晒霜,雪花秀,204.72,111.81,111,32,5.0,2021-01-28,缺货
3454,李宁 围巾 Plus,服装鞋帽,围巾,李宁,39.61,22.74,1876,65,3.8,2021-01-24,在售
3455,波司登 泳衣 旗舰版,服装鞋帽,泳衣,波司登,187.86,136.01,468,19,2.0,2023-07-25,在售
3456,海尔 床上四件套 旗舰版,家居生活,床上四件套,海尔,118.44,38.07,840,30,3.0,2019-11-13,在售
3457,百雀羚 口红 标准版,美妆个护,口红,百雀羚,216.41,131.8,3449,17,4.0,2021-08-18,下架
3458,MAC 洗面奶 限定版,美妆个护,洗面奶,MAC,95.83,68.56,4156,37,3.8,2024-12-16,在售
3459,资生堂 香水 旗舰版,美妆个护,香水,资生堂,518.67,235.92,932,7,4.0,2025-03-19,在售
3460,佳能 打印机 Plus(金色),电子产品,打印机,佳能,381.97,157.58,3,10,4.0,2020-01-13,在售
3461,匡威 泳衣 升级版(银色),服装鞋帽,泳衣,匡威,240.25,156.12,217,24,4.0,2022-05-10,在售
3462,帮宝适 婴儿推车 升级版,母婴用品,婴儿推车,帮宝适,2473.31,1383.42,3958,1,2.9,2020-09-14,在售
3463,三只松鼠 果冻 青春版,食品饮料,果冻,三只松鼠,8.72,4.43,1623,326,3.2,2023-11-26,下架
3464,飞鹤 游泳圈 升级版,母婴用品,游泳圈,飞鹤,29.95,8.08,3950,85,4.2,2019-08-21,在售
3465,美的 地毯 经典款,家居生活,地毯,美的,213.75,84.61,799,6,2.0,2020-12-28,在售
3466,美赞臣 奶瓶 新款(黑色),母婴用品,奶瓶,美赞臣,131.66,67.71,363,24,5.0,2021-06-03,在售
3467,张裕 巧克力 Plus,食品饮料,巧克力,张裕,96.99,32.17,885,29,4.2,2022-01-15,在售
3468,联想 投影仪 (粉色),电子产品,投影仪,联想,2814.54,1118.33,3311,3,3.5,2021-03-19,在售
3469,华硕 投影仪 旗舰版(白色),电子产品,投影仪,华硕,3357.14,1298.44,3080,0,4.8,2019-04-01,在售
3470,小米 智能手表 (金色),电子产品,智能手表,小米,2957.45,1022.56,4733,1,4.0,2024-02-08,在售
3471,美的 电饭煲,家居生活,电饭煲,美的,112.69,31.53,3044,30,4.1,2019-01-14,在售
3472,机械工业 书法字帖 旗舰版,图书文娱,书法字帖,机械工业,31.34,13.94,2630,98,4.2,2019-01-29,在售
3473,好孩子 儿童帐篷 Pro(黑色),母婴用品,儿童帐篷,好孩子,170.42,87.23,3481,17,2.0,2019-05-15,在售
3474,罗技 智能家居设备 标准版,电子产品,智能家居设备,罗技,2902.77,1862.28,908,0,2.8,2020-03-03,在售
3475,佳能 键盘 Plus,电子产品,键盘,佳能,190.01,135.61,1697,34,3.5,2023-12-06,在售
3476,好奇 温奶器,母婴用品,温奶器,好奇,212.06,125.72,298,16,3.3,2022-09-19,在售
3477,美的 沙发 新款(白色),家居生活,沙发,美的,710.59,445.22,3744,2,3.0,2024-02-18,在售
3478,安踏 卫衣 Plus(蓝色),服装鞋帽,卫衣,安踏,64.0,41.91,4420,54,3.2,2019-02-16,在售
3479,耐克 袜子 限定版(蓝色),服装鞋帽,袜子,耐克,91.08,58.67,1699,40,4.0,2021-02-06,在售
3480,自然堂 洗发水 升级版,美妆个护,洗发水,自然堂,80.2,28.67,3704,19,4.0,2020-02-25,在售
3481,花王 儿童帐篷 新款,母婴用品,儿童帐篷,花王,697.76,244.6,3273,6,4.7,2021-03-01,在售
3482,爱他美 奶瓶,母婴用品,奶瓶,爱他美,70.18,46.52,2573,50,3.6,2025-01-15,在售
3483,华硕 鼠标 经典款(白色),电子产品,鼠标,华硕,30.22,21.87,28,82,3.2,2020-05-26,在售
3484,机械工业 小说 升级版,图书文娱,小说,机械工业,32.0,16.97,357,114,3.7,2022-08-30,在售
3485,特步 袜子 青春版(蓝色),服装鞋帽,袜子,特步,77.99,51.99,1751,48,4.2,2024-06-05,下架
3486,百草味 牛奶 标准版,食品饮料,牛奶,百草味,35.64,15.32,2387,72,3.5,2019-12-08,缺货
3487,百草味 茶叶 (白色),食品饮料,茶叶,百草味,64.08,43.22,943,52,3.4,2024-07-18,在售
3488,欧莱雅 洗发水 旗舰版,美妆个护,洗发水,欧莱雅,40.25,23.98,427,61,3.5,2022-11-05,在售
3489,电子工业 笔记本 标准版,图书文娱,笔记本,电子工业,62.77,25.11,933,76,4.3,2024-07-30,在售
3490,UR 高跟鞋 升级版,服装鞋帽,高跟鞋,UR,116.13,61.48,4072,37,3.3,2021-02-10,在售
3491,爱仕达 沙发 经典款,家居生活,沙发,爱仕达,2777.61,1305.99,1226,5,4.0,2019-04-07,下架
3492,可优比 儿童牙刷 Pro(蓝色),母婴用品,儿童牙刷,可优比,47.36,27.43,288,62,3.8,2020-11-27,在售
3493,电子工业 围棋 标准版,图书文娱,围棋,电子工业,35.52,24.81,314,78,4.3,2024-09-09,在售
3494,雀巢 蜂蜜 新款,食品饮料,蜂蜜,雀巢,40.0,19.38,4160,85,4.2,2023-10-06,在售
3495,华硕 VR设备,电子产品,VR设备,华硕,643.89,433.94,1504,13,3.0,2024-04-23,在售
3496,京东图书 乐器,图书文娱,乐器,京东图书,116.32,56.66,4806,42,3.3,2025-01-25,在售
3497,雪花秀 指甲油 升级版(银色),美妆个护,指甲油,雪花秀,19.2,5.48,3269,150,3.5,2025-02-01,在售
3498,联想 移动硬盘 经典款(金色),电子产品,移动硬盘,联想,244.41,77.83,512,9,2.5,2022-12-11,在售
3499,戴尔 手机 经典款(粉色),电子产品,手机,戴尔,1063.08,283.37,2502,2,4.5,2023-01-30,在售
3500,可优比 儿童安全座椅 标准版,母婴用品,儿童安全座椅,可优比,505.98,295.61,3075,5,4.3,2019-10-16,在售
3501,花王 温奶器 旗舰版,母婴用品,温奶器,花王,278.24,127.44,4340,20,2.7,2022-08-25,下架
3502,三星 手机 (黑色),电子产品,手机,三星,965.19,276.03,2596,3,3.7,2020-01-06,在售
3503,安踏 运动外套 升级版(红色),服装鞋帽,运动外套,安踏,375.43,144.14,1421,6,4.0,2021-02-27,在售
3504,花王 婴儿床 Pro,母婴用品,婴儿床,花王,1043.15,731.95,1870,1,4.5,2021-04-11,在售
3505,全棉时代 婴儿湿巾 Plus,母婴用品,婴儿湿巾,全棉时代,15.39,9.08,1816,211,4.1,2020-04-11,下架
3506,雀巢 咖啡 新款,食品饮料,咖啡,雀巢,20.37,10.05,1873,125,4.1,2023-11-21,在售
3507,MAC 化妆刷 经典款(蓝色),美妆个护,化妆刷,MAC,168.4,63.72,4033,18,4.3,2020-02-10,在售
3508,京东图书 书法字帖 Plus,图书文娱,书法字帖,京东图书,15.94,6.07,3242,199,4.2,2022-01-28,下架
3509,好奇 积木玩具 Pro,母婴用品,积木玩具,好奇,159.06,53.78,2073,10,3.0,2023-10-10,在售
3510,ZARA 羽绒服 标准版(红色),服装鞋帽,羽绒服,ZARA,2298.12,1309.88,3283,8,4.5,2024-10-25,在售
3511,帮宝适 积木玩具 标准版(红色),母婴用品,积木玩具,帮宝适,94.39,61.8,4750,43,4.5,2024-11-13,在售
3512,知乎 篮球 (灰色),图书文娱,篮球,知乎,271.18,201.02,3973,18,4.0,2025-04-08,在售
3513,贝亲 儿童水杯 升级版(金色),母婴用品,儿童水杯,贝亲,95.85,33.71,2212,44,3.2,2021-09-22,缺货
3514,香奈儿 化妆刷 升级版(黑色),美妆个护,化妆刷,香奈儿,39.68,25.49,3852,94,4.5,2024-10-26,在售
3515,OPPO 移动硬盘 青春版,电子产品,移动硬盘,OPPO,419.66,156.9,2703,14,5.0,2024-08-30,在售
3516,雅诗兰黛 化妆刷 (灰色),美妆个护,化妆刷,雅诗兰黛,19.81,10.32,553,138,4.0,2021-12-09,在售
3517,罗技 音箱 标准版,电子产品,音箱,罗技,381.02,190.01,1728,7,4.5,2022-09-21,在售
3518,恰恰 饮料 限定版,食品饮料,饮料,恰恰,12.08,7.9,2692,248,4.1,2019-12-23,在售
3519,罗技 投影仪 Plus,电子产品,投影仪,罗技,1036.17,369.14,4702,7,4.9,2019-03-13,在售
3520,爱他美 儿童牙刷 旗舰版,母婴用品,儿童牙刷,爱他美,17.24,7.68,248,146,4.0,2022-12-29,在售
3521,雅诗兰黛 身体乳 升级版(黑色),美妆个护,身体乳,雅诗兰黛,177.62,80.75,3999,15,5.0,2022-12-28,在售
3522,倩碧 洗发水 Pro(黑色),美妆个护,洗发水,倩碧,227.5,159.91,115,10,3.9,2021-06-28,在售
3523,索尼 键盘 标准版(红色),电子产品,键盘,索尼,42.69,30.9,381,74,3.2,2025-04-21,在售
3524,无印良品 厨房刀具 青春版,家居生活,厨房刀具,无印良品,316.76,188.28,2564,19,4.0,2021-02-16,在售
3525,启赋 婴儿床 经典款,母婴用品,婴儿床,启赋,2846.3,2014.2,3554,0,3.8,2020-12-09,在售
3526,UR 西装,服装鞋帽,西装,UR,287.12,157.11,607,14,3.0,2019-07-01,在售
3527,中信出版 历史书籍 升级版,图书文娱,历史书籍,中信出版,18.24,9.88,1302,161,3.8,2023-11-07,在售
3528,樊登读书 漫画 限定版,图书文娱,漫画,樊登读书,43.48,16.85,2277,85,4.0,2022-07-14,在售
3529,网易严选 沙发 新款(蓝色),家居生活,沙发,网易严选,5000.18,2976.37,3583,5,4.0,2019-08-13,下架
3530,知乎 书法字帖 青春版(蓝色),图书文娱,书法字帖,知乎,56.07,18.18,3433,66,3.1,2022-01-21,在售
3531,雀巢 糖果 升级版,食品饮料,糖果,雀巢,64.88,16.63,2439,52,4.0,2024-11-15,在售
3532,百草味 咖啡 限定版(红色),食品饮料,咖啡,百草味,36.55,21.84,1349,109,4.1,2021-01-18,在售
3533,雪花秀 面霜 标准版,美妆个护,面霜,雪花秀,829.78,541.57,4826,6,5.0,2021-07-25,在售
3534,电子工业 儿童绘本 Plus,图书文娱,儿童绘本,电子工业,14.77,4.7,239,200,3.7,2025-06-16,在售
3535,海澜之家 内衣 Pro(灰色),服装鞋帽,内衣,海澜之家,37.72,21.2,2908,67,4.0,2024-09-26,在售
3536,飞鹤 早教机 限定版,母婴用品,早教机,飞鹤,726.94,314.78,1829,4,2.0,2024-01-14,在售
3537,戴森 地毯 限定版,家居生活,地毯,戴森,387.28,213.57,2987,11,5.0,2023-05-13,缺货
3538,H&M 女装连衣裙 Plus,服装鞋帽,女装连衣裙,H&M,170.73,57.32,4485,10,4.9,2025-03-10,在售
3539,自然堂 化妆刷 Plus,美妆个护,化妆刷,自然堂,156.26,46.06,2306,22,4.0,2020-08-06,在售
3540,安踏 羽绒服 新款,服装鞋帽,羽绒服,安踏,183.67,60.0,4330,28,2.5,2019-11-05,在售
3541,张裕 方便面 (黑色),食品饮料,方便面,张裕,7.75,3.52,1519,334,3.8,2020-08-09,在售
3542,雷蛇 笔记本电脑 新款(红色),电子产品,笔记本电脑,雷蛇,10288.13,6790.66,2241,1,4.8,2020-05-15,下架
3543,五粮液 调味料,食品饮料,调味料,五粮液,6.06,2.81,3837,460,3.6,2019-03-19,缺货
3544,SK-II 口红 Pro,美妆个护,口红,SK-II,387.31,166.85,130,5,3.9,2023-05-24,在售
3545,香奈儿 化妆刷 旗舰版,美妆个护,化妆刷,香奈儿,39.07,26.35,3839,66,4.4,2020-05-26,在售
3546,爱他美 摇铃 标准版,母婴用品,摇铃,爱他美,86.33,37.94,577,52,3.5,2024-09-28,在售
3547,vivo 移动硬盘 新款,电子产品,移动硬盘,vivo,366.66,95.74,196,19,3.0,2023-04-11,在售
3548,当当 钢笔 标准版(粉色),图书文娱,钢笔,当当,671.63,485.43,187,10,5.0,2023-04-29,在售
3549,小米 打印机 旗舰版(白色),电子产品,打印机,小米,273.66,182.12,483,17,2.0,2021-03-23,在售
3550,爱仕达 地毯 青春版(金色),家居生活,地毯,爱仕达,162.83,43.58,610,23,5.0,2021-05-15,在售
3551,恰恰 薯片 升级版,食品饮料,薯片,恰恰,7.66,4.87,3355,337,3.9,2022-10-27,在售
3552,花王 奶瓶,母婴用品,奶瓶,花王,101.32,74.29,129,45,4.4,2023-03-04,在售
3553,华为 VR设备 青春版,电子产品,VR设备,华为,510.99,175.67,2775,11,4.0,2021-01-06,缺货
3554,英氏 奶瓶 升级版(蓝色),母婴用品,奶瓶,英氏,78.11,43.56,527,29,3.0,2023-06-19,下架
3555,农夫山泉 保健品 青春版,食品饮料,保健品,农夫山泉,92.91,55.48,1112,34,3.0,2021-11-07,在售
3556,中信出版 钢笔 Pro(灰色),图书文娱,钢笔,中信出版,73.28,25.93,4886,47,3.8,2019-09-25,在售
3557,膳魔师 晾衣架 新款(白色),家居生活,晾衣架,膳魔师,13.04,5.62,4454,184,3.9,2023-01-17,在售
3558,BOSE 显示器 标准版(金色),电子产品,显示器,BOSE,4359.09,1609.72,2338,7,3.0,2019-09-12,在售
3559,恰恰 食用油 新款,食品饮料,食用油,恰恰,63.77,39.97,1240,46,3.5,2023-12-23,在售
3560,伊利 蛋白粉 限定版,食品饮料,蛋白粉,伊利,181.08,91.85,3708,26,3.7,2019-06-18,在售
3561,百草味 燕窝 青春版,食品饮料,燕窝,百草味,413.43,191.09,4468,7,4.8,2024-04-11,缺货
3562,费列罗 饮料 Pro,食品饮料,饮料,费列罗,3.04,1.61,486,833,3.8,2021-05-13,在售
3563,阿迪达斯 太阳镜 升级版(银色),服装鞋帽,太阳镜,阿迪达斯,95.17,70.57,405,39,3.0,2023-02-03,在售
3564,伊利 方便面 Plus(蓝色),食品饮料,方便面,伊利,45.78,18.16,3657,56,4.2,2023-07-13,在售
3565,罗技 移动硬盘 Pro(银色),电子产品,移动硬盘,罗技,437.1,112.98,2462,6,2.5,2020-01-04,在售
3566,玉兰油 洗面奶 限定版(金色),美妆个护,洗面奶,玉兰油,51.81,29.35,2041,71,4.2,2024-12-20,在售
3567,美的 电饭煲 Pro,家居生活,电饭煲,美的,146.89,41.27,2099,20,5.0,2024-07-06,在售
3568,三只松鼠 肉干 经典款(银色),食品饮料,肉干,三只松鼠,146.57,93.18,4373,26,3.7,2025-02-21,在售
3569,花西子 口红 新款,美妆个护,口红,花西子,17.55,12.35,2717,143,3.8,2022-06-29,缺货
3570,资生堂 防晒霜 经典款,美妆个护,防晒霜,资生堂,246.84,160.17,726,27,3.4,2024-09-25,在售
3571,资生堂 指甲油 新款,美妆个护,指甲油,资生堂,12.07,7.2,2134,264,3.7,2022-11-14,缺货
3572,子初 纸尿裤 旗舰版(银色),母婴用品,纸尿裤,子初,91.81,60.92,4089,44,3.9,2023-06-14,下架
3573,索尼 内存卡 青春版,电子产品,内存卡,索尼,122.51,63.86,29,15,4.3,2021-07-13,在售
3574,罗技 VR设备 升级版,电子产品,VR设备,罗技,557.97,269.22,338,15,4.0,2021-08-22,在售
3575,老板电器 微波炉 升级版,家居生活,微波炉,老板电器,755.66,420.89,95,7,3.2,2019-05-27,在售
3576,茅台 蜂蜜,食品饮料,蜂蜜,茅台,33.45,21.09,2458,109,4.2,2022-10-15,在售
3577,樊登读书 英语教材 限定版(金色),图书文娱,英语教材,樊登读书,36.25,18.1,921,95,3.5,2024-03-31,在售
3578,雀巢 咖啡 经典款,食品饮料,咖啡,雀巢,19.59,12.74,4241,180,3.8,2023-09-20,在售
3579,费列罗 巧克力,食品饮料,巧克力,费列罗,39.62,28.29,4187,74,4.1,2023-11-08,在售
3580,安踏 西装 旗舰版(黑色),服装鞋帽,西装,安踏,524.14,355.53,1866,16,4.7,2023-02-17,在售
3581,欧莱雅 面膜 (黑色),美妆个护,面膜,欧莱雅,25.08,13.05,685,124,4.0,2023-09-24,在售
3582,星巴克 红酒 (粉色),食品饮料,红酒,星巴克,83.75,60.22,1564,21,4.2,2023-06-10,在售
3583,英氏 婴儿奶粉 限定版,母婴用品,婴儿奶粉,英氏,206.61,108.3,3825,26,5.0,2020-05-16,缺货
3584,农夫山泉 巧克力 旗舰版,食品饮料,巧克力,农夫山泉,42.72,11.62,2702,69,3.1,2025-03-04,在售
3585,当当 英语教材 限定版,图书文娱,英语教材,当当,133.25,75.46,275,31,3.7,2024-02-28,在售
3586,英氏 婴儿沐浴露 青春版(银色),母婴用品,婴儿沐浴露,英氏,104.46,55.45,2257,31,3.5,2019-12-01,在售
3587,欧莱雅 卸妆水 经典款,美妆个护,卸妆水,欧莱雅,25.44,16.7,1838,146,4.0,2019-10-08,在售
3588,香奈儿 化妆刷 升级版(金色),美妆个护,化妆刷,香奈儿,218.25,85.1,1323,11,4.0,2022-01-13,在售
3589,奥克斯 灯具 Plus(灰色),家居生活,灯具,奥克斯,38.35,21.05,4503,102,4.3,2022-12-21,在售
3590,香奈儿 洗面奶 经典款,美妆个护,洗面奶,香奈儿,42.39,27.98,2681,80,3.7,2019-02-24,在售
3591,新东方 考研资料 限定版,图书文娱,考研资料,新东方,229.02,161.62,242,19,4.0,2020-08-07,在售
3592,知乎 经管书籍 升级版,图书文娱,经管书籍,知乎,78.68,35.14,4970,28,3.0,2023-02-05,在售
3593,美的 抱枕 标准版(白色),家居生活,抱枕,美的,183.26,96.6,4954,25,4.2,2022-06-18,在售
3594,好奇 纸尿裤 新款,母婴用品,纸尿裤,好奇,52.73,18.41,2190,110,3.9,2021-05-04,在售
3595,苹果 相机 Plus,电子产品,相机,苹果,4172.93,3035.02,4328,5,4.4,2022-12-07,在售
3596,百草味 食用油 标准版,食品饮料,食用油,百草味,77.58,36.75,792,43,4.0,2023-06-18,下架
3597,网易严选 雨伞 经典款(黑色),家居生活,雨伞,网易严选,29.07,12.53,153,118,4.6,2022-09-30,在售
3598,匡威 汉服 旗舰版,服装鞋帽,汉服,匡威,419.16,112.31,3289,17,3.0,2020-02-23,下架
3599,OPPO 键盘 Plus(红色),电子产品,键盘,OPPO,41.63,20.57,2474,89,4.2,2022-11-09,在售
3600,好奇 儿童牙刷 经典款(灰色),母婴用品,儿童牙刷,好奇,5.02,1.77,1972,516,3.8,2022-04-12,在售
3601,李宁 羽绒服 旗舰版,服装鞋帽,羽绒服,李宁,1295.2,903.51,4820,4,4.8,2019-01-24,在售
3602,当当 笔记本 经典款,图书文娱,笔记本,当当,66.51,38.41,1713,39,3.8,2021-01-02,下架
3603,华硕 智能手表 (蓝色),电子产品,智能手表,华硕,424.21,274.12,4150,6,2.5,2021-05-06,在售
3604,启赋 纸尿裤 旗舰版(金色),母婴用品,纸尿裤,启赋,136.11,72.03,908,29,3.3,2020-02-07,在售
3605,机械工业 文具 青春版,图书文娱,文具,机械工业,2.56,1.82,1200,951,3.9,2024-08-28,缺货
3606,膳魔师 厨房刀具 Pro(黑色),家居生活,厨房刀具,膳魔师,155.74,87.33,3552,31,3.0,2020-11-03,在售
3607,鸿星尔克 休闲裤 (白色),服装鞋帽,休闲裤,鸿星尔克,211.37,136.67,2907,12,5.0,2024-10-01,下架
3608,奥克斯 床上四件套 Plus(黑色),家居生活,床上四件套,奥克斯,431.67,175.99,2314,2,5.0,2019-04-14,在售
3609,耐克 袜子 升级版,服装鞋帽,袜子,耐克,28.11,9.23,3449,153,3.9,2019-02-21,在售
3610,ZARA 汉服 青春版(金色),服装鞋帽,汉服,ZARA,167.75,113.09,2678,10,4.0,2020-01-04,下架
3611,尼康 平板电脑 经典款(灰色),电子产品,平板电脑,尼康,1175.19,333.85,2824,8,3.2,2020-09-02,在售
3612,联想 鼠标 旗舰版(蓝色),电子产品,鼠标,联想,35.57,23.48,2643,96,3.5,2022-05-28,在售
3613,森马 衬衫,服装鞋帽,衬衫,森马,438.37,149.55,315,6,4.0,2020-09-15,在售
3614,苏泊尔 洗碗机 限定版,家居生活,洗碗机,苏泊尔,3429.3,1836.52,2119,1,4.3,2022-10-12,在售
3615,电子工业 围棋 升级版,图书文娱,围棋,电子工业,23.22,16.57,3147,143,3.9,2020-08-01,在售
3616,BOSE 鼠标 新款,电子产品,鼠标,BOSE,699.77,345.62,3360,10,4.4,2021-01-23,在售
3617,百草味 食用油,食品饮料,食用油,百草味,153.2,61.45,242,25,5.0,2022-07-15,在售
3618,雀巢 坚果零食 新款,食品饮料,坚果零食,雀巢,43.28,15.18,429,87,3.4,2021-10-14,在售
3619,海尔 保温杯 青春版(红色),家居生活,保温杯,海尔,25.24,8.37,114,121,3.6,2023-12-31,在售
3620,机械工业 乐器 新款,图书文娱,乐器,机械工业,565.74,161.2,4527,13,5.0,2020-03-06,在售
3621,OPPO 充电宝 旗舰版(粉色),电子产品,充电宝,OPPO,235.79,169.18,4215,8,3.6,2024-10-23,在售
3622,太平鸟 泳衣 新款(金色),服装鞋帽,泳衣,太平鸟,116.48,64.91,247,29,3.8,2024-09-11,在售
3623,雀巢 保健品 标准版,食品饮料,保健品,雀巢,200.06,97.3,4882,23,4.2,2023-03-29,在售
3624,小米 耳机 (蓝色),电子产品,耳机,小米,1571.99,986.63,317,4,4.0,2025-03-04,在售
3625,费列罗 方便面 升级版,食品饮料,方便面,费列罗,2.75,1.51,447,923,4.0,2020-06-18,在售
3626,新东方 漫画 旗舰版,图书文娱,漫画,新东方,9.45,5.43,4416,264,3.9,2024-02-17,在售
3627,帮宝适 儿童牙刷 经典款,母婴用品,儿童牙刷,帮宝适,29.53,10.12,3338,134,4.2,2020-05-24,在售
3628,索尼 投影仪 Plus,电子产品,投影仪,索尼,9856.71,3782.49,282,2,2.7,2019-05-07,在售
3629,农夫山泉 薯片 标准版,食品饮料,薯片,农夫山泉,5.7,3.61,4580,526,3.9,2022-02-10,下架
3630,宜家 雨伞 标准版(白色),家居生活,雨伞,宜家,12.13,5.83,4133,225,4.4,2019-04-12,在售
3631,美赞臣 儿童安全座椅 升级版(黑色),母婴用品,儿童安全座椅,美赞臣,2380.42,1276.5,91,6,4.4,2022-06-05,在售
3632,耐克 睡衣 标准版,服装鞋帽,睡衣,耐克,46.94,14.68,2574,87,3.8,2021-08-31,在售
3633,老板电器 抱枕 经典款,家居生活,抱枕,老板电器,60.72,23.24,3208,64,4.0,2024-05-07,在售
3634,华硕 游戏主机 升级版(红色),电子产品,游戏主机,华硕,3094.38,1313.25,3416,2,4.6,2024-01-08,在售
3635,波司登 泳衣 Plus(金色),服装鞋帽,泳衣,波司登,86.48,32.25,242,25,4.0,2025-06-04,缺货
3636,华硕 耳机 经典款,电子产品,耳机,华硕,85.76,39.43,3775,32,2.0,2023-10-24,在售
3637,星巴克 牛奶 经典款,食品饮料,牛奶,星巴克,22.61,11.47,1825,119,3.5,2020-07-18,在售
3638,九阳 雨伞 经典款(粉色),家居生活,雨伞,九阳,15.7,8.19,3647,183,4.2,2023-01-19,缺货
3639,九阳 洗碗机 限定版(蓝色),家居生活,洗碗机,九阳,5782.37,2742.45,4939,2,4.1,2019-07-13,在售
3640,中信出版 历史书籍 青春版(红色),图书文娱,历史书籍,中信出版,24.04,13.93,2759,137,3.7,2023-02-02,在售
3641,鸿星尔克 泳衣 经典款,服装鞋帽,泳衣,鸿星尔克,55.17,14.67,1089,68,3.2,2021-03-02,在售
3642,三只松鼠 坚果零食 旗舰版,食品饮料,坚果零食,三只松鼠,125.94,60.95,3590,19,4.2,2021-12-29,在售
3643,老板电器 抱枕 Plus,家居生活,抱枕,老板电器,64.01,18.09,1074,50,3.2,2024-04-08,在售
3644,小米 路由器 Pro(灰色),电子产品,路由器,小米,617.77,382.58,2131,5,5.0,2023-02-10,在售
3645,百雀羚 精华液 升级版(红色),美妆个护,精华液,百雀羚,135.06,38.22,2230,31,4.0,2024-05-03,在售
3646,机械工业 健身器材 青春版,图书文娱,健身器材,机械工业,22.32,6.54,1797,150,2.9,2022-06-01,在售
3647,恰恰 果冻 旗舰版,食品饮料,果冻,恰恰,3.72,1.95,4598,780,3.7,2023-07-25,在售
3648,帮宝适 儿童水杯,母婴用品,儿童水杯,帮宝适,97.14,37.95,2566,49,3.2,2020-09-23,下架
3649,佳能 路由器 旗舰版,电子产品,路由器,佳能,50.64,37.8,4033,55,3.7,2023-06-30,在售
3650,当当 乐器 Pro,图书文娱,乐器,当当,1198.22,326.8,2384,3,4.2,2022-05-08,在售
3651,优衣库 汉服 (金色),服装鞋帽,汉服,优衣库,186.43,64.94,3225,28,3.7,2024-05-20,在售
3652,可优比 早教机,母婴用品,早教机,可优比,261.51,176.75,4213,24,3.8,2025-02-26,下架
3653,无印良品 床上四件套 旗舰版,家居生活,床上四件套,无印良品,136.8,90.82,4446,21,3.4,2019-07-23,在售
3654,伊利 果冻 Pro(蓝色),食品饮料,果冻,伊利,3.55,2.28,4726,738,3.7,2020-08-10,下架
3655,德芙 食用油 Plus(粉色),食品饮料,食用油,德芙,148.84,109.1,3377,23,4.0,2022-08-25,下架
3656,无印良品 床上四件套 青春版(银色),家居生活,床上四件套,无印良品,1105.52,681.69,209,8,3.6,2024-09-24,在售
3657,樊登读书 书法字帖 限定版,图书文娱,书法字帖,樊登读书,21.52,14.14,4219,159,3.3,2019-07-02,在售
3658,樊登读书 考研资料 旗舰版,图书文娱,考研资料,樊登读书,142.9,44.25,202,37,4.0,2019-05-26,下架
3659,膳魔师 雨伞 Plus,家居生活,雨伞,膳魔师,115.52,63.81,132,38,4.3,2019-09-30,在售
3660,阿迪达斯 睡衣 新款(银色),服装鞋帽,睡衣,阿迪达斯,157.25,93.81,4310,22,4.0,2020-11-07,在售
3661,电子工业 围棋 旗舰版,图书文娱,围棋,电子工业,236.56,131.1,3839,13,3.9,2023-03-15,在售
3662,兰蔻 面霜 Plus,美妆个护,面霜,兰蔻,136.51,76.44,339,31,4.3,2019-08-12,缺货
3663,机械工业 拼图 旗舰版(白色),图书文娱,拼图,机械工业,13.28,3.4,3306,237,4.2,2024-03-22,缺货
3664,海澜之家 袜子 Plus,服装鞋帽,袜子,海澜之家,5.14,3.67,65,459,3.8,2022-08-25,在售
3665,OPPO 笔记本电脑 限定版,电子产品,笔记本电脑,OPPO,4681.29,2104.59,1636,0,3.2,2022-04-08,在售
3666,UR 西装 限定版,服装鞋帽,西装,UR,465.66,152.78,1801,21,3.7,2020-04-28,在售
3667,百雀羚 眉笔 经典款,美妆个护,眉笔,百雀羚,32.19,12.53,4511,91,3.7,2020-12-28,在售
3668,人民文学 历史书籍 限定版,图书文娱,历史书籍,人民文学,115.08,30.37,4273,37,4.6,2019-12-12,在售
3669,资生堂 洗发水 Pro,美妆个护,洗发水,资生堂,101.86,54.68,4932,44,4.0,2022-09-19,在售
3670,阿迪达斯 内衣,服装鞋帽,内衣,阿迪达斯,52.96,24.59,1465,69,4.0,2024-06-01,在售
3671,babycare 儿童安全座椅 标准版(白色),母婴用品,儿童安全座椅,babycare,1103.65,279.95,2627,3,3.7,2021-06-22,在售
3672,华硕 显示器 新款(灰色),电子产品,显示器,华硕,585.75,338.14,3388,24,3.0,2020-03-12,在售
3673,宜家 抱枕 新款,家居生活,抱枕,宜家,70.6,43.69,3695,36,5.0,2019-08-17,缺货
3674,电子工业 篮球 新款,图书文娱,篮球,电子工业,49.98,22.57,474,62,3.8,2022-01-03,在售
3675,伊利 食用油 青春版,食品饮料,食用油,伊利,81.09,25.64,2359,27,4.0,2022-12-11,在售
3676,三只松鼠 牛奶 青春版,食品饮料,牛奶,三只松鼠,79.63,45.01,3745,53,3.3,2019-12-03,在售
3677,老板电器 地毯 (粉色),家居生活,地毯,老板电器,190.38,125.07,2275,14,3.0,2024-01-27,在售
3678,波司登 帽子 Plus(灰色),服装鞋帽,帽子,波司登,142.71,75.05,1827,25,4.7,2023-10-29,在售
3679,启赋 婴儿床 限定版(金色),母婴用品,婴儿床,启赋,2836.74,757.28,2000,2,5.0,2022-04-29,在售
3680,蒙牛 调味料 新款,食品饮料,调味料,蒙牛,33.83,9.09,779,94,4.0,2024-07-14,在售
3681,H&M 帽子 Pro(白色),服装鞋帽,帽子,H&M,90.28,31.04,2443,41,4.5,2023-09-26,在售
3682,当当 编程书籍 标准版(红色),图书文娱,编程书籍,当当,42.44,27.92,2119,68,3.9,2023-02-12,在售
3683,尼康 笔记本电脑 经典款,电子产品,笔记本电脑,尼康,9015.62,5774.17,3529,0,5.0,2020-09-17,在售
3684,雷蛇 内存卡 Pro,电子产品,内存卡,雷蛇,21.65,12.56,1085,124,3.1,2020-10-14,在售
3685,特步 围巾 Plus(白色),服装鞋帽,围巾,特步,112.07,75.49,1471,42,4.4,2019-10-11,在售
3686,爱仕达 电风扇 旗舰版,家居生活,电风扇,爱仕达,634.83,313.09,1010,10,4.5,2021-08-13,在售
3687,机械工业 考研资料 升级版(黑色),图书文娱,考研资料,机械工业,47.18,23.81,2563,54,4.1,2024-03-27,在售
3688,森马 牛仔裤 升级版(金色),服装鞋帽,牛仔裤,森马,622.53,244.63,4953,5,5.0,2020-05-11,在售
3689,德芙 燕窝 标准版,食品饮料,燕窝,德芙,352.24,106.98,2511,8,5.0,2019-06-01,下架
3690,恰恰 食用油 Pro(白色),食品饮料,食用油,恰恰,114.37,77.68,4844,18,4.5,2021-04-15,在售
3691,樊登读书 经管书籍 限定版(金色),图书文娱,经管书籍,樊登读书,43.55,13.43,2920,78,3.6,2019-04-06,在售
3692,伊利 果冻 Pro(粉色),食品饮料,果冻,伊利,25.72,13.63,2969,112,4.3,2024-01-11,在售
3693,无印良品 保温杯 标准版,家居生活,保温杯,无印良品,21.38,12.78,4063,126,3.9,2023-04-11,下架
3694,资生堂 美容仪 标准版,美妆个护,美容仪,资生堂,2394.26,804.92,1381,1,3.9,2022-12-21,在售
3695,华为 数据线 升级版,电子产品,数据线,华为,10.39,6.69,3421,268,3.8,2019-03-21,在售
3696,得到 心理学 经典款,图书文娱,心理学,得到,56.64,40.71,2789,57,3.1,2019-01-01,在售
3697,九阳 餐桌 经典款(银色),家居生活,餐桌,九阳,599.62,334.32,3043,18,3.0,2021-04-28,缺货
3698,自然堂 美容仪 限定版,美妆个护,美容仪,自然堂,332.7,200.01,1690,17,2.7,2022-05-31,在售
3699,华为 路由器 (白色),电子产品,路由器,华为,508.71,200.88,4839,0,3.5,2021-08-13,在售
3700,九阳 加湿器 青春版,家居生活,加湿器,九阳,70.72,50.21,2528,55,3.8,2020-02-04,下架
3701,奥克斯 窗帘 限定版(银色),家居生活,窗帘,奥克斯,155.72,92.79,3488,17,4.0,2020-11-05,下架
3702,方太 电饭煲 标准版(红色),家居生活,电饭煲,方太,278.46,136.5,3922,16,4.2,2020-09-18,下架
3703,人民文学 篮球 旗舰版(蓝色),图书文娱,篮球,人民文学,44.53,18.01,2640,61,4.4,2019-02-26,在售
3704,老板电器 洗碗机 经典款(银色),家居生活,洗碗机,老板电器,1438.7,978.62,2080,4,4.9,2020-08-19,在售
3705,恰恰 牛奶 Pro(金色),食品饮料,牛奶,恰恰,20.12,9.54,1575,155,3.3,2019-09-26,在售
3706,恰恰 食用油 新款(蓝色),食品饮料,食用油,恰恰,25.28,16.64,1273,102,4.4,2020-12-11,下架
3707,膳魔师 床上四件套 限定版,家居生活,床上四件套,膳魔师,529.47,380.8,558,6,3.3,2022-08-16,在售
3708,伊利 巧克力 限定版(黑色),食品饮料,巧克力,伊利,21.54,15.26,2141,106,3.9,2020-06-24,在售
3709,花西子 沐浴露 (粉色),美妆个护,沐浴露,花西子,20.4,9.68,2732,127,3.9,2020-12-02,在售
3710,鸿星尔克 运动外套 升级版,服装鞋帽,运动外套,鸿星尔克,509.61,262.6,2330,10,1.9,2023-06-06,在售
3711,ZARA 袜子 标准版,服装鞋帽,袜子,ZARA,9.34,6.62,197,289,3.9,2024-02-20,在售
3712,索尼 路由器 旗舰版,电子产品,路由器,索尼,57.76,18.03,438,66,3.3,2024-07-20,在售
3713,电子工业 考研资料 升级版(白色),图书文娱,考研资料,电子工业,34.13,20.67,4995,94,3.9,2023-11-24,在售
3714,德芙 咖啡 新款,食品饮料,咖啡,德芙,344.28,87.08,1649,15,4.8,2025-01-17,在售
3715,海澜之家 牛仔裤,服装鞋帽,牛仔裤,海澜之家,97.49,33.41,3793,35,2.7,2021-02-16,在售
3716,来伊份 巧克力 经典款(灰色),食品饮料,巧克力,来伊份,56.88,21.07,3440,50,4.0,2023-06-29,下架
3717,电子工业 健身器材 旗舰版(红色),图书文娱,健身器材,电子工业,145.62,82.68,1871,21,2.8,2024-12-14,在售
3718,樊登读书 篮球 限定版,图书文娱,篮球,樊登读书,536.32,159.09,4517,7,4.0,2020-06-16,在售
3719,花王 婴儿推车 经典款,母婴用品,婴儿推车,花王,647.65,480.94,4695,21,5.0,2019-10-13,在售
3720,华为 键盘 Plus,电子产品,键盘,华为,132.66,78.43,3071,23,4.0,2022-11-21,在售
3721,李宁 袜子 限定版(红色),服装鞋帽,袜子,李宁,40.24,15.19,185,70,3.9,2023-03-21,在售
3722,农夫山泉 巧克力 经典款,食品饮料,巧克力,农夫山泉,166.48,107.38,3712,19,3.8,2021-08-03,在售
3723,德芙 燕窝 标准版,食品饮料,燕窝,德芙,545.98,302.3,2493,10,3.5,2023-07-28,在售
3724,鸿星尔克 睡衣 经典款,服装鞋帽,睡衣,鸿星尔克,264.73,97.54,2426,28,2.0,2025-01-21,下架
3725,电子工业 文具 限定版,图书文娱,文具,电子工业,6.29,3.76,3355,394,3.8,2022-09-17,在售
3726,爱他美 爬行垫 升级版(银色),母婴用品,爬行垫,爱他美,92.67,56.17,1875,37,3.9,2022-08-30,在售
3727,小米 智能家居设备 标准版(金色),电子产品,智能家居设备,小米,661.25,259.08,1871,5,3.0,2021-08-11,在售
3728,花王 婴儿背带 标准版(黑色),母婴用品,婴儿背带,花王,76.79,39.93,3790,33,4.8,2023-12-10,在售
3729,雪花秀 指甲油 Plus(黑色),美妆个护,指甲油,雪花秀,166.16,123.05,527,26,3.0,2023-01-31,下架
3730,人民文学 小说 新款,图书文娱,小说,人民文学,12.38,6.08,126,240,3.9,2024-11-11,在售
3731,好孩子 婴儿背带 限定版,母婴用品,婴儿背带,好孩子,277.68,151.42,3992,16,2.5,2024-04-20,在售
3732,SK-II 定妆喷雾 标准版,美妆个护,定妆喷雾,SK-II,107.85,28.24,3620,40,3.9,2021-09-07,在售
3733,茅台 保健品 青春版(白色),食品饮料,保健品,茅台,123.89,88.74,2204,25,1.0,2023-08-27,在售
3734,戴尔 智能家居设备 升级版,电子产品,智能家居设备,戴尔,184.3,72.53,164,18,4.0,2024-02-26,在售
3735,苹果 耳机 新款(蓝色),电子产品,耳机,苹果,528.75,321.06,2366,6,5.0,2024-02-13,在售
3736,当当 瑜伽垫 Pro,图书文娱,瑜伽垫,当当,98.01,33.2,2554,34,3.6,2021-04-30,缺货
3737,樊登读书 文具 Plus,图书文娱,文具,樊登读书,1.2,0.59,2063,1992,3.8,2022-02-23,缺货
3738,罗技 内存卡 Pro,电子产品,内存卡,罗技,31.3,10.81,147,120,3.8,2019-04-23,缺货
3739,小米 打印机 升级版,电子产品,打印机,小米,1769.88,661.23,685,2,4.0,2022-11-26,在售
3740,尼康 笔记本电脑 Pro,电子产品,笔记本电脑,尼康,11411.35,7466.46,2769,0,4.6,2021-01-06,在售
3741,三星 路由器 青春版,电子产品,路由器,三星,110.03,43.29,2772,30,5.0,2019-07-20,在售
3742,格力 窗帘,家居生活,窗帘,格力,764.11,197.14,298,7,3.9,2023-06-04,在售
3743,百雀羚 洗发水 Plus,美妆个护,洗发水,百雀羚,65.26,37.43,1970,48,4.5,2021-09-06,在售
3744,爱他美 儿童水杯 新款(黑色),母婴用品,儿童水杯,爱他美,39.57,17.87,3575,89,3.9,2021-05-04,下架
3745,SK-II 香水 标准版(蓝色),美妆个护,香水,SK-II,322.73,171.62,1224,23,2.0,2020-07-03,在售
3746,雀巢 进口饼干 青春版(黑色),食品饮料,进口饼干,雀巢,43.41,23.48,3784,86,3.5,2021-01-22,在售
3747,森马 袜子 (金色),服装鞋帽,袜子,森马,40.17,23.86,1639,64,3.4,2019-02-19,在售
3748,戴森 厨房刀具 (红色),家居生活,厨房刀具,戴森,400.5,199.06,1836,6,4.3,2022-04-19,在售
3749,倩碧 身体乳,美妆个护,身体乳,倩碧,169.66,103.39,3558,21,4.2,2023-03-03,缺货
3750,H&M 袜子 经典款(白色),服装鞋帽,袜子,H&M,15.02,5.6,112,190,3.8,2019-11-11,在售
3751,农夫山泉 薯片 Plus,食品饮料,薯片,农夫山泉,13.14,6.79,3166,223,3.5,2021-04-02,在售
3752,方太 收纳箱,家居生活,收纳箱,方太,32.63,23.9,268,95,3.9,2023-08-15,在售
3753,机械工业 瑜伽垫,图书文娱,瑜伽垫,机械工业,31.61,18.5,1266,95,4.2,2020-10-11,在售
3754,尼康 投影仪 Pro,电子产品,投影仪,尼康,6422.68,4321.51,4340,0,3.2,2019-02-27,在售
3755,小米 投影仪 标准版(灰色),电子产品,投影仪,小米,7748.17,2806.05,224,0,3.7,2022-07-08,在售
3756,五粮液 薯片,食品饮料,薯片,五粮液,18.69,7.34,122,208,3.5,2019-05-27,在售
3757,资生堂 防晒霜 升级版,美妆个护,防晒霜,资生堂,58.2,17.55,2160,28,3.9,2023-06-05,下架
3758,知乎 科幻小说 经典款,图书文娱,科幻小说,知乎,77.54,24.09,107,43,1.0,2024-06-07,在售
3759,安踏 男装T恤 青春版(黑色),服装鞋帽,男装T恤,安踏,48.98,32.17,199,91,4.0,2022-10-27,在售
3760,好孩子 儿童水杯 标准版(白色),母婴用品,儿童水杯,好孩子,35.02,18.65,3246,81,3.6,2020-08-30,在售
3761,鸿星尔克 高跟鞋 标准版(金色),服装鞋帽,高跟鞋,鸿星尔克,495.79,196.92,1319,12,4.9,2022-02-13,在售
3762,雅诗兰黛 眼影盘 升级版,美妆个护,眼影盘,雅诗兰黛,84.84,39.07,2690,21,5.0,2020-02-27,在售
3763,小米 耳机 旗舰版,电子产品,耳机,小米,44.39,27.77,409,71,3.7,2021-05-19,缺货
3764,张裕 方便面 (粉色),食品饮料,方便面,张裕,25.34,7.18,2250,115,3.0,2019-01-01,在售
3765,H&M 男装T恤 (白色),服装鞋帽,男装T恤,H&M,109.96,63.68,1839,25,4.5,2019-04-18,下架
3766,MAC 面霜 标准版(黑色),美妆个护,面霜,MAC,115.66,45.07,121,33,5.0,2020-11-24,在售
3767,H&M 衬衫 标准版,服装鞋帽,衬衫,H&M,118.06,58.27,244,32,2.5,2023-08-21,在售
3768,雅诗兰黛 精华液 新款(黑色),美妆个护,精华液,雅诗兰黛,1113.2,440.33,3319,1,2.6,2021-09-20,在售
3769,无印良品 保温杯 青春版,家居生活,保温杯,无印良品,31.31,22.07,4499,103,2.8,2021-09-02,在售
3770,波司登 休闲裤 (黑色),服装鞋帽,休闲裤,波司登,442.3,150.83,1842,6,5.0,2022-01-09,在售
3771,可优比 婴儿沐浴露 Pro,母婴用品,婴儿沐浴露,可优比,66.68,40.4,123,43,3.6,2022-11-18,在售
3772,中信出版 钢笔 升级版(白色),图书文娱,钢笔,中信出版,185.79,107.85,3297,8,4.8,2024-11-11,在售
3773,五粮液 蛋白粉 青春版(粉色),食品饮料,蛋白粉,五粮液,134.31,96.27,1735,22,5.0,2020-06-21,下架
3774,樊登读书 漫画 限定版(红色),图书文娱,漫画,樊登读书,36.34,18.7,2217,74,4.4,2024-06-13,在售
3775,得到 心理学 升级版(粉色),图书文娱,心理学,得到,141.49,80.12,4729,18,1.8,2020-03-28,在售
3776,太平鸟 西装 Pro,服装鞋帽,西装,太平鸟,699.62,216.37,4047,5,2.0,2019-01-21,在售
3777,三只松鼠 牛奶 新款(白色),食品饮料,牛奶,三只松鼠,10.13,4.38,3298,276,3.6,2022-08-28,在售
3778,欧莱雅 精华液 升级版(黑色),美妆个护,精华液,欧莱雅,477.54,285.44,123,13,5.0,2019-09-21,在售
3779,全棉时代 摇铃 升级版,母婴用品,摇铃,全棉时代,37.37,14.31,4315,77,4.0,2020-10-30,在售
3780,鸿星尔克 帽子 青春版(银色),服装鞋帽,帽子,鸿星尔克,174.98,74.1,4798,18,4.2,2019-06-09,缺货
3781,惠氏 儿童安全座椅 限定版(金色),母婴用品,儿童安全座椅,惠氏,1058.32,701.54,4924,1,3.9,2020-03-23,在售
3782,恰恰 巧克力 限定版,食品饮料,巧克力,恰恰,75.12,26.27,3561,41,4.0,2021-09-10,在售
3783,匡威 羽绒服 Plus(白色),服装鞋帽,羽绒服,匡威,312.59,83.2,4941,11,5.0,2022-12-22,在售
3784,H&M 羽绒服 (白色),服装鞋帽,羽绒服,H&M,1508.84,1042.56,2948,0,4.3,2024-06-09,在售
3785,老板电器 保温杯 Plus(白色),家居生活,保温杯,老板电器,93.68,32.46,130,51,4.7,2024-01-22,在售
3786,SK-II 眼影盘,美妆个护,眼影盘,SK-II,90.33,48.17,3094,51,4.4,2023-08-02,缺货
3787,英氏 早教机 Plus,母婴用品,早教机,英氏,57.36,37.68,4901,52,4.2,2023-06-16,在售
3788,香奈儿 洗面奶,美妆个护,洗面奶,香奈儿,176.63,95.1,3511,27,3.7,2020-11-07,在售
3789,九阳 窗帘 限定版,家居生活,窗帘,九阳,62.8,22.0,2309,45,2.0,2019-01-06,在售
3790,安踏 太阳镜 升级版,服装鞋帽,太阳镜,安踏,32.13,16.08,3397,76,4.8,2023-08-23,在售
3791,茅台 食用油 Pro,食品饮料,食用油,茅台,53.66,29.82,1703,66,4.4,2019-12-22,在售
3792,新东方 编程书籍 标准版(红色),图书文娱,编程书籍,新东方,67.57,47.58,1058,42,4.7,2020-02-07,在售
3793,OPPO 打印机 限定版(蓝色),电子产品,打印机,OPPO,454.92,207.77,4492,9,5.0,2022-10-18,下架
3794,德芙 蜂蜜 限定版,食品饮料,蜂蜜,德芙,30.0,17.09,4045,120,3.4,2023-06-13,在售
3795,vivo 相机 升级版(红色),电子产品,相机,vivo,15195.71,5182.18,3394,2,4.8,2019-03-01,在售
3796,鸿星尔克 西装 Pro,服装鞋帽,西装,鸿星尔克,1433.39,836.7,2627,3,4.1,2025-01-24,下架
3797,格力 洗碗机 新款,家居生活,洗碗机,格力,1531.61,1048.38,866,5,5.0,2020-07-31,缺货
3798,费列罗 糖果 Plus,食品饮料,糖果,费列罗,30.98,16.1,3446,85,4.0,2023-08-13,下架
3799,资生堂 身体乳 新款(灰色),美妆个护,身体乳,资生堂,90.11,46.62,244,49,3.6,2024-03-16,缺货
3800,爱他美 纸尿裤 经典款(灰色),母婴用品,纸尿裤,爱他美,81.64,39.42,2561,50,3.0,2021-11-22,在售
3801,电子工业 健身器材 升级版(黑色),图书文娱,健身器材,电子工业,269.45,124.13,1068,9,4.0,2022-07-23,在售
3802,海澜之家 女装连衣裙,服装鞋帽,女装连衣裙,海澜之家,62.94,25.81,1085,53,3.7,2022-12-18,在售
3803,百草味 燕窝 标准版,食品饮料,燕窝,百草味,479.61,153.89,933,8,2.0,2021-10-13,在售
3804,知乎 钢笔 Plus,图书文娱,钢笔,知乎,24.84,9.67,3630,136,3.4,2022-03-09,在售
3805,美赞臣 辅食机,母婴用品,辅食机,美赞臣,346.48,242.32,2747,7,4.6,2021-12-08,在售
3806,联想 显示器 青春版(银色),电子产品,显示器,联想,620.01,242.51,427,5,4.3,2023-08-25,缺货
3807,机械工业 乐器 标准版,图书文娱,乐器,机械工业,919.97,247.42,1099,7,3.6,2021-05-16,在售
3808,飞鹤 童装 限定版(银色),母婴用品,童装,飞鹤,29.46,14.38,996,94,4.0,2022-10-14,缺货
3809,太平鸟 女装连衣裙 标准版,服装鞋帽,女装连衣裙,太平鸟,120.84,44.59,4907,21,4.0,2021-08-06,缺货
3810,机械工业 小说 经典款(白色),图书文娱,小说,机械工业,36.69,17.88,75,61,3.7,2019-03-07,在售
3811,可优比 儿童水杯 标准版(红色),母婴用品,儿童水杯,可优比,79.6,21.68,1312,26,2.8,2022-07-31,在售
3812,太平鸟 女装连衣裙 新款,服装鞋帽,女装连衣裙,太平鸟,345.16,116.92,1249,14,3.0,2020-04-11,在售
3813,MAC 定妆喷雾 标准版,美妆个护,定妆喷雾,MAC,150.88,58.38,3295,15,4.0,2023-09-16,下架
3814,五粮液 调味料 限定版,食品饮料,调味料,五粮液,13.45,3.73,1882,204,3.7,2024-08-20,在售
3815,戴尔 充电宝 经典款(蓝色),电子产品,充电宝,戴尔,36.35,22.92,4455,67,3.9,2019-06-20,在售
3816,雷蛇 鼠标 限定版,电子产品,鼠标,雷蛇,83.46,55.82,3051,47,3.5,2021-02-02,在售
3817,华硕 打印机 新款(银色),电子产品,打印机,华硕,722.91,509.39,1577,4,3.2,2019-06-25,在售
3818,英氏 婴儿湿巾 升级版,母婴用品,婴儿湿巾,英氏,22.91,10.23,3826,154,3.9,2023-09-18,在售
3819,迪奥 美容仪 Plus(黑色),美妆个护,美容仪,迪奥,672.38,387.14,203,7,3.7,2021-09-24,在售
3820,英氏 温奶器 Plus,母婴用品,温奶器,英氏,51.37,27.07,4035,55,3.8,2024-02-23,下架
3821,得到 健身器材 青春版(蓝色),图书文娱,健身器材,得到,37.1,16.54,2488,81,3.8,2020-10-03,在售
3822,得到 瑜伽垫 标准版,图书文娱,瑜伽垫,得到,49.11,16.53,4131,69,4.1,2023-07-29,在售
3823,尼康 投影仪,电子产品,投影仪,尼康,2214.02,720.68,4730,2,4.5,2025-04-10,在售
3824,优衣库 衬衫 标准版,服装鞋帽,衬衫,优衣库,260.7,138.45,1719,9,4.0,2019-02-02,缺货
3825,英氏 摇铃 青春版,母婴用品,摇铃,英氏,54.12,14.09,4467,35,3.8,2023-11-21,在售
3826,自然堂 面膜,美妆个护,面膜,自然堂,51.13,14.7,2562,75,4.5,2025-06-29,在售
3827,小米 耳机 青春版,电子产品,耳机,小米,35.53,14.86,2417,75,4.2,2020-03-23,在售
3828,惠氏 儿童安全座椅 升级版,母婴用品,儿童安全座椅,惠氏,705.54,250.07,3511,5,4.8,2021-04-06,在售
3829,苹果 路由器 限定版(白色),电子产品,路由器,苹果,115.95,81.65,4032,26,3.7,2022-03-06,在售
3830,当当 笔记本 升级版,图书文娱,笔记本,当当,28.99,17.77,3878,114,3.7,2019-05-20,缺货
3831,良品铺子 糖果 标准版(黑色),食品饮料,糖果,良品铺子,8.68,4.48,2970,312,4.3,2021-12-17,在售
3832,苏泊尔 空气净化器 升级版,家居生活,空气净化器,苏泊尔,314.36,88.14,619,13,4.5,2022-08-16,在售
3833,BOSE VR设备 经典款,电子产品,VR设备,BOSE,1205.95,614.11,2114,3,2.3,2023-08-07,在售
3834,欧莱雅 洗发水 经典款(灰色),美妆个护,洗发水,欧莱雅,38.68,16.13,2653,93,4.1,2020-07-31,在售
3835,双立人 沙发 升级版,家居生活,沙发,双立人,2595.57,1440.17,1344,0,3.8,2022-10-12,在售
3836,ZARA 休闲裤 限定版,服装鞋帽,休闲裤,ZARA,126.49,84.71,4041,24,3.0,2019-04-20,缺货
3837,联想 键盘 青春版,电子产品,键盘,联想,146.12,58.05,3586,41,4.4,2025-02-20,在售
3838,膳魔师 收纳箱 (金色),家居生活,收纳箱,膳魔师,41.56,10.48,301,79,3.0,2021-10-05,在售
3839,九阳 窗帘,家居生活,窗帘,九阳,249.59,151.75,2789,8,5.0,2023-03-05,在售
3840,迪奥 防晒霜 升级版,美妆个护,防晒霜,迪奥,189.96,100.24,3229,18,3.7,2024-12-08,在售
3841,戴尔 充电宝 (白色),电子产品,充电宝,戴尔,64.48,19.48,1011,44,2.0,2020-02-14,在售
3842,百雀羚 洗发水 限定版,美妆个护,洗发水,百雀羚,20.27,14.09,3937,189,3.3,2023-01-23,在售
3843,鸿星尔克 运动鞋 青春版,服装鞋帽,运动鞋,鸿星尔克,309.6,107.62,2035,13,5.0,2024-05-04,在售
3844,中信出版 漫画 Plus(红色),图书文娱,漫画,中信出版,37.5,24.07,97,103,3.4,2025-02-18,下架
3845,爱他美 儿童牙刷 旗舰版(银色),母婴用品,儿童牙刷,爱他美,97.75,30.42,850,23,4.7,2024-10-11,在售
3846,好奇 婴儿湿巾 青春版,母婴用品,婴儿湿巾,好奇,15.82,6.32,1754,178,3.9,2024-09-05,在售
3847,格力 吸尘器 青春版,家居生活,吸尘器,格力,216.35,83.3,64,14,4.3,2024-09-16,在售
3848,玉兰油 卸妆水 升级版(黑色),美妆个护,卸妆水,玉兰油,80.42,46.12,338,53,4.2,2023-03-01,在售
3849,海澜之家 太阳镜 Plus(粉色),服装鞋帽,太阳镜,海澜之家,43.94,11.49,166,78,3.6,2022-06-17,在售
3850,三只松鼠 蜂蜜 标准版,食品饮料,蜂蜜,三只松鼠,91.83,45.95,4075,30,3.0,2024-03-29,缺货
3851,得到 围棋 Plus,图书文娱,围棋,得到,30.26,11.11,1183,94,3.9,2020-08-13,下架
3852,子初 游泳圈,母婴用品,游泳圈,子初,90.64,62.38,4022,27,4.2,2020-05-21,在售
3853,三只松鼠 燕窝 新款(灰色),食品饮料,燕窝,三只松鼠,2578.3,1151.86,4591,0,5.0,2022-02-19,在售
3854,戴森 窗帘 标准版,家居生活,窗帘,戴森,344.28,191.42,3684,16,2.5,2023-09-03,在售
3855,三只松鼠 饮料 青春版(白色),食品饮料,饮料,三只松鼠,6.49,2.8,2625,413,3.6,2023-09-11,在售
3856,耐克 运动外套 经典款(红色),服装鞋帽,运动外套,耐克,869.16,414.83,2468,1,4.3,2024-11-06,在售
3857,农夫山泉 红酒 旗舰版(灰色),食品饮料,红酒,农夫山泉,240.13,110.64,3853,33,5.0,2023-04-09,在售
3858,阿迪达斯 休闲裤 旗舰版,服装鞋帽,休闲裤,阿迪达斯,150.27,98.43,2192,16,5.0,2019-01-09,下架
3859,小米 显示器 旗舰版,电子产品,显示器,小米,2791.41,1895.51,5,0,3.6,2021-02-28,在售
3860,帮宝适 摇铃 (金色),母婴用品,摇铃,帮宝适,66.21,21.37,238,66,4.2,2021-03-05,缺货
3861,自然堂 口红 经典款(蓝色),美妆个护,口红,自然堂,62.24,24.79,2941,66,3.8,2022-09-02,在售
3862,小米 智能家居设备 经典款(粉色),电子产品,智能家居设备,小米,539.27,366.39,4405,7,3.8,2024-02-23,在售
3863,机械工业 编程书籍 Pro,图书文娱,编程书籍,机械工业,42.27,16.69,4364,66,3.6,2021-04-12,在售
3864,李宁 衬衫 限定版(白色),服装鞋帽,衬衫,李宁,387.24,106.59,1048,10,4.0,2022-09-06,在售
3865,美的 垃圾桶 限定版(红色),家居生活,垃圾桶,美的,10.19,4.16,1367,245,4.4,2019-05-22,在售
3866,惠氏 儿童牙刷 Pro,母婴用品,儿童牙刷,惠氏,25.32,8.65,2031,84,3.7,2021-01-21,在售
3867,欧莱雅 粉底液 Plus,美妆个护,粉底液,欧莱雅,39.44,17.69,3171,69,3.1,2024-08-29,在售
3868,星巴克 蜂蜜,食品饮料,蜂蜜,星巴克,54.51,23.39,2454,78,4.0,2021-05-14,在售
3869,美赞臣 儿童水杯 青春版,母婴用品,儿童水杯,美赞臣,63.63,38.12,2607,63,3.8,2022-04-11,缺货
3870,特步 太阳镜 Pro,服装鞋帽,太阳镜,特步,155.48,114.99,1699,19,4.5,2022-09-25,在售
3871,罗技 相机 标准版,电子产品,相机,罗技,1932.78,686.66,4485,1,4.0,2021-04-28,在售
3872,雪花秀 沐浴露 (白色),美妆个护,沐浴露,雪花秀,68.98,42.76,719,35,3.8,2022-03-27,在售
3873,张裕 食用油 旗舰版,食品饮料,食用油,张裕,97.22,25.82,3145,47,3.8,2020-04-05,在售
3874,方太 厨房刀具 新款(银色),家居生活,厨房刀具,方太,200.2,85.2,90,21,4.7,2024-06-06,在售
3875,三星 手机,电子产品,手机,三星,1040.03,594.11,193,3,3.0,2021-05-19,在售
3876,樊登读书 编程书籍 经典款(蓝色),图书文娱,编程书籍,樊登读书,100.52,27.72,2094,45,3.5,2019-03-14,在售
3877,五粮液 红酒 限定版(蓝色),食品饮料,红酒,五粮液,53.52,27.96,4295,55,3.1,2019-12-14,在售
3878,新东方 围棋 标准版(粉色),图书文娱,围棋,新东方,41.2,15.68,406,82,4.1,2021-11-12,在售
3879,华为 数据线 新款,电子产品,数据线,华为,43.22,23.5,2631,56,3.2,2022-08-04,在售
3880,电子工业 钢笔 标准版(粉色),图书文娱,钢笔,电子工业,34.68,21.76,1818,101,3.4,2019-12-03,在售
3881,爱他美 婴儿奶粉 标准版,母婴用品,婴儿奶粉,爱他美,441.82,266.8,45,7,4.0,2024-01-06,在售
3882,联想 键盘 青春版,电子产品,键盘,联想,62.52,37.0,4926,60,4.5,2023-08-29,在售
3883,波司登 牛仔裤 经典款(白色),服装鞋帽,牛仔裤,波司登,106.35,51.56,1961,32,2.4,2020-07-08,在售
3884,海尔 保温杯 旗舰版,家居生活,保温杯,海尔,332.76,232.52,1236,14,4.0,2023-06-09,在售
3885,OPPO 笔记本电脑 (白色),电子产品,笔记本电脑,OPPO,3659.53,1892.93,2465,0,3.0,2020-07-19,在售
3886,耐克 羽绒服 经典款,服装鞋帽,羽绒服,耐克,199.09,138.42,4253,18,4.0,2020-05-07,在售
3887,自然堂 指甲油 旗舰版,美妆个护,指甲油,自然堂,14.12,6.81,3755,214,3.6,2022-12-23,在售
3888,得到 儿童绘本 旗舰版,图书文娱,儿童绘本,得到,37.64,21.35,1280,72,4.0,2021-09-05,在售
3889,自然堂 面膜 Plus(黑色),美妆个护,面膜,自然堂,31.36,10.62,1756,93,4.1,2020-03-05,在售
3890,爱他美 儿童帐篷 新款,母婴用品,儿童帐篷,爱他美,105.24,66.21,2281,55,3.8,2021-08-03,在售
3891,樊登读书 篮球 Plus(白色),图书文娱,篮球,樊登读书,116.15,49.89,14,30,4.5,2019-08-03,在售
3892,苹果 数据线 新款,电子产品,数据线,苹果,45.26,28.77,926,71,3.5,2019-11-22,在售
3893,网易严选 电风扇 Plus(粉色),家居生活,电风扇,网易严选,623.65,325.44,696,3,3.6,2024-10-16,在售
3894,可优比 温奶器 限定版(金色),母婴用品,温奶器,可优比,177.66,101.66,1232,9,4.5,2021-11-12,在售
3895,知乎 拼图 Pro,图书文娱,拼图,知乎,67.82,35.67,18,34,4.2,2021-06-19,在售
3896,京东图书 乐器 Plus(灰色),图书文娱,乐器,京东图书,316.49,224.74,4130,17,2.0,2025-05-25,在售
3897,得到 文具 Pro,图书文娱,文具,得到,9.02,3.14,445,330,3.7,2023-11-24,在售
3898,格力 晾衣架 新款(黑色),家居生活,晾衣架,格力,16.67,9.81,180,142,3.9,2020-07-24,在售
3899,全棉时代 奶瓶 青春版(黑色),母婴用品,奶瓶,全棉时代,21.99,16.28,4126,115,3.5,2025-03-03,在售
3900,华硕 耳机 新款,电子产品,耳机,华硕,1785.77,812.16,1931,0,4.6,2020-06-02,在售
3901,森马 泳衣 经典款,服装鞋帽,泳衣,森马,306.61,127.06,180,25,5.0,2023-07-12,在售
3902,启赋 儿童帐篷 升级版(灰色),母婴用品,儿童帐篷,启赋,993.62,737.15,1719,14,5.0,2021-08-15,在售
3903,人民文学 编程书籍 Plus(金色),图书文娱,编程书籍,人民文学,269.5,155.1,1469,13,4.0,2019-08-27,在售
3904,知乎 笔记本 青春版,图书文娱,笔记本,知乎,20.93,8.55,3129,119,4.7,2021-09-20,缺货
3905,伊利 坚果零食 (灰色),食品饮料,坚果零食,伊利,21.49,15.72,652,158,4.2,2024-07-31,在售
3906,奥克斯 吸尘器 升级版,家居生活,吸尘器,奥克斯,2184.66,1231.23,1340,3,5.0,2022-08-13,缺货
3907,佳能 游戏主机 Pro,电子产品,游戏主机,佳能,1450.23,443.29,3250,3,2.0,2020-11-11,在售
3908,星巴克 巧克力 经典款,食品饮料,巧克力,星巴克,61.57,19.74,2028,46,2.8,2024-02-22,在售
3909,双立人 空气净化器 青春版,家居生活,空气净化器,双立人,446.84,114.73,376,8,4.0,2023-11-03,在售
3910,匡威 女装连衣裙 经典款,服装鞋帽,女装连衣裙,匡威,79.43,38.54,2119,43,4.0,2023-12-07,在售
3911,雪花秀 化妆刷 青春版(蓝色),美妆个护,化妆刷,雪花秀,19.78,12.93,3959,155,3.6,2023-01-08,下架
3912,电子工业 历史书籍 标准版,图书文娱,历史书籍,电子工业,91.6,22.99,1842,39,5.0,2022-08-30,在售
3913,花王 辅食机 经典款,母婴用品,辅食机,花王,515.0,258.3,3239,7,2.9,2022-05-19,在售
3914,德芙 燕窝 经典款,食品饮料,燕窝,德芙,293.88,114.94,91,12,2.8,2023-09-11,在售
3915,电子工业 健身器材 青春版,图书文娱,健身器材,电子工业,1291.11,353.77,2376,4,4.5,2023-10-29,在售
3916,知乎 书法字帖 青春版(粉色),图书文娱,书法字帖,知乎,10.83,5.19,55,248,3.8,2024-12-30,在售
3917,玉兰油 身体乳 旗舰版,美妆个护,身体乳,玉兰油,21.88,7.14,95,102,3.6,2020-05-31,在售
3918,惠氏 儿童水杯 标准版(灰色),母婴用品,儿童水杯,惠氏,108.59,70.65,3283,30,4.5,2020-05-10,在售
3919,英氏 婴儿奶粉 升级版,母婴用品,婴儿奶粉,英氏,179.74,57.88,293,19,4.0,2020-07-26,下架
3920,鸿星尔克 帽子 Pro,服装鞋帽,帽子,鸿星尔克,29.25,19.61,2715,104,2.9,2020-10-14,在售
3921,联想 相机,电子产品,相机,联想,5112.14,3020.99,4888,0,4.5,2019-10-28,缺货
3922,美的 厨房刀具 旗舰版(银色),家居生活,厨房刀具,美的,89.88,54.74,3597,38,3.7,2024-08-02,在售
3923,良品铺子 茶叶 标准版,食品饮料,茶叶,良品铺子,150.38,89.48,2699,23,5.0,2022-08-08,在售
3924,人民文学 英语教材 Plus(银色),图书文娱,英语教材,人民文学,25.92,11.74,417,113,4.2,2021-01-29,缺货
3925,来伊份 燕窝 旗舰版,食品饮料,燕窝,来伊份,808.43,298.23,2546,14,3.7,2024-04-13,在售
3926,知乎 乐器 Plus,图书文娱,乐器,知乎,783.63,541.88,998,0,5.0,2024-03-24,在售
3927,新东方 儿童绘本 标准版(粉色),图书文娱,儿童绘本,新东方,26.42,13.69,0,142,3.6,2020-08-30,在售
3928,贝亲 婴儿推车 升级版,母婴用品,婴儿推车,贝亲,2217.99,1542.76,4602,1,2.5,2021-12-04,在售
3929,戴森 垃圾桶 (白色),家居生活,垃圾桶,戴森,7.77,5.53,1632,378,3.9,2019-05-11,缺货
3930,樊登读书 考研资料 限定版,图书文娱,考研资料,樊登读书,209.54,60.08,2063,7,2.5,2022-02-03,在售
3931,膳魔师 雨伞 青春版(粉色),家居生活,雨伞,膳魔师,14.51,3.73,2202,219,3.7,2020-02-25,在售
3932,雷蛇 智能手表,电子产品,智能手表,雷蛇,2513.86,1083.41,270,0,5.0,2025-04-30,缺货
3933,百草味 大米 升级版(白色),食品饮料,大米,百草味,101.24,32.67,2211,27,3.7,2021-10-21,缺货
3934,佳能 平板电脑 标准版,电子产品,平板电脑,佳能,1083.32,416.95,289,4,3.9,2023-01-30,在售
3935,新东方 文具 标准版(金色),图书文娱,文具,新东方,20.01,13.41,46,167,4.1,2019-01-30,在售
3936,双立人 窗帘 新款(白色),家居生活,窗帘,双立人,897.22,425.58,515,4,3.8,2020-09-11,在售
3937,方太 灯具 (灰色),家居生活,灯具,方太,296.32,124.21,3189,13,3.5,2020-01-18,在售
3938,香奈儿 染发剂 青春版,美妆个护,染发剂,香奈儿,31.54,8.92,1049,121,3.5,2021-09-07,在售
3939,优衣库 卫衣 新款(灰色),服装鞋帽,卫衣,优衣库,107.61,63.4,147,39,3.1,2021-06-10,在售
3940,太平鸟 女装连衣裙 Pro(蓝色),服装鞋帽,女装连衣裙,太平鸟,251.22,117.41,2934,20,4.7,2019-03-26,在售
3941,奥克斯 电风扇 Plus,家居生活,电风扇,奥克斯,345.19,227.6,434,19,4.1,2024-05-10,在售
3942,网易严选 加湿器 旗舰版,家居生活,加湿器,网易严选,401.56,104.67,4812,9,3.8,2023-06-08,缺货
3943,电子工业 钢笔 Plus,图书文娱,钢笔,电子工业,20.08,9.15,1122,167,3.7,2024-09-06,下架
3944,海尔 窗帘 经典款,家居生活,窗帘,海尔,94.12,44.87,160,32,4.0,2020-08-23,在售
3945,H&M 休闲裤 旗舰版(银色),服装鞋帽,休闲裤,H&M,52.63,18.27,354,68,4.2,2020-08-31,缺货
3946,美赞臣 儿童安全座椅 青春版,母婴用品,儿童安全座椅,美赞臣,2830.21,1412.65,410,0,3.3,2022-04-21,在售
3947,惠氏 积木玩具 Plus(金色),母婴用品,积木玩具,惠氏,151.49,84.28,285,35,4.8,2025-06-23,在售
3948,vivo 键盘 经典款,电子产品,键盘,vivo,196.01,56.05,3678,20,3.8,2024-08-24,在售
3949,资生堂 面膜 青春版(银色),美妆个护,面膜,资生堂,167.3,62.07,60,26,5.0,2019-04-07,缺货
3950,膳魔师 电风扇 新款,家居生活,电风扇,膳魔师,515.23,330.54,267,7,5.0,2020-12-07,在售
3951,联想 内存卡 新款,电子产品,内存卡,联想,22.87,7.69,1616,147,3.8,2021-06-14,在售
3952,戴森 灯具 经典款,家居生活,灯具,戴森,248.93,186.59,2292,14,4.0,2019-12-15,在售
3953,人民文学 小说 标准版,图书文娱,小说,人民文学,16.8,4.86,1249,163,3.9,2024-04-24,在售
3954,佳能 音箱 (金色),电子产品,音箱,佳能,220.45,81.94,4714,19,5.0,2021-05-12,下架
3955,知乎 文具 Pro(黑色),图书文娱,文具,知乎,7.13,4.55,2761,438,3.8,2023-03-11,在售
3956,罗技 打印机 Plus(红色),电子产品,打印机,罗技,458.94,138.31,5,11,3.8,2023-06-20,缺货
3957,vivo 平板电脑 限定版(银色),电子产品,平板电脑,vivo,1263.49,506.87,4554,7,2.0,2020-08-06,在售
3958,恰恰 大米 Plus,食品饮料,大米,恰恰,27.77,8.93,4878,118,4.0,2019-05-15,在售
3959,完美日记 沐浴露 旗舰版(金色),美妆个护,沐浴露,完美日记,149.75,110.11,291,28,3.3,2024-01-19,在售
3960,MAC 洗发水 升级版,美妆个护,洗发水,MAC,245.4,69.56,3193,22,1.0,2025-03-17,在售
3961,玉兰油 眼影盘 Pro,美妆个护,眼影盘,玉兰油,33.34,10.64,3748,94,3.7,2019-05-28,在售
3962,三只松鼠 坚果零食 经典款(粉色),食品饮料,坚果零食,三只松鼠,15.7,7.37,214,185,3.6,2024-03-06,在售
3963,茅台 蜂蜜 限定版,食品饮料,蜂蜜,茅台,35.52,23.07,831,76,3.9,2023-03-18,在售
3964,德芙 薯片 Pro,食品饮料,薯片,德芙,7.94,5.74,4006,368,4.1,2019-12-20,在售
3965,双立人 保温杯 (蓝色),家居生活,保温杯,双立人,224.81,56.39,4313,22,4.7,2021-04-06,在售
3966,兰蔻 眉笔 升级版,美妆个护,眉笔,兰蔻,113.24,75.17,353,21,2.0,2021-01-22,在售
3967,小米 VR设备,电子产品,VR设备,小米,1310.21,477.6,2762,4,3.7,2022-08-28,在售
3968,资生堂 眼影盘 青春版(红色),美妆个护,眼影盘,资生堂,39.86,27.27,779,133,4.2,2025-01-20,在售
3969,九阳 保温杯,家居生活,保温杯,九阳,34.57,21.34,4095,109,4.0,2019-04-25,在售
3970,索尼 智能手表 (灰色),电子产品,智能手表,索尼,670.94,338.52,4423,5,2.9,2024-09-17,下架
3971,京东图书 书法字帖 旗舰版,图书文娱,书法字帖,京东图书,8.71,4.72,808,358,3.8,2022-09-11,缺货
3972,九阳 灯具 升级版(银色),家居生活,灯具,九阳,43.23,21.95,382,99,4.4,2024-04-03,下架
3973,恰恰 食用油,食品饮料,食用油,恰恰,113.23,70.43,3180,44,3.8,2025-01-21,在售
3974,张裕 牛奶 升级版(蓝色),食品饮料,牛奶,张裕,25.69,7.03,4849,110,3.9,2020-09-12,在售
3975,京东图书 考研资料 Pro,图书文娱,考研资料,京东图书,66.9,22.92,2517,52,3.7,2019-04-19,在售
3976,新东方 英语教材 经典款,图书文娱,英语教材,新东方,242.38,127.49,3512,13,5.0,2020-07-24,下架
3977,人民文学 拼图 经典款(红色),图书文娱,拼图,人民文学,37.89,20.27,3352,74,3.8,2021-04-29,下架
3978,德芙 蜂蜜 经典款,食品饮料,蜂蜜,德芙,19.61,13.9,176,150,4.2,2019-09-27,在售
3979,vivo 投影仪 新款(黑色),电子产品,投影仪,vivo,2320.22,1591.75,3620,4,2.0,2024-10-31,在售
3980,罗技 充电宝 Plus,电子产品,充电宝,罗技,88.22,39.08,4573,24,4.0,2019-12-31,下架
3981,方太 空气净化器 Pro,家居生活,空气净化器,方太,599.37,307.83,451,7,4.3,2025-04-14,在售
3982,H&M 衬衫 青春版,服装鞋帽,衬衫,H&M,545.44,394.42,2831,4,5.0,2023-09-13,缺货
3983,百雀羚 眼影盘,美妆个护,眼影盘,百雀羚,215.79,72.23,403,18,4.7,2020-07-18,在售
3984,香奈儿 卸妆水 升级版,美妆个护,卸妆水,香奈儿,73.67,36.69,1707,57,4.0,2019-04-06,在售
3985,费列罗 调味料 Plus,食品饮料,调味料,费列罗,22.13,12.28,1037,121,4.0,2024-11-06,缺货
3986,帮宝适 婴儿推车 青春版(银色),母婴用品,婴儿推车,帮宝适,1408.95,749.35,4826,4,5.0,2023-09-06,在售
3987,花王 奶瓶 标准版(黑色),母婴用品,奶瓶,花王,20.94,10.79,368,135,4.1,2024-06-01,在售
3988,华为 移动硬盘 新款,电子产品,移动硬盘,华为,1278.64,381.91,3609,6,4.7,2020-07-30,在售
3989,雀巢 红酒 Plus(黑色),食品饮料,红酒,雀巢,943.29,291.98,3047,4,5.0,2023-06-23,在售
3990,京东图书 瑜伽垫 Plus(红色),图书文娱,瑜伽垫,京东图书,206.71,151.8,317,17,4.0,2021-04-01,在售
3991,OPPO 数据线 旗舰版,电子产品,数据线,OPPO,13.4,5.6,4298,232,3.8,2023-05-13,在售
3992,海澜之家 牛仔裤 经典款(灰色),服装鞋帽,牛仔裤,海澜之家,204.22,145.3,4701,35,4.0,2019-11-26,在售
3993,海尔 灯具 限定版,家居生活,灯具,海尔,86.92,58.99,4595,40,3.3,2022-10-09,在售
3994,百草味 饮料 Plus(银色),食品饮料,饮料,百草味,5.65,1.61,222,516,4.1,2024-06-11,在售
3995,当当 健身器材 经典款,图书文娱,健身器材,当当,181.97,73.01,4033,22,4.5,2021-09-01,在售
3996,完美日记 精华液 Pro,美妆个护,精华液,完美日记,57.46,25.57,3731,44,4.7,2020-08-31,缺货
3997,三星 VR设备 (银色),电子产品,VR设备,三星,620.64,170.38,2422,12,2.0,2025-02-04,下架
3998,美赞臣 游泳圈 Pro,母婴用品,游泳圈,美赞臣,194.22,75.83,2206,24,4.0,2025-04-23,在售
3999,vivo 打印机 Pro,电子产品,打印机,vivo,312.8,197.99,643,17,4.5,2021-01-01,在售
4000,惠氏 温奶器 青春版,母婴用品,温奶器,惠氏,152.36,54.81,4351,32,4.2,2019-08-18,缺货
4001,完美日记 化妆刷 限定版,美妆个护,化妆刷,完美日记,9.93,6.91,2970,296,4.0,2022-06-14,在售
4002,好奇 儿童牙刷 限定版,母婴用品,儿童牙刷,好奇,97.22,43.06,391,32,4.0,2022-07-14,下架
4003,三只松鼠 薯片 旗舰版,食品饮料,薯片,三只松鼠,14.06,7.93,4318,203,3.3,2021-04-20,缺货
4004,SK-II 护手霜 Pro,美妆个护,护手霜,SK-II,16.89,12.64,4626,199,3.3,2021-12-30,在售
4005,三星 投影仪 青春版,电子产品,投影仪,三星,1319.29,731.29,2884,10,5.0,2021-04-18,在售
4006,京东图书 拼图 限定版(白色),图书文娱,拼图,京东图书,158.52,57.69,3917,22,4.3,2021-06-06,在售
4007,张裕 坚果零食 标准版,食品饮料,坚果零食,张裕,25.85,15.57,3939,102,3.8,2024-11-08,在售
4008,联想 笔记本电脑 Pro(金色),电子产品,笔记本电脑,联想,7462.25,4365.78,4970,3,5.0,2023-02-09,在售
4009,张裕 进口饼干,食品饮料,进口饼干,张裕,16.69,10.91,4034,177,3.5,2024-02-10,在售
4010,戴尔 音箱 经典款(银色),电子产品,音箱,戴尔,115.77,51.45,2204,23,3.7,2023-07-01,在售
4011,雷蛇 打印机 青春版,电子产品,打印机,雷蛇,303.24,157.01,3831,15,3.9,2020-06-07,在售
4012,耐克 袜子 标准版,服装鞋帽,袜子,耐克,8.21,3.54,2302,366,3.6,2019-04-01,在售
4013,MAC 指甲油 旗舰版,美妆个护,指甲油,MAC,50.17,24.07,4783,65,4.0,2024-10-13,下架
4014,电子工业 围棋 青春版,图书文娱,围棋,电子工业,252.09,131.91,2247,7,3.3,2021-12-13,在售
4015,九阳 吸尘器 Plus(白色),家居生活,吸尘器,九阳,238.59,89.89,3064,13,2.0,2024-05-06,在售
4016,来伊份 肉干 标准版,食品饮料,肉干,来伊份,56.12,21.99,188,54,3.8,2023-11-17,在售
4017,电子工业 瑜伽垫 Pro,图书文娱,瑜伽垫,电子工业,94.18,51.41,450,39,3.0,2019-12-19,在售
4018,特步 睡衣 新款,服装鞋帽,睡衣,特步,43.41,10.9,1799,79,3.8,2023-04-24,在售
4019,兰蔻 身体乳 Pro(粉色),美妆个护,身体乳,兰蔻,65.51,23.36,4937,51,4.4,2021-12-10,在售
4020,花王 婴儿背带 新款,母婴用品,婴儿背带,花王,267.48,176.33,3797,31,4.0,2021-11-23,下架
4021,波司登 衬衫 Plus(黑色),服装鞋帽,衬衫,波司登,132.88,84.98,396,24,5.0,2024-09-19,在售
4022,来伊份 方便面 升级版,食品饮料,方便面,来伊份,33.65,11.07,3452,70,3.6,2025-05-12,在售
4023,耐克 衬衫,服装鞋帽,衬衫,耐克,384.22,287.58,1805,9,3.3,2022-03-24,在售
4024,尼康 相机 新款,电子产品,相机,尼康,7364.66,1857.6,1469,0,2.5,2019-03-14,在售
4025,良品铺子 牛奶 新款,食品饮料,牛奶,良品铺子,19.73,9.13,417,132,3.8,2020-12-11,缺货
4026,ZARA 太阳镜 标准版,服装鞋帽,太阳镜,ZARA,64.11,33.93,2846,46,4.5,2025-04-29,在售
4027,小米 智能手表 升级版,电子产品,智能手表,小米,236.59,99.79,474,20,4.0,2020-12-18,下架
4028,三星 鼠标 升级版,电子产品,鼠标,三星,139.71,58.65,4140,28,4.5,2022-03-24,在售
4029,五粮液 食用油 标准版,食品饮料,食用油,五粮液,30.97,8.02,2204,89,4.1,2021-02-06,在售
4030,德芙 保健品 Pro,食品饮料,保健品,德芙,92.83,26.47,118,42,3.7,2021-11-02,在售
4031,人民文学 英语教材 Plus(粉色),图书文娱,英语教材,人民文学,69.78,41.43,2972,29,3.5,2020-09-20,在售
4032,膳魔师 微波炉 Pro,家居生活,微波炉,膳魔师,1309.66,413.96,4717,0,3.7,2019-09-12,缺货
4033,花西子 眉笔 Pro,美妆个护,眉笔,花西子,31.79,12.81,1214,95,4.2,2021-09-01,在售
4034,香奈儿 面霜 升级版(银色),美妆个护,面霜,香奈儿,222.25,112.31,2033,3,2.0,2023-11-08,在售
4035,当当 篮球 限定版(灰色),图书文娱,篮球,当当,210.95,120.85,413,21,4.7,2020-05-19,在售
4036,中信出版 文具 Pro,图书文娱,文具,中信出版,33.67,20.36,1419,102,3.8,2019-12-28,在售
4037,戴森 空气净化器 Pro,家居生活,空气净化器,戴森,1070.73,524.56,212,6,4.7,2024-01-20,在售
4038,迪奥 眼影盘 标准版,美妆个护,眼影盘,迪奥,145.5,40.04,154,33,3.3,2025-04-04,在售
4039,佳能 笔记本电脑 经典款(粉色),电子产品,笔记本电脑,佳能,3490.21,1461.5,125,0,3.4,2025-02-11,在售
4040,OPPO 移动硬盘 旗舰版,电子产品,移动硬盘,OPPO,1233.69,648.15,3582,4,4.8,2021-06-17,在售
4041,当当 漫画 Pro,图书文娱,漫画,当当,43.82,30.55,3400,51,4.0,2021-07-01,在售
4042,尼康 智能家居设备 青春版,电子产品,智能家居设备,尼康,384.81,256.23,1820,12,2.7,2019-05-18,在售
4043,德芙 大米,食品饮料,大米,德芙,53.65,38.21,2359,65,3.9,2021-09-11,在售
4044,H&M 男装T恤 (粉色),服装鞋帽,男装T恤,H&M,29.39,18.05,3091,123,3.5,2025-06-04,在售
4045,苏泊尔 床上四件套 新款(黑色),家居生活,床上四件套,苏泊尔,1737.72,1160.29,2788,2,3.9,2024-09-29,在售
4046,太平鸟 羽绒服 Pro,服装鞋帽,羽绒服,太平鸟,734.48,496.07,2037,3,3.0,2022-09-28,在售
4047,新东方 文具 标准版,图书文娱,文具,新东方,12.37,4.62,143,234,3.3,2022-04-29,在售
4048,百雀羚 洗发水 限定版,美妆个护,洗发水,百雀羚,265.39,145.65,4840,10,4.1,2024-03-21,下架
4049,百草味 红酒 Pro(银色),食品饮料,红酒,百草味,66.03,31.86,4505,52,3.8,2020-12-20,下架
4050,方太 垃圾桶 升级版(白色),家居生活,垃圾桶,方太,70.84,23.09,4284,43,5.0,2021-03-20,下架
4051,海澜之家 围巾 标准版,服装鞋帽,围巾,海澜之家,49.51,28.53,629,79,4.0,2025-06-15,在售
4052,五粮液 大米 升级版(蓝色),食品饮料,大米,五粮液,191.39,105.89,3751,18,5.0,2021-04-04,在售
4053,花西子 面霜 限定版(黑色),美妆个护,面霜,花西子,151.52,57.0,686,42,3.3,2019-02-15,在售
4054,无印良品 加湿器 Pro,家居生活,加湿器,无印良品,50.05,17.8,4581,71,4.7,2023-03-15,缺货
4055,英氏 爬行垫 (灰色),母婴用品,爬行垫,英氏,419.66,182.16,113,11,4.9,2025-02-07,在售
4056,来伊份 果冻 新款(粉色),食品饮料,果冻,来伊份,17.26,12.75,4224,179,3.5,2022-03-01,在售
4057,子初 游泳圈 限定版(红色),母婴用品,游泳圈,子初,34.56,25.45,3806,93,3.8,2019-12-22,在售
4058,蒙牛 燕窝 旗舰版(白色),食品饮料,燕窝,蒙牛,680.61,395.33,2585,5,4.4,2020-03-22,在售
4059,联想 移动硬盘 Plus,电子产品,移动硬盘,联想,483.55,198.42,1725,15,4.0,2024-03-06,下架
4060,李宁 内衣 (蓝色),服装鞋帽,内衣,李宁,134.36,40.74,4593,28,3.8,2025-05-13,在售
4061,苹果 游戏主机 新款,电子产品,游戏主机,苹果,5436.93,2151.08,261,0,4.6,2020-07-25,在售
4062,太平鸟 皮带 标准版,服装鞋帽,皮带,太平鸟,56.36,33.31,1784,45,3.7,2020-06-09,在售
4063,波司登 男装T恤 青春版,服装鞋帽,男装T恤,波司登,61.58,42.67,3181,57,3.7,2019-03-18,在售
4064,香奈儿 香水 升级版,美妆个护,香水,香奈儿,312.9,166.32,4413,9,3.9,2020-01-21,在售
4065,索尼 音箱 旗舰版(蓝色),电子产品,音箱,索尼,368.68,261.01,3649,10,1.0,2020-08-11,在售
4066,华为 相机 升级版,电子产品,相机,华为,5993.33,2016.55,4634,0,4.3,2020-04-11,在售
4067,好奇 积木玩具 Plus,母婴用品,积木玩具,好奇,254.94,141.03,4928,23,4.7,2021-10-13,在售
4068,雅诗兰黛 护手霜 旗舰版,美妆个护,护手霜,雅诗兰黛,176.08,63.07,3153,34,3.5,2022-01-06,在售
4069,华硕 显示器 限定版,电子产品,显示器,华硕,2324.9,960.99,609,2,4.5,2024-12-27,在售
4070,苏泊尔 晾衣架 标准版,家居生活,晾衣架,苏泊尔,12.33,5.28,2772,238,4.0,2021-01-15,缺货
4071,资生堂 粉底液 Plus(红色),美妆个护,粉底液,资生堂,103.13,66.84,4672,27,4.0,2021-01-20,在售
4072,德芙 巧克力 升级版(灰色),食品饮料,巧克力,德芙,96.17,40.95,1695,36,4.5,2022-12-08,在售
4073,戴尔 VR设备 升级版,电子产品,VR设备,戴尔,2864.84,1596.23,3456,3,2.7,2020-05-30,在售
4074,格力 加湿器 Plus,家居生活,加湿器,格力,75.25,30.69,4257,46,4.0,2025-03-18,在售
4075,蒙牛 肉干 青春版(灰色),食品饮料,肉干,蒙牛,48.25,35.02,3502,85,4.0,2022-06-09,在售
4076,美赞臣 婴儿湿巾 标准版(粉色),母婴用品,婴儿湿巾,美赞臣,30.94,7.79,2829,88,3.2,2022-12-16,在售
4077,波司登 运动鞋 旗舰版(粉色),服装鞋帽,运动鞋,波司登,518.28,322.3,1540,6,4.2,2020-12-15,在售
4078,飞鹤 婴儿背带 新款,母婴用品,婴儿背带,飞鹤,159.5,46.43,266,24,4.0,2020-05-02,下架
4079,帮宝适 婴儿沐浴露 青春版,母婴用品,婴儿沐浴露,帮宝适,69.45,39.48,4733,33,3.9,2024-06-10,在售
4080,启赋 儿童牙刷 标准版,母婴用品,儿童牙刷,启赋,29.92,12.24,2232,83,4.2,2022-01-02,在售
4081,爱他美 摇铃 旗舰版,母婴用品,摇铃,爱他美,14.83,5.55,2911,174,3.7,2020-05-17,在售
4082,UR 帽子 限定版,服装鞋帽,帽子,UR,59.63,26.03,1288,58,4.1,2024-10-28,在售
4083,樊登读书 小说,图书文娱,小说,樊登读书,81.21,51.46,162,27,4.4,2019-07-11,在售
4084,花王 纸尿裤 旗舰版,母婴用品,纸尿裤,花王,308.15,116.4,920,22,4.1,2020-12-22,在售
4085,花王 奶瓶 限定版(蓝色),母婴用品,奶瓶,花王,64.52,31.79,1581,69,4.5,2020-03-04,在售
4086,罗技 耳机,电子产品,耳机,罗技,997.68,445.95,892,4,3.7,2020-01-12,在售
4087,倩碧 眼影盘 (红色),美妆个护,眼影盘,倩碧,134.62,77.68,1128,34,3.2,2022-07-22,在售
4088,特步 帽子 标准版(黑色),服装鞋帽,帽子,特步,20.22,12.78,60,189,3.8,2021-09-18,在售
4089,百雀羚 洗面奶 经典款,美妆个护,洗面奶,百雀羚,41.02,29.37,1873,75,4.4,2021-09-10,在售
4090,好孩子 儿童安全座椅 Pro,母婴用品,儿童安全座椅,好孩子,1687.72,692.16,3895,2,4.2,2024-03-06,在售
4091,苹果 平板电脑 Plus,电子产品,平板电脑,苹果,2800.79,1152.94,185,2,4.5,2022-05-26,在售
4092,花王 儿童帐篷 旗舰版,母婴用品,儿童帐篷,花王,573.88,167.39,3526,9,3.0,2020-12-02,在售
4093,安踏 运动外套 Plus,服装鞋帽,运动外套,安踏,287.69,110.47,359,10,3.6,2022-05-30,在售
4094,匡威 袜子 旗舰版,服装鞋帽,袜子,匡威,43.23,23.43,1671,58,4.1,2019-06-10,在售
4095,网易严选 电风扇 Pro(蓝色),家居生活,电风扇,网易严选,880.08,590.27,953,11,3.0,2019-09-10,在售
4096,五粮液 坚果零食 青春版,食品饮料,坚果零食,五粮液,64.4,46.01,4639,54,3.7,2023-02-13,在售
4097,SK-II 面膜 (蓝色),美妆个护,面膜,SK-II,30.33,8.84,2372,91,4.0,2019-10-14,在售
4098,良品铺子 牛奶 限定版,食品饮料,牛奶,良品铺子,18.58,9.48,1910,192,3.5,2019-07-23,缺货
4099,新东方 心理学 标准版(蓝色),图书文娱,心理学,新东方,28.48,16.4,3334,130,4.4,2019-06-27,下架
4100,MAC 面霜 升级版,美妆个护,面霜,MAC,760.18,304.98,249,5,5.0,2023-08-01,在售
4101,良品铺子 保健品 Plus(黑色),食品饮料,保健品,良品铺子,72.56,20.15,2877,46,4.6,2023-05-05,在售
4102,子初 童装 旗舰版,母婴用品,童装,子初,98.5,36.32,603,37,4.0,2020-09-15,在售
4103,戴森 电风扇 限定版,家居生活,电风扇,戴森,179.41,110.7,4549,15,4.0,2025-04-09,在售
4104,雷蛇 键盘 新款,电子产品,键盘,雷蛇,215.13,99.89,2597,18,4.7,2023-04-07,在售
4105,三星 平板电脑 青春版,电子产品,平板电脑,三星,5160.3,1366.59,4712,0,4.3,2022-09-01,下架
4106,惠氏 游泳圈 标准版,母婴用品,游泳圈,惠氏,148.16,75.84,3458,29,4.3,2021-07-18,在售
4107,戴森 晾衣架 Pro,家居生活,晾衣架,戴森,19.63,11.26,4624,189,3.6,2020-08-18,在售
4108,贝亲 婴儿湿巾 经典款,母婴用品,婴儿湿巾,贝亲,20.43,12.62,196,162,4.1,2020-01-19,在售
4109,张裕 红酒 新款(蓝色),食品饮料,红酒,张裕,77.4,41.44,285,50,3.8,2025-06-22,在售
4110,知乎 钢笔 限定版(蓝色),图书文娱,钢笔,知乎,1689.25,511.25,2774,2,2.3,2024-01-10,在售
4111,联想 数据线,电子产品,数据线,联想,55.73,33.47,3386,53,3.6,2024-12-22,在售
4112,百草味 蛋白粉 经典款(蓝色),食品饮料,蛋白粉,百草味,739.24,322.07,3703,10,3.7,2019-08-12,在售
4113,苹果 投影仪 限定版(粉色),电子产品,投影仪,苹果,3608.71,1182.62,466,2,3.3,2022-08-04,在售
4114,蒙牛 方便面 标准版,食品饮料,方便面,蒙牛,2.86,1.62,4257,851,3.8,2019-07-08,在售
4115,来伊份 牛奶 旗舰版,食品饮料,牛奶,来伊份,73.0,49.59,3569,44,4.1,2020-05-21,缺货
4116,尼康 打印机 Pro,电子产品,打印机,尼康,958.12,353.2,4530,2,1.0,2024-12-11,在售
4117,海尔 电风扇 升级版(黑色),家居生活,电风扇,海尔,87.79,52.0,1389,33,5.0,2024-09-07,在售
4118,苹果 移动硬盘 (灰色),电子产品,移动硬盘,苹果,1156.91,518.34,4319,6,3.0,2022-07-30,在售
4119,香奈儿 化妆刷 限定版,美妆个护,化妆刷,香奈儿,124.7,48.62,3504,34,4.0,2019-11-05,在售
4120,耐克 袜子 新款,服装鞋帽,袜子,耐克,5.52,3.97,447,471,3.8,2019-09-28,在售
4121,兰蔻 面霜 限定版(银色),美妆个护,面霜,兰蔻,362.54,159.78,3672,15,2.5,2022-10-07,在售
4122,可优比 儿童水杯 经典款(粉色),母婴用品,儿童水杯,可优比,78.9,27.65,868,40,3.8,2019-01-02,在售
4123,电子工业 心理学 新款,图书文娱,心理学,电子工业,28.63,17.27,3726,97,3.5,2025-05-07,在售
4124,美的 微波炉 旗舰版,家居生活,微波炉,美的,413.9,300.5,4623,5,2.9,2022-04-10,在售
4125,雅诗兰黛 身体乳 标准版,美妆个护,身体乳,雅诗兰黛,85.06,24.77,4304,41,3.9,2022-07-14,在售
4126,MAC 沐浴露 标准版,美妆个护,沐浴露,MAC,45.57,20.72,1050,67,3.2,2024-06-15,在售
4127,当当 乐器 旗舰版(白色),图书文娱,乐器,当当,1545.83,786.1,4654,8,5.0,2023-01-14,在售
4128,膳魔师 吸尘器 旗舰版,家居生活,吸尘器,膳魔师,1136.38,688.76,2472,2,4.3,2024-03-02,在售
4129,奥克斯 地毯 标准版,家居生活,地毯,奥克斯,408.71,291.71,2408,14,5.0,2025-01-18,在售
4130,茅台 燕窝 旗舰版,食品饮料,燕窝,茅台,822.28,413.86,1674,4,4.0,2022-12-30,在售
4131,樊登读书 编程书籍 限定版(粉色),图书文娱,编程书籍,樊登读书,148.12,52.18,416,12,4.2,2025-06-29,在售
4132,苹果 平板电脑 Pro,电子产品,平板电脑,苹果,2669.03,861.36,4178,0,5.0,2020-10-30,在售
4133,戴尔 路由器 Plus,电子产品,路由器,戴尔,240.22,63.37,2566,27,3.6,2021-03-26,在售
4134,OPPO 数据线 新款,电子产品,数据线,OPPO,22.1,10.61,3611,160,4.1,2021-10-03,在售
4135,欧莱雅 洗面奶 升级版(蓝色),美妆个护,洗面奶,欧莱雅,168.83,88.8,3037,35,2.5,2020-10-16,缺货
4136,华硕 充电宝 (白色),电子产品,充电宝,华硕,29.45,20.94,950,115,4.1,2024-12-26,在售
4137,百雀羚 精华液 青春版(黑色),美妆个护,精华液,百雀羚,150.67,47.9,355,21,4.7,2025-02-02,在售
4138,花王 婴儿奶粉 旗舰版(灰色),母婴用品,婴儿奶粉,花王,128.35,86.32,2674,39,5.0,2023-11-10,在售
4139,BOSE 显示器 青春版,电子产品,显示器,BOSE,676.93,458.46,702,3,5.0,2021-10-31,在售
4140,张裕 大米 限定版,食品饮料,大米,张裕,104.54,40.75,1289,29,4.4,2024-07-20,在售
4141,佳能 投影仪,电子产品,投影仪,佳能,3837.22,2747.52,3966,0,4.1,2024-08-20,在售
4142,babycare 纸尿裤 升级版,母婴用品,纸尿裤,babycare,151.31,64.92,4849,26,4.3,2023-01-16,在售
4143,京东图书 英语教材 青春版,图书文娱,英语教材,京东图书,45.47,33.36,938,66,3.4,2020-08-12,在售
4144,资生堂 美容仪 Pro,美妆个护,美容仪,资生堂,475.98,196.98,1690,3,2.0,2023-11-05,下架
4145,京东图书 围棋 限定版,图书文娱,围棋,京东图书,41.8,10.51,1301,85,3.6,2024-01-20,在售
4146,BOSE 智能家居设备 新款(蓝色),电子产品,智能家居设备,BOSE,2425.59,1360.31,2667,0,4.5,2023-02-03,在售
4147,双立人 微波炉 Plus,家居生活,微波炉,双立人,1013.18,688.08,2503,6,5.0,2021-02-06,在售
4148,鸿星尔克 太阳镜 青春版,服装鞋帽,太阳镜,鸿星尔克,73.21,49.64,3545,37,4.0,2020-11-19,在售
4149,德芙 牛奶 Plus(银色),食品饮料,牛奶,德芙,31.98,17.2,3252,122,2.8,2023-02-11,在售
4150,华为 音箱,电子产品,音箱,华为,1926.32,828.11,3584,1,4.4,2019-01-24,在售
4151,人民文学 书法字帖 经典款,图书文娱,书法字帖,人民文学,10.83,7.8,1278,217,3.6,2020-08-17,下架
4152,机械工业 瑜伽垫 旗舰版(金色),图书文娱,瑜伽垫,机械工业,99.23,28.15,4118,34,2.8,2023-09-10,缺货
4153,尼康 平板电脑 Pro(蓝色),电子产品,平板电脑,尼康,1393.15,1017.66,356,2,5.0,2023-05-05,在售
4154,好奇 童装 新款,母婴用品,童装,好奇,199.22,73.42,122,38,4.0,2021-08-24,在售
4155,百草味 方便面 Pro,食品饮料,方便面,百草味,44.04,20.38,313,67,3.0,2024-08-27,在售
4156,戴尔 相机 旗舰版,电子产品,相机,戴尔,9135.13,6155.63,31,0,3.8,2020-03-22,在售
4157,欧莱雅 美容仪 Plus,美妆个护,美容仪,欧莱雅,868.45,392.54,2749,7,3.4,2023-05-09,在售
4158,资生堂 防晒霜,美妆个护,防晒霜,资生堂,51.17,21.88,2104,87,3.8,2025-03-28,下架
4159,京东图书 儿童绘本 经典款,图书文娱,儿童绘本,京东图书,39.54,26.01,639,72,4.0,2023-01-07,在售
4160,启赋 童装 标准版(金色),母婴用品,童装,启赋,145.43,95.06,3150,26,4.0,2020-04-04,在售
4161,戴尔 路由器,电子产品,路由器,戴尔,317.38,147.98,419,15,3.5,2021-04-02,在售
4162,双立人 电饭煲 经典款,家居生活,电饭煲,双立人,1206.4,841.11,1440,3,4.7,2023-11-30,在售
4163,雷蛇 充电宝 Plus,电子产品,充电宝,雷蛇,46.24,27.43,557,63,3.5,2024-08-09,在售
4164,当当 历史书籍 青春版,图书文娱,历史书籍,当当,80.9,52.5,272,52,4.5,2021-07-23,在售
4165,香奈儿 化妆刷 限定版(红色),美妆个护,化妆刷,香奈儿,23.42,17.1,865,117,3.4,2022-06-07,在售
4166,苹果 充电宝 Pro,电子产品,充电宝,苹果,38.86,23.11,84,76,3.6,2020-02-19,在售
4167,新东方 小说 青春版,图书文娱,小说,新东方,59.9,35.91,4906,77,3.2,2021-04-10,在售
4168,奥克斯 雨伞 Plus,家居生活,雨伞,奥克斯,21.66,14.78,2539,147,4.2,2021-01-23,在售
4169,苏泊尔 晾衣架 标准版(红色),家居生活,晾衣架,苏泊尔,33.59,19.19,3356,67,3.9,2022-10-11,在售
4170,蒙牛 保健品 标准版,食品饮料,保健品,蒙牛,216.21,153.39,4934,20,4.7,2022-12-26,下架
4171,蒙牛 牛奶 Plus,食品饮料,牛奶,蒙牛,50.04,13.29,2893,56,4.0,2022-09-22,在售
4172,资生堂 卸妆水 Pro,美妆个护,卸妆水,资生堂,175.51,99.58,4399,19,4.0,2024-05-31,在售
4173,vivo 智能手表 Pro(银色),电子产品,智能手表,vivo,708.56,200.41,4577,7,5.0,2022-08-17,在售
4174,格力 吸尘器 标准版,家居生活,吸尘器,格力,212.89,53.85,2745,19,4.3,2022-01-15,下架
4175,当当 漫画 标准版(金色),图书文娱,漫画,当当,21.42,12.71,1403,139,4.2,2020-05-29,在售
4176,来伊份 茶叶 经典款,食品饮料,茶叶,来伊份,236.39,133.18,4577,18,4.0,2021-07-18,在售
4177,ZARA 卫衣 Plus,服装鞋帽,卫衣,ZARA,195.21,101.78,300,29,4.3,2024-05-26,在售
4178,九阳 晾衣架 青春版,家居生活,晾衣架,九阳,61.4,45.69,4174,59,3.7,2021-11-12,在售
4179,华硕 耳机 Pro(红色),电子产品,耳机,华硕,31.86,8.71,3762,89,4.3,2021-08-02,在售
4180,德芙 保健品 标准版,食品饮料,保健品,德芙,224.83,86.65,4676,25,5.0,2020-04-18,在售
4181,森马 泳衣 新款,服装鞋帽,泳衣,森马,115.76,32.04,3756,34,5.0,2021-12-31,在售
4182,三只松鼠 果冻 新款,食品饮料,果冻,三只松鼠,8.89,3.78,4766,264,3.5,2021-02-27,缺货
4183,百草味 食用油 升级版(黑色),食品饮料,食用油,百草味,46.34,27.58,3893,73,3.4,2022-04-22,下架
4184,德芙 方便面 升级版,食品饮料,方便面,德芙,15.96,10.3,4245,191,3.5,2020-01-30,在售
4185,膳魔师 窗帘 限定版,家居生活,窗帘,膳魔师,178.83,127.1,1263,18,5.0,2023-07-25,在售
4186,尼康 内存卡 限定版(灰色),电子产品,内存卡,尼康,55.08,14.18,4287,48,5.0,2022-10-25,在售
4187,星巴克 蜂蜜,食品饮料,蜂蜜,星巴克,35.01,8.91,827,96,4.1,2024-08-16,在售
4188,花西子 眉笔 标准版,美妆个护,眉笔,花西子,18.81,12.4,4239,181,3.9,2024-01-04,在售
4189,李宁 西装 Pro,服装鞋帽,西装,李宁,345.46,230.61,3988,3,5.0,2021-04-15,缺货
4190,华硕 数据线 Plus,电子产品,数据线,华硕,15.57,7.86,3402,194,4.0,2025-05-01,在售
4191,SK-II 香水 Plus(粉色),美妆个护,香水,SK-II,209.69,89.65,121,12,3.0,2023-01-20,在售
4192,迪奥 精华液 (粉色),美妆个护,精华液,迪奥,110.24,65.63,332,36,4.2,2019-11-19,在售
4193,百草味 咖啡 Plus,食品饮料,咖啡,百草味,21.11,7.96,4138,135,3.6,2019-01-23,在售
4194,SK-II 指甲油 标准版(红色),美妆个护,指甲油,SK-II,12.18,3.56,1434,232,3.7,2019-01-18,在售
4195,三只松鼠 食用油 升级版(银色),食品饮料,食用油,三只松鼠,94.51,58.14,790,24,3.5,2021-08-09,在售
4196,特步 太阳镜 标准版(灰色),服装鞋帽,太阳镜,特步,125.8,34.03,4850,24,4.0,2022-06-17,在售
4197,樊登读书 篮球 经典款,图书文娱,篮球,樊登读书,179.13,118.0,2144,16,4.0,2025-03-05,在售
4198,倩碧 粉底液 Plus(蓝色),美妆个护,粉底液,倩碧,46.43,32.5,4468,68,3.7,2023-09-28,在售
4199,雷蛇 路由器 经典款,电子产品,路由器,雷蛇,503.0,189.27,4697,2,3.2,2020-08-17,缺货
4200,帮宝适 婴儿沐浴露 升级版,母婴用品,婴儿沐浴露,帮宝适,27.53,17.23,2282,112,3.8,2019-03-21,在售
4201,贝亲 婴儿背带 旗舰版(红色),母婴用品,婴儿背带,贝亲,34.3,24.65,3284,92,4.1,2020-05-07,在售
4202,匡威 衬衫 Pro,服装鞋帽,衬衫,匡威,79.63,37.46,2144,38,4.0,2020-07-01,在售
4203,美赞臣 纸尿裤 标准版,母婴用品,纸尿裤,美赞臣,290.53,199.03,3365,11,2.0,2019-10-12,在售
4204,蒙牛 进口饼干 升级版,食品饮料,进口饼干,蒙牛,80.59,37.0,4086,59,3.6,2022-01-03,在售
4205,好孩子 婴儿沐浴露 升级版,母婴用品,婴儿沐浴露,好孩子,56.26,34.7,3855,62,3.0,2020-10-26,在售
4206,无印良品 沙发 限定版,家居生活,沙发,无印良品,622.36,191.6,2986,3,4.0,2022-08-25,在售
4207,得到 儿童绘本 经典款,图书文娱,儿童绘本,得到,36.3,15.99,2299,75,4.2,2020-05-06,下架
4208,宜家 吸尘器 旗舰版,家居生活,吸尘器,宜家,3284.56,1637.18,4136,0,3.1,2020-12-04,在售
4209,可优比 儿童安全座椅 标准版,母婴用品,儿童安全座椅,可优比,1354.45,618.82,1323,3,5.0,2022-01-03,在售
4210,佳能 路由器 经典款(黑色),电子产品,路由器,佳能,165.09,73.2,4880,23,3.5,2023-07-26,缺货
4211,兰蔻 香水 经典款,美妆个护,香水,兰蔻,141.78,99.22,4096,32,3.5,2019-05-29,在售
4212,安踏 女装连衣裙 青春版(金色),服装鞋帽,女装连衣裙,安踏,57.85,17.47,2140,56,4.1,2023-07-30,在售
4213,新东方 钢笔 标准版(白色),图书文娱,钢笔,新东方,391.69,211.54,280,11,2.5,2021-09-15,在售
4214,鸿星尔克 帽子 Pro,服装鞋帽,帽子,鸿星尔克,68.66,35.3,3589,47,4.0,2025-03-09,缺货
4215,佳能 路由器 旗舰版(粉色),电子产品,路由器,佳能,682.75,486.51,119,6,4.0,2024-09-17,在售
4216,九阳 地毯 限定版,家居生活,地毯,九阳,57.73,34.75,4583,65,4.7,2022-01-09,在售
4217,子初 奶瓶 限定版,母婴用品,奶瓶,子初,274.08,88.49,845,12,5.0,2024-05-26,下架
4218,当当 篮球 经典款(粉色),图书文娱,篮球,当当,70.11,49.05,250,39,3.4,2021-04-17,缺货
4219,启赋 婴儿推车 经典款,母婴用品,婴儿推车,启赋,268.82,80.23,1298,12,3.5,2025-02-24,在售
4220,资生堂 面膜 Plus,美妆个护,面膜,资生堂,135.37,72.86,41,23,4.0,2022-12-23,在售
4221,爱仕达 晾衣架 升级版,家居生活,晾衣架,爱仕达,14.02,8.88,322,179,3.2,2024-05-05,在售
4222,森马 女装连衣裙 Pro(黑色),服装鞋帽,女装连衣裙,森马,128.79,44.66,1426,21,3.7,2024-05-04,在售
4223,耐克 泳衣 经典款,服装鞋帽,泳衣,耐克,138.56,99.75,3178,16,4.0,2022-12-09,缺货
4224,中信出版 笔记本 升级版(粉色),图书文娱,笔记本,中信出版,74.96,43.17,130,32,3.8,2022-02-16,缺货
4225,三星 路由器 限定版,电子产品,路由器,三星,135.6,99.57,2277,27,5.0,2020-02-12,在售
4226,优衣库 高跟鞋 标准版(蓝色),服装鞋帽,高跟鞋,优衣库,296.71,89.78,3308,8,3.5,2021-05-01,在售
4227,无印良品 电风扇 升级版(黑色),家居生活,电风扇,无印良品,99.67,53.67,1400,26,5.0,2023-03-19,在售
4228,樊登读书 篮球 标准版,图书文娱,篮球,樊登读书,54.18,29.26,390,65,3.2,2023-03-14,在售
4229,百草味 茶叶 标准版(白色),食品饮料,茶叶,百草味,64.63,48.04,4691,42,3.3,2021-04-26,在售
4230,茅台 咖啡 青春版,食品饮料,咖啡,茅台,269.98,200.08,276,12,3.0,2022-09-11,在售
4231,电子工业 心理学 标准版(银色),图书文娱,心理学,电子工业,190.31,85.99,2224,27,4.0,2021-10-31,在售
4232,SK-II 眼影盘 升级版,美妆个护,眼影盘,SK-II,280.21,71.89,4705,4,4.0,2021-09-25,下架
4233,babycare 爬行垫 标准版(蓝色),母婴用品,爬行垫,babycare,44.83,20.15,736,75,3.6,2024-03-31,在售
4234,阿迪达斯 皮带 经典款,服装鞋帽,皮带,阿迪达斯,203.67,146.88,2795,9,3.0,2024-03-14,在售
4235,可优比 纸尿裤 升级版,母婴用品,纸尿裤,可优比,87.67,46.83,3163,35,4.0,2021-05-28,在售
4236,好奇 儿童安全座椅 标准版(红色),母婴用品,儿童安全座椅,好奇,1911.22,508.62,250,0,3.4,2023-06-03,在售
4237,方太 窗帘 经典款(黑色),家居生活,窗帘,方太,616.32,292.3,2263,5,4.0,2022-07-05,在售
4238,耐克 运动外套 青春版,服装鞋帽,运动外套,耐克,105.9,72.71,2479,26,3.0,2020-12-27,在售
4239,索尼 移动硬盘 旗舰版(黑色),电子产品,移动硬盘,索尼,753.7,281.72,3919,2,3.7,2022-03-10,在售
4240,京东图书 书法字帖 限定版(白色),图书文娱,书法字帖,京东图书,18.18,4.99,3788,191,3.5,2022-10-01,在售
4241,子初 婴儿推车 限定版,母婴用品,婴儿推车,子初,366.87,224.6,537,16,2.7,2021-06-03,在售
4242,babycare 婴儿推车 标准版(白色),母婴用品,婴儿推车,babycare,1304.77,492.56,3206,5,5.0,2022-04-03,在售
4243,华硕 显示器 限定版(白色),电子产品,显示器,华硕,4720.55,3373.48,2099,0,3.7,2025-01-05,在售
4244,特步 帽子 升级版,服装鞋帽,帽子,特步,187.4,52.84,4767,16,4.8,2024-01-08,下架
4245,奥克斯 窗帘 升级版(灰色),家居生活,窗帘,奥克斯,466.87,340.36,74,11,3.9,2023-01-09,在售
4246,中信出版 编程书籍 限定版(红色),图书文娱,编程书籍,中信出版,37.69,22.06,851,78,4.2,2021-12-30,在售
4247,樊登读书 瑜伽垫 Pro,图书文娱,瑜伽垫,樊登读书,143.07,64.25,3256,19,4.0,2022-02-20,在售
4248,贝亲 儿童帐篷 新款,母婴用品,儿童帐篷,贝亲,403.39,161.29,51,7,5.0,2020-11-18,在售
4249,蒙牛 茶叶 标准版,食品饮料,茶叶,蒙牛,83.52,25.67,4721,38,2.2,2022-09-30,在售
4250,太平鸟 运动外套 升级版,服装鞋帽,运动外套,太平鸟,475.05,310.54,1724,3,5.0,2023-03-31,在售
4251,京东图书 心理学 (黑色),图书文娱,心理学,京东图书,82.03,22.52,392,31,4.5,2022-08-17,在售
4252,MAC 眼影盘 旗舰版,美妆个护,眼影盘,MAC,69.06,38.83,4853,51,4.2,2023-01-04,在售
4253,美赞臣 儿童水杯 新款,母婴用品,儿童水杯,美赞臣,28.05,10.21,311,95,2.8,2022-10-23,在售
4254,张裕 咖啡 限定版,食品饮料,咖啡,张裕,41.26,22.36,3818,101,3.9,2019-04-12,在售
4255,奥克斯 电风扇 Pro,家居生活,电风扇,奥克斯,446.44,201.8,2379,9,2.6,2021-02-15,在售
4256,特步 运动鞋 标准版,服装鞋帽,运动鞋,特步,411.07,224.02,2206,9,4.5,2021-04-16,下架
4257,伊利 蛋白粉 升级版(金色),食品饮料,蛋白粉,伊利,439.68,147.06,4224,12,5.0,2020-04-11,下架
4258,UR 运动外套 Plus,服装鞋帽,运动外套,UR,491.56,243.23,4619,4,2.9,2020-01-05,在售
4259,得到 文具 限定版,图书文娱,文具,得到,2.6,0.9,1001,882,3.7,2022-01-29,在售
4260,樊登读书 科幻小说 Plus,图书文娱,科幻小说,樊登读书,73.72,20.21,3062,48,2.8,2021-02-22,在售
4261,森马 卫衣 标准版,服装鞋帽,卫衣,森马,188.97,61.86,2360,16,4.0,2019-02-02,在售
4262,五粮液 饮料 旗舰版,食品饮料,饮料,五粮液,22.27,14.8,26,145,3.4,2021-11-24,在售
4263,耐克 运动外套 (灰色),服装鞋帽,运动外套,耐克,437.86,287.17,2639,9,4.0,2021-07-13,在售
4264,花西子 沐浴露 标准版,美妆个护,沐浴露,花西子,48.92,14.2,1501,103,4.3,2019-12-25,在售
4265,babycare 婴儿沐浴露 经典款(蓝色),母婴用品,婴儿沐浴露,babycare,71.76,29.43,2886,28,3.5,2021-04-28,缺货
4266,森马 袜子,服装鞋帽,袜子,森马,19.35,12.27,1389,165,4.0,2025-03-12,下架
4267,知乎 英语教材 经典款(灰色),图书文娱,英语教材,知乎,44.37,21.76,2385,69,4.0,2024-04-22,缺货
4268,鸿星尔克 围巾 旗舰版,服装鞋帽,围巾,鸿星尔克,20.37,5.66,246,136,3.4,2020-06-17,在售
4269,倩碧 防晒霜 新款,美妆个护,防晒霜,倩碧,181.22,48.57,4063,31,2.0,2022-04-19,在售
4270,戴尔 路由器 旗舰版,电子产品,路由器,戴尔,56.19,37.16,1099,57,3.7,2022-07-08,在售
4271,农夫山泉 坚果零食 经典款(红色),食品饮料,坚果零食,农夫山泉,177.47,76.66,2647,18,5.0,2020-08-17,在售
4272,好奇 婴儿推车 标准版,母婴用品,婴儿推车,好奇,1266.84,935.67,4354,3,3.8,2022-11-22,在售
4273,当当 文具 经典款,图书文娱,文具,当当,5.64,3.95,4452,460,3.7,2024-11-09,在售
4274,苹果 智能手表 Pro(金色),电子产品,智能手表,苹果,1531.53,789.26,188,4,2.3,2025-05-27,下架
4275,阿迪达斯 袜子 旗舰版,服装鞋帽,袜子,阿迪达斯,28.69,20.96,353,115,3.5,2020-02-04,在售
4276,戴森 收纳箱 青春版,家居生活,收纳箱,戴森,22.69,13.23,2384,124,3.6,2021-10-05,在售
4277,好奇 早教机 旗舰版(粉色),母婴用品,早教机,好奇,117.99,65.15,1445,32,3.0,2025-05-29,在售
4278,兰蔻 精华液 标准版,美妆个护,精华液,兰蔻,258.57,81.88,3511,9,4.0,2021-08-14,在售
4279,百草味 果冻,食品饮料,果冻,百草味,4.04,1.41,4928,647,4.0,2019-04-21,在售
4280,苹果 游戏主机 Plus(金色),电子产品,游戏主机,苹果,6226.98,2601.88,4836,0,3.8,2020-07-30,缺货
4281,安踏 泳衣 旗舰版,服装鞋帽,泳衣,安踏,62.06,31.79,1576,48,3.3,2020-05-16,在售
4282,OPPO 笔记本电脑 Plus,电子产品,笔记本电脑,OPPO,6692.19,1720.99,3490,0,5.0,2021-08-08,在售
4283,中信出版 围棋 Pro(红色),图书文娱,围棋,中信出版,34.81,9.27,273,102,4.1,2021-01-06,下架
4284,小米 数据线 青春版,电子产品,数据线,小米,53.25,32.68,4553,45,2.8,2019-05-20,在售
4285,babycare 儿童帐篷 标准版,母婴用品,儿童帐篷,babycare,740.93,460.63,182,6,2.5,2021-04-10,缺货
4286,戴森 电风扇 限定版(黑色),家居生活,电风扇,戴森,1132.88,533.83,2306,1,4.9,2022-03-19,在售
4287,中信出版 考研资料 升级版,图书文娱,考研资料,中信出版,351.54,89.9,4079,11,3.3,2019-05-12,在售
4288,星巴克 蛋白粉 Plus,食品饮料,蛋白粉,星巴克,223.49,73.67,269,21,5.0,2022-07-25,在售
4289,五粮液 保健品 限定版,食品饮料,保健品,五粮液,589.16,374.4,4908,4,1.9,2022-06-27,在售
4290,人民文学 小说 旗舰版,图书文娱,小说,人民文学,63.65,47.63,620,52,3.9,2023-03-12,在售
4291,好奇 积木玩具,母婴用品,积木玩具,好奇,211.12,62.97,2398,16,3.0,2024-11-24,在售
4292,vivo 笔记本电脑 Plus(红色),电子产品,笔记本电脑,vivo,6894.15,3455.88,1762,0,3.7,2020-09-09,在售
4293,雀巢 牛奶 新款,食品饮料,牛奶,雀巢,35.75,10.9,2549,99,3.5,2023-10-02,在售
4294,农夫山泉 进口饼干 新款,食品饮料,进口饼干,农夫山泉,32.19,20.63,837,92,4.0,2019-12-21,在售
4295,华硕 投影仪 限定版,电子产品,投影仪,华硕,4754.66,1901.27,4640,0,3.0,2019-09-04,在售
4296,百雀羚 眼影盘 Plus(灰色),美妆个护,眼影盘,百雀羚,45.37,14.11,1780,65,4.1,2019-10-28,在售
4297,爱他美 婴儿沐浴露 Plus(灰色),母婴用品,婴儿沐浴露,爱他美,63.66,31.43,179,43,4.4,2022-08-31,在售
4298,鸿星尔克 睡衣 Pro,服装鞋帽,睡衣,鸿星尔克,221.46,79.67,4590,21,3.6,2021-07-04,在售
4299,香奈儿 定妆喷雾 (金色),美妆个护,定妆喷雾,香奈儿,201.12,132.51,4353,16,4.0,2024-09-13,在售
4300,苏泊尔 空气净化器 限定版,家居生活,空气净化器,苏泊尔,1186.22,439.29,4635,5,3.0,2020-03-10,缺货
4301,雷蛇 充电宝 旗舰版,电子产品,充电宝,雷蛇,198.78,100.94,2295,17,3.7,2024-12-26,缺货
4302,贝亲 温奶器 升级版(粉色),母婴用品,温奶器,贝亲,192.75,122.73,375,20,4.0,2020-04-02,在售
4303,苏泊尔 雨伞 升级版(白色),家居生活,雨伞,苏泊尔,16.08,11.54,4278,202,4.2,2019-11-30,下架
4304,电子工业 书法字帖 Plus,图书文娱,书法字帖,电子工业,59.92,44.03,1098,57,4.0,2021-02-23,在售
4305,伊利 蛋白粉,食品饮料,蛋白粉,伊利,131.84,78.18,101,31,4.3,2021-08-14,在售
4306,伊利 方便面 新款,食品饮料,方便面,伊利,14.49,6.48,510,225,3.9,2020-11-22,在售
4307,耐克 汉服 经典款,服装鞋帽,汉服,耐克,1038.8,665.08,3630,3,4.4,2020-11-26,在售
4308,兰蔻 护手霜 升级版,美妆个护,护手霜,兰蔻,13.5,5.13,1571,207,3.4,2022-04-28,在售
4309,花西子 卸妆水 标准版,美妆个护,卸妆水,花西子,206.29,57.49,2170,26,3.7,2021-03-18,在售
4310,星巴克 蛋白粉 Pro(灰色),食品饮料,蛋白粉,星巴克,150.34,85.71,4525,18,3.0,2023-01-20,在售
4311,波司登 休闲裤 青春版,服装鞋帽,休闲裤,波司登,123.94,31.23,1144,23,2.7,2025-05-21,缺货
4312,三只松鼠 肉干,食品饮料,肉干,三只松鼠,24.74,11.38,461,140,3.5,2021-08-02,在售
4313,方太 微波炉 Pro(灰色),家居生活,微波炉,方太,455.82,291.03,3738,4,3.2,2019-01-27,在售
4314,五粮液 进口饼干 限定版,食品饮料,进口饼干,五粮液,85.37,61.5,2636,41,5.0,2024-03-29,在售
4315,可优比 儿童牙刷 青春版,母婴用品,儿童牙刷,可优比,8.83,4.6,4823,284,3.6,2022-04-10,下架
4316,伊利 坚果零食 升级版,食品饮料,坚果零食,伊利,37.53,19.28,4230,72,4.0,2020-11-23,在售
4317,恰恰 红酒 经典款,食品饮料,红酒,恰恰,57.23,31.51,2928,73,4.6,2023-11-25,在售
4318,ZARA 太阳镜 新款(红色),服装鞋帽,太阳镜,ZARA,165.32,69.35,198,17,4.0,2020-11-29,在售
4319,花西子 定妆喷雾 Plus(蓝色),美妆个护,定妆喷雾,花西子,36.07,19.01,3441,94,3.6,2020-04-14,在售
4320,方太 电饭煲 经典款(灰色),家居生活,电饭煲,方太,929.33,535.73,413,2,4.0,2024-01-10,在售
4321,戴森 雨伞 新款,家居生活,雨伞,戴森,22.76,5.83,145,143,3.6,2021-08-13,在售
4322,美赞臣 纸尿裤 青春版(蓝色),母婴用品,纸尿裤,美赞臣,121.26,64.64,2369,37,4.5,2021-04-25,在售
4323,樊登读书 健身器材,图书文娱,健身器材,樊登读书,248.54,146.31,299,15,2.0,2021-10-25,在售
4324,vivo 数据线 经典款,电子产品,数据线,vivo,96.1,29.0,4728,37,4.9,2025-04-22,在售
4325,帮宝适 婴儿背带 经典款,母婴用品,婴儿背带,帮宝适,67.5,26.82,3544,51,4.0,2025-04-29,在售
4326,资生堂 染发剂 限定版(灰色),美妆个护,染发剂,资生堂,25.88,9.32,2752,140,3.7,2020-12-07,在售
4327,雪花秀 香水 旗舰版(黑色),美妆个护,香水,雪花秀,843.38,539.39,2506,2,3.1,2020-02-01,在售
4328,波司登 皮带 限定版,服装鞋帽,皮带,波司登,31.66,16.85,1359,88,3.7,2019-06-26,在售
4329,香奈儿 染发剂 旗舰版,美妆个护,染发剂,香奈儿,219.91,162.31,2774,19,5.0,2022-07-19,缺货
4330,联想 游戏主机 Pro(金色),电子产品,游戏主机,联想,1511.53,626.47,4750,5,5.0,2019-10-07,在售
4331,海澜之家 汉服 升级版,服装鞋帽,汉服,海澜之家,114.55,48.29,180,28,4.0,2023-09-19,在售
4332,新东方 文具,图书文娱,文具,新东方,33.19,10.0,2063,78,4.2,2020-04-19,缺货
4333,子初 奶瓶 升级版,母婴用品,奶瓶,子初,190.43,128.16,2349,17,5.0,2024-04-21,在售
4334,森马 太阳镜 标准版,服装鞋帽,太阳镜,森马,202.4,90.56,1504,23,2.3,2020-06-03,在售
4335,惠氏 奶瓶 青春版,母婴用品,奶瓶,惠氏,98.88,68.32,1382,28,4.5,2024-02-24,在售
4336,帮宝适 婴儿湿巾 旗舰版,母婴用品,婴儿湿巾,帮宝适,14.82,10.93,1735,212,3.7,2022-04-14,在售
4337,尼康 手机 标准版,电子产品,手机,尼康,6817.8,4420.94,3648,1,4.0,2023-09-30,下架
4338,雀巢 蛋白粉 限定版(灰色),食品饮料,蛋白粉,雀巢,427.85,273.8,2066,11,4.0,2019-12-12,缺货
4339,启赋 婴儿推车 新款(银色),母婴用品,婴儿推车,启赋,835.91,293.0,320,5,4.3,2022-12-19,在售
4340,优衣库 睡衣 旗舰版,服装鞋帽,睡衣,优衣库,103.04,47.27,3376,40,3.5,2023-04-03,在售
4341,格力 沙发,家居生活,沙发,格力,2103.02,1100.96,1462,3,2.9,2022-06-21,在售
4342,电子工业 瑜伽垫 Pro,图书文娱,瑜伽垫,电子工业,298.14,132.18,4226,11,3.0,2022-07-03,下架
4343,得到 编程书籍 青春版,图书文娱,编程书籍,得到,40.23,11.87,2890,67,3.0,2019-01-29,下架
4344,方太 微波炉 旗舰版(白色),家居生活,微波炉,方太,258.74,124.54,4437,16,4.1,2023-06-23,在售
4345,方太 垃圾桶 升级版(蓝色),家居生活,垃圾桶,方太,5.79,3.96,4134,432,3.7,2019-10-19,缺货
4346,特步 围巾 Pro,服装鞋帽,围巾,特步,34.46,17.15,4886,104,4.1,2025-04-29,在售
4347,茅台 红酒 升级版,食品饮料,红酒,茅台,76.46,28.09,3745,60,4.5,2019-06-03,在售
4348,张裕 蛋白粉 限定版(金色),食品饮料,蛋白粉,张裕,171.34,114.26,944,24,2.0,2019-04-21,在售
4349,OPPO 笔记本电脑 经典款,电子产品,笔记本电脑,OPPO,4179.5,2334.63,3376,2,1.6,2024-07-26,在售
4350,贝亲 婴儿沐浴露 Pro,母婴用品,婴儿沐浴露,贝亲,148.5,91.67,393,17,4.5,2022-07-11,在售
4351,李宁 牛仔裤 Plus,服装鞋帽,牛仔裤,李宁,127.59,43.04,362,24,4.0,2022-06-22,在售
4352,babycare 积木玩具 新款(银色),母婴用品,积木玩具,babycare,135.4,69.07,983,21,4.6,2021-01-27,在售
4353,全棉时代 儿童水杯 新款,母婴用品,儿童水杯,全棉时代,39.84,25.41,60,66,3.4,2021-07-28,在售
4354,膳魔师 窗帘 Plus(黑色),家居生活,窗帘,膳魔师,209.37,102.69,3531,19,4.9,2023-07-09,在售
4355,戴尔 移动硬盘 升级版,电子产品,移动硬盘,戴尔,1240.47,698.31,38,1,4.9,2020-02-17,缺货
4356,星巴克 食用油,食品饮料,食用油,星巴克,41.36,16.8,2985,79,4.1,2022-04-19,在售
4357,德芙 蜂蜜 升级版,食品饮料,蜂蜜,德芙,129.66,64.14,1123,27,3.3,2024-07-02,在售
4358,樊登读书 瑜伽垫 经典款(粉色),图书文娱,瑜伽垫,樊登读书,163.79,115.1,1498,22,3.8,2024-09-07,在售
4359,星巴克 饮料 标准版,食品饮料,饮料,星巴克,24.12,13.99,512,117,3.7,2022-11-01,缺货
4360,方太 电风扇 升级版(白色),家居生活,电风扇,方太,126.24,80.19,3757,33,5.0,2021-09-08,在售
4361,MAC 化妆刷 限定版,美妆个护,化妆刷,MAC,17.24,6.33,4771,174,3.7,2024-08-25,下架
4362,机械工业 文具 限定版(灰色),图书文娱,文具,机械工业,37.12,15.49,2015,73,3.8,2023-03-19,在售
4363,九阳 电风扇 (灰色),家居生活,电风扇,九阳,794.51,237.06,219,3,3.0,2020-04-29,下架
4364,惠氏 温奶器 经典款(蓝色),母婴用品,温奶器,惠氏,239.34,151.05,621,12,1.0,2022-07-15,在售
4365,网易严选 电风扇 青春版(金色),家居生活,电风扇,网易严选,108.69,62.82,3622,35,2.0,2022-11-22,在售
4366,好孩子 儿童帐篷 Plus(粉色),母婴用品,儿童帐篷,好孩子,368.3,96.49,3459,12,5.0,2023-05-04,在售
4367,戴森 沙发 新款,家居生活,沙发,戴森,6699.05,4075.42,1076,0,5.0,2019-07-21,在售
4368,兰蔻 洗发水 限定版(红色),美妆个护,洗发水,兰蔻,276.18,85.13,1638,23,4.0,2025-06-05,在售
4369,兰蔻 护手霜 新款(灰色),美妆个护,护手霜,兰蔻,165.92,53.8,4280,24,4.0,2023-07-09,在售
4370,鸿星尔克 高跟鞋 Pro(粉色),服装鞋帽,高跟鞋,鸿星尔克,427.47,210.79,4296,11,2.0,2019-05-31,在售
4371,茅台 保健品 升级版(金色),食品饮料,保健品,茅台,978.48,499.76,2295,0,4.5,2024-04-21,在售
4372,五粮液 蜂蜜 青春版,食品饮料,蜂蜜,五粮液,260.61,101.88,1457,16,3.0,2020-07-28,下架
4373,全棉时代 摇铃 Pro,母婴用品,摇铃,全棉时代,19.21,5.09,4915,158,3.9,2019-05-14,在售
4374,阿迪达斯 运动外套 青春版(蓝色),服装鞋帽,运动外套,阿迪达斯,215.65,117.11,912,17,4.0,2019-06-22,在售
4375,人民文学 拼图 标准版,图书文娱,拼图,人民文学,16.22,6.18,3717,196,3.6,2023-12-12,在售
4376,佳能 耳机 青春版,电子产品,耳机,佳能,111.48,71.67,3008,34,3.2,2024-02-02,在售
4377,欧莱雅 防晒霜 标准版(白色),美妆个护,防晒霜,欧莱雅,205.88,54.15,4592,14,3.5,2022-03-10,在售
4378,三只松鼠 咖啡 青春版(粉色),食品饮料,咖啡,三只松鼠,122.74,34.17,2428,29,4.0,2023-12-14,下架
4379,完美日记 粉底液 Plus,美妆个护,粉底液,完美日记,115.82,41.67,1883,23,3.8,2022-01-18,在售
4380,戴森 微波炉 升级版,家居生活,微波炉,戴森,1080.92,757.1,3004,13,4.6,2022-02-10,在售
4381,老板电器 垃圾桶 标准版(红色),家居生活,垃圾桶,老板电器,25.17,16.85,15,121,3.2,2019-04-09,缺货
4382,格力 保温杯 限定版(金色),家居生活,保温杯,格力,132.73,75.83,316,23,3.4,2024-10-18,在售
4383,英氏 儿童牙刷,母婴用品,儿童牙刷,英氏,45.61,24.18,4754,97,4.0,2022-10-14,下架
4384,阿迪达斯 西装 新款,服装鞋帽,西装,阿迪达斯,1064.89,388.06,2989,2,5.0,2025-05-23,下架
4385,费列罗 果冻 Plus(白色),食品饮料,果冻,费列罗,16.68,4.42,671,212,4.4,2021-07-04,在售
4386,香奈儿 指甲油 限定版,美妆个护,指甲油,香奈儿,66.74,32.69,3923,52,4.2,2021-11-08,在售
4387,耐克 内衣 Plus,服装鞋帽,内衣,耐克,106.28,37.15,4669,48,3.7,2023-03-22,缺货
4388,宜家 抱枕 经典款,家居生活,抱枕,宜家,16.51,6.95,3381,165,3.6,2023-03-09,在售
4389,H&M 汉服 新款,服装鞋帽,汉服,H&M,117.16,35.55,4887,22,3.0,2023-03-13,在售
4390,农夫山泉 糖果 青春版,食品饮料,糖果,农夫山泉,58.55,18.2,4625,63,4.2,2022-10-17,在售
4391,vivo 智能手表 新款(白色),电子产品,智能手表,vivo,374.64,180.85,752,8,4.0,2024-07-15,在售
4392,OPPO 键盘 升级版,电子产品,键盘,OPPO,898.22,352.83,1631,5,4.9,2023-09-15,下架
4393,网易严选 抱枕,家居生活,抱枕,网易严选,10.61,4.78,2607,289,3.6,2019-03-10,在售
4394,三只松鼠 茶叶 青春版,食品饮料,茶叶,三只松鼠,50.75,13.76,559,69,4.0,2019-07-02,下架
4395,老板电器 电饭煲 标准版,家居生活,电饭煲,老板电器,807.2,487.82,1263,6,5.0,2025-01-28,在售
4396,宜家 抱枕 Pro,家居生活,抱枕,宜家,33.61,19.82,2269,79,3.8,2022-10-06,在售
4397,ZARA 衬衫 限定版,服装鞋帽,衬衫,ZARA,108.43,65.25,4837,36,3.6,2023-07-22,在售
4398,雪花秀 洗发水 旗舰版,美妆个护,洗发水,雪花秀,106.13,36.85,1690,40,4.4,2019-12-17,在售
4399,罗技 键盘 标准版,电子产品,键盘,罗技,94.72,37.01,3645,32,4.3,2021-07-26,在售
4400,好孩子 婴儿湿巾 青春版,母婴用品,婴儿湿巾,好孩子,71.11,20.72,2428,38,4.2,2019-05-01,缺货
4401,蒙牛 方便面 旗舰版,食品饮料,方便面,蒙牛,5.24,3.31,2522,505,3.9,2023-04-15,在售
4402,完美日记 面霜 新款,美妆个护,面霜,完美日记,107.12,54.51,107,35,4.2,2021-09-24,在售
4403,阿迪达斯 西装 旗舰版,服装鞋帽,西装,阿迪达斯,1835.93,525.62,832,1,3.0,2022-04-22,在售
4404,百雀羚 身体乳 标准版,美妆个护,身体乳,百雀羚,62.01,20.51,317,49,3.6,2025-05-04,在售
4405,匡威 汉服 Pro(金色),服装鞋帽,汉服,匡威,262.36,150.33,2599,13,4.0,2025-05-09,在售
4406,雀巢 咖啡 新款,食品饮料,咖啡,雀巢,85.9,45.02,3689,31,4.0,2023-03-24,下架
4407,babycare 儿童牙刷 Plus,母婴用品,儿童牙刷,babycare,67.61,23.01,144,46,4.0,2022-12-07,在售
4408,双立人 地毯 新款,家居生活,地毯,双立人,107.37,50.81,3072,47,4.0,2020-09-30,下架
4409,贝亲 婴儿湿巾 Plus,母婴用品,婴儿湿巾,贝亲,56.08,18.65,2764,71,4.3,2020-10-21,下架
4410,BOSE 打印机 Pro(蓝色),电子产品,打印机,BOSE,1478.86,431.44,925,0,3.2,2025-03-29,在售
4411,BOSE 游戏主机 标准版(银色),电子产品,游戏主机,BOSE,2208.0,919.4,4930,0,4.4,2023-05-29,在售
4412,迪奥 身体乳 青春版,美妆个护,身体乳,迪奥,87.34,38.51,3574,45,4.0,2022-05-13,在售
4413,李宁 羽绒服 Pro,服装鞋帽,羽绒服,李宁,1120.42,500.44,3874,8,4.8,2025-04-01,在售
4414,自然堂 面霜 升级版,美妆个护,面霜,自然堂,169.16,126.17,2871,33,4.0,2020-03-15,在售
4415,爱仕达 雨伞 升级版(白色),家居生活,雨伞,爱仕达,11.05,8.07,2429,242,3.9,2023-01-08,在售
4416,vivo 手机 升级版,电子产品,手机,vivo,7942.27,2711.41,3303,0,4.8,2021-07-20,在售
4417,SK-II 香水 新款,美妆个护,香水,SK-II,287.06,87.75,229,13,5.0,2024-12-27,在售
4418,戴尔 音箱 新款(灰色),电子产品,音箱,戴尔,1292.05,594.22,288,3,3.9,2023-09-18,在售
4419,SK-II 眼影盘,美妆个护,眼影盘,SK-II,135.23,50.2,312,23,2.0,2023-02-26,在售
4420,茅台 坚果零食 旗舰版,食品饮料,坚果零食,茅台,32.28,17.33,952,93,4.0,2022-01-01,在售
4421,MAC 卸妆水 Plus,美妆个护,卸妆水,MAC,38.01,13.72,862,90,3.4,2019-11-19,在售
4422,安踏 男装T恤 标准版,服装鞋帽,男装T恤,安踏,68.14,17.23,4892,74,4.0,2022-02-17,在售
4423,星巴克 坚果零食 Plus(红色),食品饮料,坚果零食,星巴克,21.67,5.74,3804,129,4.1,2024-11-19,缺货
4424,玉兰油 洗面奶 Pro,美妆个护,洗面奶,玉兰油,48.86,16.24,4067,77,3.6,2019-08-04,在售
4425,九阳 电风扇 限定版,家居生活,电风扇,九阳,77.96,57.38,822,44,4.8,2021-05-24,下架
4426,兰蔻 面霜 升级版(银色),美妆个护,面霜,兰蔻,66.99,45.01,861,40,4.2,2022-03-07,在售
4427,小米 鼠标 标准版(金色),电子产品,鼠标,小米,29.86,21.43,4375,88,4.0,2024-03-12,在售
4428,格力 电风扇 青春版,家居生活,电风扇,格力,228.73,70.69,616,24,3.2,2022-10-19,在售
4429,玉兰油 沐浴露 升级版(黑色),美妆个护,沐浴露,玉兰油,20.82,9.36,2443,145,3.4,2020-01-05,在售
4430,新东方 英语教材 新款,图书文娱,英语教材,新东方,24.52,6.15,2146,118,3.4,2024-01-05,在售
4431,全棉时代 纸尿裤 青春版,母婴用品,纸尿裤,全棉时代,68.23,32.77,3975,47,3.7,2021-04-12,在售
4432,资生堂 身体乳 青春版,美妆个护,身体乳,资生堂,162.04,78.96,480,28,5.0,2019-02-05,在售
4433,兰蔻 粉底液 Pro(粉色),美妆个护,粉底液,兰蔻,280.44,76.85,167,5,4.2,2020-12-09,在售
4434,森马 男装T恤 标准版(白色),服装鞋帽,男装T恤,森马,99.89,30.54,4166,51,5.0,2020-05-24,在售
4435,樊登读书 笔记本 青春版(白色),图书文娱,笔记本,樊登读书,18.31,7.14,1726,182,3.9,2019-07-23,在售
4436,小米 音箱 Pro,电子产品,音箱,小米,58.75,33.64,2284,36,4.5,2025-03-05,在售
4437,ZARA 运动鞋 旗舰版(银色),服装鞋帽,运动鞋,ZARA,256.99,87.04,1033,19,1.5,2024-12-18,在售
4438,苏泊尔 晾衣架 标准版(灰色),家居生活,晾衣架,苏泊尔,73.7,32.9,286,53,4.6,2022-12-18,在售
4439,SK-II 化妆刷 青春版,美妆个护,化妆刷,SK-II,14.0,5.59,3014,193,4.2,2022-10-30,在售
4440,耐克 运动外套 Pro,服装鞋帽,运动外套,耐克,953.2,464.03,467,3,4.8,2019-09-24,在售
4441,人民文学 编程书籍 升级版,图书文娱,编程书籍,人民文学,53.87,21.53,2900,39,3.4,2021-12-05,在售
4442,伊利 坚果零食,食品饮料,坚果零食,伊利,31.59,23.58,1608,99,4.1,2024-04-22,在售
4443,尼康 游戏主机 Pro,电子产品,游戏主机,尼康,2930.44,865.44,3795,7,3.7,2023-07-24,在售
4444,爱仕达 晾衣架 青春版,家居生活,晾衣架,爱仕达,29.12,8.86,12,111,4.1,2024-02-29,缺货
4445,ZARA 卫衣 升级版,服装鞋帽,卫衣,ZARA,431.09,190.06,3698,8,4.2,2021-12-20,在售
4446,美赞臣 婴儿沐浴露 经典款,母婴用品,婴儿沐浴露,美赞臣,79.72,41.99,4823,59,2.4,2023-07-20,在售
4447,海尔 餐桌 旗舰版(白色),家居生活,餐桌,海尔,971.37,404.02,3099,2,3.0,2021-11-24,在售
4448,飞鹤 温奶器 Pro(灰色),母婴用品,温奶器,飞鹤,104.02,72.48,3697,23,4.0,2019-10-02,下架
4449,苹果 键盘 新款,电子产品,键盘,苹果,1188.44,871.91,565,5,4.3,2024-01-25,在售
4450,BOSE 智能手表 Pro,电子产品,智能手表,BOSE,848.01,274.32,2872,4,3.8,2025-06-14,下架
4451,得到 乐器 Plus(白色),图书文娱,乐器,得到,3529.26,2307.35,4788,2,4.0,2022-05-18,在售
4452,海尔 微波炉 旗舰版,家居生活,微波炉,海尔,319.84,156.2,3594,6,5.0,2020-04-29,在售
4453,玉兰油 精华液 经典款,美妆个护,精华液,玉兰油,79.98,29.55,4404,36,4.6,2023-08-09,在售
4454,阿迪达斯 泳衣 标准版(银色),服装鞋帽,泳衣,阿迪达斯,253.49,108.67,259,19,5.0,2023-06-09,在售
4455,人民文学 篮球,图书文娱,篮球,人民文学,221.3,85.12,2134,19,2.5,2021-08-31,在售
4456,H&M 太阳镜 标准版,服装鞋帽,太阳镜,H&M,36.63,13.23,150,72,3.8,2021-03-13,在售
4457,花王 婴儿湿巾,母婴用品,婴儿湿巾,花王,34.37,17.95,4782,102,4.1,2021-06-05,在售
4458,欧莱雅 卸妆水 (红色),美妆个护,卸妆水,欧莱雅,151.18,105.9,4836,26,5.0,2025-01-24,在售
4459,爱仕达 吸尘器 升级版,家居生活,吸尘器,爱仕达,2483.89,1101.86,2848,4,3.9,2025-06-03,在售
4460,子初 温奶器 新款(粉色),母婴用品,温奶器,子初,150.2,80.02,2776,19,3.0,2023-02-02,在售
4461,戴森 吸尘器 Pro,家居生活,吸尘器,戴森,1155.69,836.18,609,5,3.4,2021-04-27,在售
4462,花西子 洗发水 升级版,美妆个护,洗发水,花西子,94.34,50.76,3942,41,4.0,2023-05-22,在售
4463,良品铺子 饮料 新款,食品饮料,饮料,良品铺子,12.24,7.61,1348,219,3.8,2024-11-11,在售
4464,来伊份 薯片 旗舰版,食品饮料,薯片,来伊份,28.5,12.47,2518,106,3.9,2020-03-19,在售
4465,来伊份 果冻 旗舰版,食品饮料,果冻,来伊份,4.4,1.29,4152,588,3.5,2020-10-25,在售
4466,当当 文具 升级版,图书文娱,文具,当当,7.87,5.2,45,345,4.1,2022-04-16,在售
4467,良品铺子 红酒 青春版,食品饮料,红酒,良品铺子,337.37,85.12,2980,8,4.3,2023-05-29,在售
4468,佳能 游戏主机 限定版,电子产品,游戏主机,佳能,2247.91,610.71,1524,0,3.8,2024-03-01,在售
4469,宜家 保温杯 青春版,家居生活,保温杯,宜家,38.89,14.35,3830,63,3.0,2023-07-20,缺货
4470,华为 手机 新款(红色),电子产品,手机,华为,797.36,259.25,2465,4,5.0,2024-10-03,在售
4471,双立人 晾衣架 新款,家居生活,晾衣架,双立人,20.56,12.94,348,139,4.1,2024-11-21,在售
4472,可优比 温奶器 限定版(蓝色),母婴用品,温奶器,可优比,92.43,67.74,550,26,3.0,2019-12-09,在售
4473,启赋 奶瓶 Pro,母婴用品,奶瓶,启赋,161.5,108.66,3218,20,2.5,2019-10-05,在售
4474,索尼 移动硬盘 标准版,电子产品,移动硬盘,索尼,823.73,521.67,470,9,3.0,2020-03-24,在售
4475,欧莱雅 眼影盘 青春版,美妆个护,眼影盘,欧莱雅,282.31,139.63,28,9,5.0,2023-12-23,在售
4476,华为 鼠标 Pro(粉色),电子产品,鼠标,华为,349.89,226.36,3777,19,5.0,2021-08-14,在售
4477,格力 地毯 Pro(银色),家居生活,地毯,格力,379.48,145.26,4697,13,4.5,2019-07-28,缺货
4478,vivo 移动硬盘 Pro(蓝色),电子产品,移动硬盘,vivo,758.41,561.8,99,11,4.0,2020-10-01,下架
4479,森马 内衣 Pro,服装鞋帽,内衣,森马,62.63,44.8,2927,47,4.2,2023-02-14,在售
4480,网易严选 窗帘 经典款,家居生活,窗帘,网易严选,502.5,370.73,754,4,3.0,2021-08-06,在售
4481,兰蔻 护手霜 旗舰版(黑色),美妆个护,护手霜,兰蔻,53.8,25.01,3638,77,3.8,2023-06-02,在售
4482,ZARA 运动鞋 升级版(金色),服装鞋帽,运动鞋,ZARA,109.52,54.7,3704,14,3.0,2021-06-26,在售
4483,SK-II 防晒霜 标准版(银色),美妆个护,防晒霜,SK-II,198.99,91.29,4079,37,1.0,2021-10-20,在售
4484,启赋 婴儿推车 新款(蓝色),母婴用品,婴儿推车,启赋,1222.32,757.05,4960,8,3.5,2021-02-09,在售
4485,九阳 电风扇 标准版(灰色),家居生活,电风扇,九阳,194.6,92.9,1800,16,3.5,2024-02-08,在售
4486,森马 衬衫 新款(金色),服装鞋帽,衬衫,森马,65.42,30.44,2675,43,4.7,2023-07-24,缺货
4487,OPPO 打印机 升级版(红色),电子产品,打印机,OPPO,1653.88,528.46,453,1,3.0,2023-10-20,在售
4488,新东方 文具 旗舰版(银色),图书文娱,文具,新东方,5.12,2.18,1362,518,3.7,2024-02-05,在售
4489,双立人 吸尘器 升级版,家居生活,吸尘器,双立人,2668.02,1804.14,4813,4,3.8,2019-08-25,在售
4490,宜家 加湿器 旗舰版,家居生活,加湿器,宜家,350.56,116.83,2384,9,4.4,2024-12-21,在售
4491,奥克斯 厨房刀具 Plus,家居生活,厨房刀具,奥克斯,57.61,19.98,439,68,3.8,2022-09-10,在售
4492,匡威 羽绒服,服装鞋帽,羽绒服,匡威,2830.12,2057.91,69,0,3.2,2020-03-05,在售
4493,爱仕达 洗碗机 (红色),家居生活,洗碗机,爱仕达,4369.23,3223.65,3412,1,3.0,2019-12-14,在售
4494,格力 空气净化器 青春版,家居生活,空气净化器,格力,1486.63,649.36,2837,0,4.3,2019-03-24,在售
4495,欧莱雅 身体乳 Pro,美妆个护,身体乳,欧莱雅,230.22,162.95,4666,18,4.7,2023-12-21,在售
4496,三星 键盘 标准版,电子产品,键盘,三星,39.16,11.33,927,91,3.7,2019-07-26,在售
4497,资生堂 洗发水 标准版,美妆个护,洗发水,资生堂,189.54,62.97,300,17,3.5,2024-07-17,在售
4498,babycare 儿童帐篷 Pro(灰色),母婴用品,儿童帐篷,babycare,409.18,172.26,1362,8,4.5,2021-08-05,在售
4499,UR 帽子 (灰色),服装鞋帽,帽子,UR,96.25,47.35,731,31,4.5,2020-08-29,下架
4500,李宁 围巾 新款,服装鞋帽,围巾,李宁,153.39,107.55,67,22,3.5,2022-02-13,在售
4501,索尼 内存卡 经典款,电子产品,内存卡,索尼,361.27,206.06,1056,4,3.7,2020-01-01,在售
4502,戴森 洗碗机 升级版(金色),家居生活,洗碗机,戴森,4565.2,3419.42,4561,4,5.0,2021-08-03,在售
4503,海澜之家 泳衣 标准版(红色),服装鞋帽,泳衣,海澜之家,255.28,111.51,2338,19,3.3,2019-10-12,在售
4504,美赞臣 奶瓶 青春版,母婴用品,奶瓶,美赞臣,114.79,77.02,4397,39,4.5,2021-12-14,下架
4505,京东图书 编程书籍 标准版(白色),图书文娱,编程书籍,京东图书,106.63,66.77,4580,36,4.0,2023-02-02,在售
4506,星巴克 糖果 限定版,食品饮料,糖果,星巴克,9.21,6.24,4969,287,3.8,2020-02-27,缺货
4507,美赞臣 童装 青春版(红色),母婴用品,童装,美赞臣,53.71,15.85,675,64,3.5,2023-09-17,在售
4508,花王 儿童水杯,母婴用品,儿童水杯,花王,27.94,18.86,4992,129,3.8,2021-11-08,在售
4509,得到 瑜伽垫 青春版(黑色),图书文娱,瑜伽垫,得到,35.49,9.71,4963,95,3.9,2020-10-07,在售
4510,海尔 地毯 (金色),家居生活,地毯,海尔,465.26,137.66,2410,9,4.0,2023-04-20,缺货
4511,好奇 婴儿湿巾 经典款(红色),母婴用品,婴儿湿巾,好奇,61.37,43.62,646,79,3.0,2020-05-26,下架
4512,雪花秀 身体乳 标准版(灰色),美妆个护,身体乳,雪花秀,58.29,33.71,2390,72,3.0,2025-04-07,在售
4513,babycare 温奶器 青春版,母婴用品,温奶器,babycare,90.8,43.32,3716,33,4.5,2024-10-04,在售
4514,小米 内存卡 Plus,电子产品,内存卡,小米,224.27,79.99,2019,21,5.0,2022-08-08,在售
4515,戴森 地毯 Plus,家居生活,地毯,戴森,778.5,392.53,2975,3,3.9,2023-03-31,下架
4516,机械工业 拼图 旗舰版(银色),图书文娱,拼图,机械工业,29.67,9.0,1104,101,4.2,2023-10-11,下架
4517,雀巢 大米 升级版,食品饮料,大米,雀巢,126.68,42.78,4435,49,4.7,2019-01-08,在售
4518,可优比 积木玩具 经典款,母婴用品,积木玩具,可优比,58.44,18.95,952,65,4.0,2023-03-29,在售
4519,安踏 牛仔裤 经典款,服装鞋帽,牛仔裤,安踏,309.64,149.21,450,9,5.0,2022-09-10,在售
4520,人民文学 书法字帖 升级版,图书文娱,书法字帖,人民文学,42.67,21.43,2940,92,4.2,2020-08-17,在售
4521,贝亲 奶瓶 旗舰版(红色),母婴用品,奶瓶,贝亲,44.42,11.52,491,71,3.9,2021-12-26,在售
4522,京东图书 儿童绘本 青春版(红色),图书文娱,儿童绘本,京东图书,13.58,4.22,2169,193,3.3,2021-11-15,在售
4523,启赋 婴儿湿巾 新款,母婴用品,婴儿湿巾,启赋,16.31,6.19,79,178,4.0,2020-07-11,在售
4524,德芙 果冻 Plus,食品饮料,果冻,德芙,10.54,3.61,1006,257,3.8,2023-02-20,在售
4525,OPPO 移动硬盘 经典款(金色),电子产品,移动硬盘,OPPO,332.9,122.67,2121,9,4.0,2023-10-25,在售
4526,茅台 红酒 新款,食品饮料,红酒,茅台,896.24,301.48,736,3,3.5,2021-01-02,在售
4527,樊登读书 围棋 Pro,图书文娱,围棋,樊登读书,123.59,75.5,4413,47,3.8,2022-01-11,在售
4528,迪奥 防晒霜 经典款,美妆个护,防晒霜,迪奥,445.26,321.11,229,8,4.0,2019-06-24,在售
4529,太平鸟 内衣 新款,服装鞋帽,内衣,太平鸟,29.8,19.03,2499,103,3.7,2019-05-28,在售
4530,雀巢 进口饼干 标准版,食品饮料,进口饼干,雀巢,44.56,18.78,1727,100,3.9,2021-12-04,在售
4531,可优比 婴儿背带 旗舰版,母婴用品,婴儿背带,可优比,45.46,21.12,4870,95,4.2,2021-09-08,在售
4532,阿迪达斯 女装连衣裙 新款(银色),服装鞋帽,女装连衣裙,阿迪达斯,150.68,61.5,2547,23,4.0,2022-12-07,在售
4533,方太 电饭煲 标准版,家居生活,电饭煲,方太,1158.01,835.75,317,8,4.0,2020-11-15,在售
4534,完美日记 口红 标准版,美妆个护,口红,完美日记,222.38,126.45,2170,23,3.0,2023-03-17,在售
4535,三星 投影仪 限定版,电子产品,投影仪,三星,1524.24,636.39,4734,2,2.8,2023-07-31,在售
4536,耐克 衬衫 青春版(金色),服装鞋帽,衬衫,耐克,118.94,46.27,4011,48,3.6,2022-07-04,在售
4537,费列罗 红酒 青春版(金色),食品饮料,红酒,费列罗,178.94,107.83,285,27,5.0,2023-01-16,下架
4538,当当 乐器 Pro,图书文娱,乐器,当当,568.25,177.3,4005,17,3.0,2021-12-14,在售
4539,欧莱雅 面膜 Plus,美妆个护,面膜,欧莱雅,188.97,125.79,4262,15,4.5,2023-02-27,在售
4540,雷蛇 耳机 (蓝色),电子产品,耳机,雷蛇,45.14,33.43,1682,88,4.0,2021-08-29,缺货
4541,好孩子 奶瓶 限定版,母婴用品,奶瓶,好孩子,138.33,83.72,1789,36,3.4,2024-07-04,下架
4542,欧莱雅 眼影盘 Pro,美妆个护,眼影盘,欧莱雅,288.81,103.9,4526,12,3.7,2020-06-19,在售
4543,好奇 婴儿湿巾 经典款(蓝色),母婴用品,婴儿湿巾,好奇,12.09,3.91,4133,217,4.2,2025-03-26,在售
4544,人民文学 文具 限定版(金色),图书文娱,文具,人民文学,1.24,0.64,448,1779,3.7,2022-08-02,缺货
4545,启赋 积木玩具 Pro(黑色),母婴用品,积木玩具,启赋,410.25,253.18,590,13,3.0,2025-03-08,在售
4546,苹果 智能家居设备 标准版,电子产品,智能家居设备,苹果,574.18,173.6,3012,6,3.9,2022-04-05,在售
4547,波司登 女装连衣裙 新款,服装鞋帽,女装连衣裙,波司登,451.35,292.91,2801,7,3.8,2019-02-09,在售
4548,膳魔师 晾衣架 旗舰版,家居生活,晾衣架,膳魔师,85.32,37.31,1514,39,3.6,2025-06-20,在售
4549,美赞臣 儿童水杯 Pro,母婴用品,儿童水杯,美赞臣,148.29,81.77,3938,25,2.2,2025-04-06,在售
4550,雪花秀 指甲油 青春版,美妆个护,指甲油,雪花秀,12.15,3.92,3223,253,3.6,2019-11-05,在售
4551,新东方 儿童绘本 青春版(红色),图书文娱,儿童绘本,新东方,11.07,5.0,1698,232,3.8,2019-03-26,缺货
4552,OPPO 笔记本电脑 标准版,电子产品,笔记本电脑,OPPO,3859.44,1177.59,1645,2,2.5,2025-05-15,在售
4553,美赞臣 辅食机 Plus,母婴用品,辅食机,美赞臣,557.17,194.65,1429,13,2.6,2021-01-23,在售
4554,海澜之家 睡衣 Plus,服装鞋帽,睡衣,海澜之家,268.68,68.23,3259,12,4.0,2025-02-26,在售
4555,森马 帽子 限定版,服装鞋帽,帽子,森马,76.54,46.21,3107,36,3.8,2024-12-29,在售
4556,格力 窗帘 Plus,家居生活,窗帘,格力,576.27,400.58,3976,1,5.0,2023-11-18,在售
4557,联想 音箱 经典款(银色),电子产品,音箱,联想,94.08,35.25,3437,43,4.6,2020-06-01,在售
4558,樊登读书 篮球 青春版,图书文娱,篮球,樊登读书,132.52,66.58,312,22,4.0,2025-04-02,在售
4559,花西子 眼影盘 升级版,美妆个护,眼影盘,花西子,242.8,138.35,873,10,3.3,2023-07-12,在售
4560,方太 床上四件套 新款,家居生活,床上四件套,方太,102.58,27.29,4972,29,3.8,2019-10-01,在售
4561,美赞臣 辅食机 限定版(银色),母婴用品,辅食机,美赞臣,341.39,229.42,89,12,4.0,2022-09-29,在售
4562,戴森 床上四件套 Pro(银色),家居生活,床上四件套,戴森,804.95,535.47,1667,11,1.0,2019-11-22,在售
4563,尼康 鼠标 青春版,电子产品,鼠标,尼康,37.87,17.92,2354,98,4.3,2022-08-03,在售
4564,无印良品 雨伞 升级版,家居生活,雨伞,无印良品,32.84,15.09,2247,104,3.5,2020-08-28,在售
4565,鸿星尔克 袜子,服装鞋帽,袜子,鸿星尔克,24.91,12.24,105,147,3.4,2020-01-15,在售
4566,SK-II 防晒霜 升级版(蓝色),美妆个护,防晒霜,SK-II,125.75,79.92,3247,30,2.0,2023-10-24,下架
4567,贝亲 儿童安全座椅 青春版,母婴用品,儿童安全座椅,贝亲,866.68,416.44,4422,2,4.1,2022-07-05,在售
4568,波司登 运动鞋 Pro,服装鞋帽,运动鞋,波司登,145.88,40.83,1643,38,3.4,2023-08-20,在售
4569,佳能 移动硬盘 限定版(粉色),电子产品,移动硬盘,佳能,229.54,98.77,4145,11,4.0,2020-10-17,在售
4570,九阳 洗碗机 Plus,家居生活,洗碗机,九阳,1572.15,706.88,2951,2,3.2,2021-04-16,缺货
4571,贝亲 童装 Pro(黑色),母婴用品,童装,贝亲,268.82,197.34,2134,17,2.9,2022-05-06,在售
4572,索尼 鼠标 升级版,电子产品,鼠标,索尼,62.08,40.81,3951,34,4.0,2019-03-23,在售
4573,李宁 泳衣 Plus,服装鞋帽,泳衣,李宁,162.05,114.7,4846,21,2.0,2024-10-25,在售
4574,小米 显示器 Pro,电子产品,显示器,小米,509.15,379.83,777,11,4.0,2020-03-17,在售
4575,百雀羚 身体乳 青春版,美妆个护,身体乳,百雀羚,91.41,35.79,4008,52,3.3,2022-07-11,在售
4576,京东图书 钢笔 经典款,图书文娱,钢笔,京东图书,123.86,57.31,2647,32,2.0,2020-03-13,在售
4577,vivo 内存卡 新款,电子产品,内存卡,vivo,76.46,55.53,3247,67,4.4,2020-02-07,在售
4578,海澜之家 袜子 新款(银色),服装鞋帽,袜子,海澜之家,26.85,12.09,4949,114,3.7,2021-08-11,在售
4579,欧莱雅 指甲油 Plus,美妆个护,指甲油,欧莱雅,65.42,31.06,191,61,3.8,2020-12-07,在售
4580,全棉时代 儿童牙刷,母婴用品,儿童牙刷,全棉时代,12.26,8.34,1686,267,3.5,2021-05-23,在售
4581,奥克斯 雨伞 新款,家居生活,雨伞,奥克斯,67.01,49.71,1348,55,3.7,2020-02-24,在售
4582,良品铺子 方便面 Plus,食品饮料,方便面,良品铺子,5.38,3.47,2848,489,3.8,2019-04-13,在售
4583,好孩子 婴儿推车 升级版,母婴用品,婴儿推车,好孩子,2422.58,1729.82,920,3,3.0,2020-04-27,在售
4584,索尼 充电宝 升级版(黑色),电子产品,充电宝,索尼,131.93,36.46,2279,18,5.0,2020-06-06,在售
4585,欧莱雅 洗发水 青春版,美妆个护,洗发水,欧莱雅,19.02,13.16,4656,150,3.8,2019-10-29,在售
4586,匡威 内衣,服装鞋帽,内衣,匡威,72.83,36.48,3673,48,3.5,2021-12-30,在售
4587,百雀羚 化妆刷,美妆个护,化妆刷,百雀羚,11.04,6.84,265,249,4.2,2024-10-26,缺货
4588,樊登读书 瑜伽垫,图书文娱,瑜伽垫,樊登读书,41.6,27.97,3297,100,4.0,2023-02-16,在售
4589,海尔 洗碗机 Plus,家居生活,洗碗机,海尔,2103.73,1037.13,2987,7,5.0,2023-07-29,在售
4590,匡威 袜子 青春版,服装鞋帽,袜子,匡威,70.13,18.47,3262,28,4.7,2024-06-03,在售
4591,启赋 婴儿床,母婴用品,婴儿床,启赋,1074.24,805.45,1196,1,2.8,2024-12-01,在售
4592,BOSE 智能手表 限定版,电子产品,智能手表,BOSE,377.61,207.22,151,8,4.7,2025-03-16,在售
4593,海尔 电饭煲 新款(蓝色),家居生活,电饭煲,海尔,188.13,101.51,3959,34,4.2,2024-09-01,在售
4594,太平鸟 高跟鞋 经典款(黑色),服装鞋帽,高跟鞋,太平鸟,198.54,63.19,4606,13,3.0,2019-12-12,在售
4595,老板电器 空气净化器 Pro,家居生活,空气净化器,老板电器,878.58,494.32,474,1,2.2,2021-11-25,在售
4596,尼康 相机 Plus,电子产品,相机,尼康,8629.19,6135.12,2902,1,1.8,2019-02-19,在售
4597,雀巢 果冻 标准版,食品饮料,果冻,雀巢,16.38,6.77,2176,174,4.1,2021-05-28,在售
4598,老板电器 餐桌 经典款(黑色),家居生活,餐桌,老板电器,278.46,116.13,207,11,5.0,2023-01-14,下架
4599,人民文学 漫画 新款(粉色),图书文娱,漫画,人民文学,6.87,4.7,1015,434,3.7,2025-04-12,下架
4600,联想 路由器 青春版,电子产品,路由器,联想,417.69,210.37,4437,22,3.7,2023-10-14,在售
4601,五粮液 方便面 旗舰版,食品饮料,方便面,五粮液,30.39,10.43,3154,95,4.7,2024-05-25,下架
4602,SK-II 防晒霜 标准版,美妆个护,防晒霜,SK-II,83.37,58.47,4767,40,3.8,2019-06-19,缺货
4603,戴森 保温杯 青春版(灰色),家居生活,保温杯,戴森,67.24,18.67,1160,67,4.3,2025-01-14,在售
4604,德芙 坚果零食 标准版,食品饮料,坚果零食,德芙,14.58,7.99,162,222,3.2,2021-12-01,缺货
4605,兰蔻 面膜 新款,美妆个护,面膜,兰蔻,32.3,9.2,4761,107,3.7,2024-03-28,在售
4606,H&M 羽绒服 限定版(粉色),服装鞋帽,羽绒服,H&M,1223.6,402.5,335,0,4.2,2021-11-15,在售
4607,爱仕达 电饭煲 标准版,家居生活,电饭煲,爱仕达,941.13,310.11,4274,8,4.8,2021-02-12,在售
4608,特步 运动鞋 (灰色),服装鞋帽,运动鞋,特步,1126.58,394.01,3931,4,2.5,2023-02-03,在售
4609,MAC 洗面奶 经典款,美妆个护,洗面奶,MAC,87.33,46.21,3224,41,3.8,2024-04-10,在售
4610,京东图书 儿童绘本,图书文娱,儿童绘本,京东图书,23.92,6.38,4554,130,3.7,2021-06-13,在售
4611,得到 经管书籍 青春版,图书文娱,经管书籍,得到,109.56,41.71,2976,41,3.5,2019-04-03,在售
4612,babycare 婴儿背带 新款(金色),母婴用品,婴儿背带,babycare,79.9,57.25,737,46,4.8,2020-02-08,在售
4613,英氏 婴儿背带 (红色),母婴用品,婴儿背带,英氏,94.79,37.47,4062,45,3.9,2020-04-03,在售
4614,膳魔师 地毯 青春版,家居生活,地毯,膳魔师,1794.6,624.18,1223,2,3.4,2019-05-14,下架
4615,小米 平板电脑 (银色),电子产品,平板电脑,小米,930.67,557.66,271,7,3.5,2020-12-24,在售
4616,良品铺子 巧克力 经典款(白色),食品饮料,巧克力,良品铺子,128.76,75.42,4501,24,3.8,2020-11-20,在售
4617,飞鹤 爬行垫 青春版(黑色),母婴用品,爬行垫,飞鹤,172.34,50.59,496,19,4.0,2019-03-21,在售
4618,欧莱雅 卸妆水 标准版,美妆个护,卸妆水,欧莱雅,73.82,49.99,2334,52,4.2,2025-03-04,在售
4619,太平鸟 休闲裤 青春版,服装鞋帽,休闲裤,太平鸟,164.96,73.61,4019,27,4.0,2023-02-12,下架
4620,李宁 运动鞋 青春版,服装鞋帽,运动鞋,李宁,369.06,117.84,2928,13,3.0,2021-09-21,下架
4621,苏泊尔 灯具 青春版,家居生活,灯具,苏泊尔,398.05,233.77,3047,9,4.0,2022-02-13,在售
4622,得到 历史书籍 Pro,图书文娱,历史书籍,得到,30.9,15.49,3182,89,3.1,2023-06-05,在售
4623,贝亲 游泳圈 标准版,母婴用品,游泳圈,贝亲,194.07,134.75,1014,20,3.8,2020-03-23,在售
4624,匡威 西装 旗舰版,服装鞋帽,西装,匡威,468.27,159.25,2015,20,4.0,2023-11-10,在售
4625,京东图书 儿童绘本 新款(灰色),图书文娱,儿童绘本,京东图书,34.83,19.96,1788,107,3.5,2020-10-23,在售
4626,张裕 咖啡 Pro(灰色),食品饮料,咖啡,张裕,29.72,10.11,304,99,3.4,2023-12-23,在售
4627,五粮液 红酒 经典款,食品饮料,红酒,五粮液,644.37,236.4,3367,7,4.9,2023-07-31,在售
4628,雪花秀 面霜 青春版,美妆个护,面霜,雪花秀,598.9,361.03,410,13,2.8,2019-02-02,在售
4629,优衣库 太阳镜 标准版(金色),服装鞋帽,太阳镜,优衣库,53.76,20.69,250,66,3.7,2023-09-19,在售
4630,中信出版 英语教材 旗舰版,图书文娱,英语教材,中信出版,102.63,31.34,339,40,3.2,2021-07-03,在售
4631,优衣库 西装 Plus(灰色),服装鞋帽,西装,优衣库,469.11,122.1,4084,6,4.5,2022-04-08,在售
4632,ZARA 运动鞋,服装鞋帽,运动鞋,ZARA,949.76,583.13,592,3,5.0,2021-02-08,在售
4633,惠氏 温奶器 经典款,母婴用品,温奶器,惠氏,298.08,128.09,3725,10,4.0,2019-01-11,在售
4634,人民文学 围棋 旗舰版,图书文娱,围棋,人民文学,203.13,99.27,103,22,4.3,2019-09-22,在售
4635,中信出版 瑜伽垫 Plus(蓝色),图书文娱,瑜伽垫,中信出版,159.73,111.58,3379,32,3.2,2023-11-03,在售
4636,张裕 咖啡 旗舰版,食品饮料,咖啡,张裕,160.97,54.31,2749,32,4.4,2025-01-26,在售
4637,京东图书 考研资料 青春版,图书文娱,考研资料,京东图书,263.71,141.26,251,15,2.0,2022-02-26,在售
4638,美的 窗帘 旗舰版(白色),家居生活,窗帘,美的,800.25,564.99,2731,4,3.1,2024-07-01,在售
4639,飞鹤 早教机 青春版(黑色),母婴用品,早教机,飞鹤,102.05,57.42,3493,28,3.5,2024-12-20,在售
4640,飞鹤 纸尿裤 Pro(金色),母婴用品,纸尿裤,飞鹤,372.92,220.05,1212,4,4.0,2019-04-22,在售
4641,花王 婴儿沐浴露,母婴用品,婴儿沐浴露,花王,110.63,43.43,2742,36,4.0,2022-01-26,在售
4642,好奇 婴儿奶粉 青春版,母婴用品,婴儿奶粉,好奇,431.98,254.87,1531,4,4.3,2023-05-28,下架
4643,宜家 空气净化器 Plus,家居生活,空气净化器,宜家,327.34,197.87,3577,19,5.0,2020-04-26,在售
4644,尼康 路由器 限定版,电子产品,路由器,尼康,90.95,55.88,4563,30,5.0,2023-06-23,在售
4645,茅台 食用油,食品饮料,食用油,茅台,100.19,52.09,272,40,3.3,2019-12-24,在售
4646,耐克 汉服 限定版,服装鞋帽,汉服,耐克,1190.7,651.32,3489,4,3.0,2022-04-01,在售
4647,MAC 美容仪 (黑色),美妆个护,美容仪,MAC,1911.47,1340.51,4886,0,3.4,2024-03-21,在售
4648,雅诗兰黛 卸妆水 标准版,美妆个护,卸妆水,雅诗兰黛,243.45,114.67,914,23,2.5,2022-02-08,在售
4649,BOSE 鼠标 青春版,电子产品,鼠标,BOSE,506.73,289.72,4665,4,3.1,2020-09-17,在售
4650,美赞臣 辅食机 经典款,母婴用品,辅食机,美赞臣,669.79,260.05,422,0,3.3,2020-01-07,在售
4651,人民文学 考研资料 旗舰版,图书文娱,考研资料,人民文学,39.09,13.42,2180,63,4.5,2020-01-17,在售
4652,格力 餐桌 Pro,家居生活,餐桌,格力,1732.97,1087.47,184,0,3.2,2025-04-09,在售
4653,李宁 牛仔裤 经典款(黑色),服装鞋帽,牛仔裤,李宁,308.16,172.85,305,21,3.5,2020-11-19,缺货
4654,森马 羽绒服 旗舰版(灰色),服装鞋帽,羽绒服,森马,1194.68,623.89,2795,4,3.0,2021-08-23,在售
4655,膳魔师 电饭煲 Pro(黑色),家居生活,电饭煲,膳魔师,705.28,433.53,1414,2,4.0,2025-02-22,在售
4656,苹果 移动硬盘 升级版,电子产品,移动硬盘,苹果,1351.06,837.95,276,2,3.8,2021-11-01,在售
4657,子初 早教机 升级版,母婴用品,早教机,子初,62.69,18.35,3642,56,4.0,2022-07-13,下架
4658,樊登读书 历史书籍 经典款,图书文娱,历史书籍,樊登读书,151.14,109.17,3848,28,4.3,2020-02-18,在售
4659,尼康 路由器 新款,电子产品,路由器,尼康,929.48,561.15,4215,8,4.0,2022-09-17,在售
4660,耐克 袜子 经典款,服装鞋帽,袜子,耐克,86.15,48.1,4680,31,4.0,2024-06-07,在售
4661,苹果 打印机 标准版,电子产品,打印机,苹果,2357.56,682.56,250,0,3.1,2020-12-01,缺货
4662,子初 奶瓶 标准版,母婴用品,奶瓶,子初,150.69,71.32,2818,45,3.5,2021-08-06,在售
4663,知乎 书法字帖 青春版,图书文娱,书法字帖,知乎,79.15,33.45,944,31,4.2,2019-05-28,在售
4664,伊利 保健品 经典款(银色),食品饮料,保健品,伊利,266.17,92.73,3656,33,3.7,2019-01-27,在售
4665,太平鸟 西装 青春版,服装鞋帽,西装,太平鸟,219.26,150.74,4720,15,2.0,2019-07-21,在售
4666,知乎 篮球 升级版,图书文娱,篮球,知乎,266.99,169.5,3819,14,4.0,2020-02-22,缺货
4667,ZARA 运动鞋 升级版,服装鞋帽,运动鞋,ZARA,174.72,112.81,1808,15,4.3,2021-11-05,在售
4668,babycare 纸尿裤 青春版,母婴用品,纸尿裤,babycare,177.45,45.6,240,27,3.3,2022-04-16,在售
4669,海澜之家 衬衫 (灰色),服装鞋帽,衬衫,海澜之家,49.09,13.23,4294,85,4.1,2022-09-05,在售
4670,特步 女装连衣裙 经典款(粉色),服装鞋帽,女装连衣裙,特步,263.37,78.36,1519,14,2.5,2019-08-07,在售
4671,雷蛇 投影仪 Pro,电子产品,投影仪,雷蛇,5660.49,3629.32,4707,0,3.6,2021-03-15,在售
4672,英氏 儿童安全座椅 标准版,母婴用品,儿童安全座椅,英氏,2154.02,603.11,3226,0,4.2,2019-03-17,在售
4673,农夫山泉 糖果 标准版,食品饮料,糖果,农夫山泉,5.14,2.15,300,545,3.6,2020-09-01,缺货
4674,苏泊尔 窗帘 升级版,家居生活,窗帘,苏泊尔,457.84,237.29,195,8,3.1,2023-02-13,在售
4675,太平鸟 汉服 新款,服装鞋帽,汉服,太平鸟,462.98,231.39,78,8,3.8,2022-10-09,在售
4676,三只松鼠 食用油 限定版,食品饮料,食用油,三只松鼠,58.39,40.32,4921,50,3.7,2025-04-02,下架
4677,欧莱雅 眼影盘 升级版,美妆个护,眼影盘,欧莱雅,268.01,80.69,763,16,4.9,2022-06-02,在售
4678,海尔 床上四件套 标准版,家居生活,床上四件套,海尔,1069.27,483.72,1445,0,4.5,2023-04-13,在售
4679,苏泊尔 晾衣架 标准版,家居生活,晾衣架,苏泊尔,18.95,6.01,2737,128,3.3,2021-01-12,在售
4680,好孩子 摇铃 升级版,母婴用品,摇铃,好孩子,15.08,4.89,2417,169,3.8,2019-04-05,在售
4681,当当 文具 Pro,图书文娱,文具,当当,2.5,0.92,924,1043,3.7,2025-03-19,在售
4682,H&M 休闲裤 Plus,服装鞋帽,休闲裤,H&M,154.75,71.02,1755,12,3.7,2020-05-09,在售
4683,膳魔师 吸尘器 Pro(红色),家居生活,吸尘器,膳魔师,209.45,135.74,79,25,3.3,2025-01-03,在售
4684,方太 雨伞 经典款,家居生活,雨伞,方太,87.81,33.84,4735,34,2.8,2023-11-01,缺货
4685,耐克 帽子 Pro,服装鞋帽,帽子,耐克,34.05,22.91,1552,121,3.8,2020-12-07,在售
4686,苹果 打印机 旗舰版,电子产品,打印机,苹果,1686.88,1165.92,1614,6,5.0,2022-07-16,在售
4687,森马 泳衣 新款(灰色),服装鞋帽,泳衣,森马,60.29,20.69,159,64,3.8,2023-07-07,在售
4688,香奈儿 粉底液 限定版,美妆个护,粉底液,香奈儿,593.2,238.22,1179,5,3.1,2023-08-24,在售
4689,爱他美 婴儿湿巾 标准版,母婴用品,婴儿湿巾,爱他美,15.27,10.59,394,220,4.2,2020-10-16,在售
4690,海尔 洗碗机 旗舰版(灰色),家居生活,洗碗机,海尔,5318.41,3144.65,4965,0,3.3,2025-02-22,在售
4691,惠氏 早教机 青春版,母婴用品,早教机,惠氏,679.23,174.77,1906,13,2.6,2019-09-24,下架
4692,樊登读书 乐器 经典款,图书文娱,乐器,樊登读书,4765.49,1428.1,73,2,4.7,2023-12-31,在售
4693,资生堂 面膜 (银色),美妆个护,面膜,资生堂,26.14,8.61,1779,145,4.6,2025-02-14,在售
4694,飞鹤 婴儿奶粉 青春版,母婴用品,婴儿奶粉,飞鹤,290.48,164.59,2712,21,4.0,2025-06-09,在售
4695,双立人 电风扇 经典款,家居生活,电风扇,双立人,754.59,346.97,323,6,3.0,2023-11-28,在售
4696,苹果 数据线 青春版,电子产品,数据线,苹果,29.01,8.75,1682,104,4.2,2024-04-25,在售
4697,三星 游戏主机 青春版,电子产品,游戏主机,三星,2037.65,616.86,4607,2,3.3,2021-06-08,在售
4698,当当 历史书籍 新款(粉色),图书文娱,历史书籍,当当,25.04,14.51,4380,116,3.6,2024-11-11,在售
4699,兰蔻 粉底液 Plus(黑色),美妆个护,粉底液,兰蔻,122.55,32.79,1845,35,1.0,2019-02-22,在售
4700,鸿星尔克 卫衣 标准版(红色),服装鞋帽,卫衣,鸿星尔克,100.15,65.23,2632,38,4.7,2022-04-08,在售
4701,启赋 爬行垫 青春版,母婴用品,爬行垫,启赋,98.15,51.47,4777,42,3.8,2021-11-21,在售
4702,戴森 抱枕 标准版(红色),家居生活,抱枕,戴森,14.26,9.69,2493,161,3.8,2024-07-14,在售
4703,欧莱雅 眉笔 限定版,美妆个护,眉笔,欧莱雅,55.81,16.14,30,52,3.9,2021-09-29,缺货
4704,BOSE 打印机 经典款,电子产品,打印机,BOSE,535.97,374.26,4360,5,5.0,2024-04-14,下架
4705,京东图书 英语教材 升级版,图书文娱,英语教材,京东图书,22.18,11.27,1839,150,4.1,2025-04-04,在售
4706,阿迪达斯 高跟鞋 升级版(粉色),服装鞋帽,高跟鞋,阿迪达斯,748.25,333.37,2388,4,2.3,2023-07-30,在售
4707,华硕 鼠标 新款,电子产品,鼠标,华硕,41.53,12.43,3268,62,3.9,2020-04-07,在售
4708,玉兰油 粉底液 标准版,美妆个护,粉底液,玉兰油,520.35,156.04,52,7,3.9,2022-03-11,在售
4709,全棉时代 温奶器 Plus,母婴用品,温奶器,全棉时代,163.5,99.13,2887,28,4.5,2021-11-27,在售
4710,优衣库 太阳镜 新款(粉色),服装鞋帽,太阳镜,优衣库,71.3,44.61,4366,37,4.0,2020-01-01,在售
4711,来伊份 食用油 新款(蓝色),食品饮料,食用油,来伊份,92.78,49.84,588,37,4.2,2022-04-28,在售
4712,张裕 食用油 Plus,食品饮料,食用油,张裕,43.75,26.32,4474,55,3.5,2024-06-15,在售
4713,华为 相机 升级版(灰色),电子产品,相机,华为,8486.25,4169.66,942,3,4.0,2019-10-03,在售
4714,张裕 薯片 Plus,食品饮料,薯片,张裕,25.26,8.91,1567,119,4.0,2019-10-28,在售
4715,阿迪达斯 西装 升级版(灰色),服装鞋帽,西装,阿迪达斯,1725.04,608.3,3107,6,4.9,2023-06-30,在售
4716,耐克 太阳镜 青春版(白色),服装鞋帽,太阳镜,耐克,138.16,48.04,3636,27,4.1,2019-05-23,在售
4717,雪花秀 面霜 升级版(红色),美妆个护,面霜,雪花秀,162.03,105.0,406,19,4.0,2023-05-30,在售
4718,华硕 相机 (白色),电子产品,相机,华硕,4875.92,1521.4,4001,1,3.5,2019-08-14,在售
4719,玉兰油 化妆刷,美妆个护,化妆刷,玉兰油,96.99,61.11,854,36,5.0,2024-02-28,在售
4720,奥克斯 吸尘器 新款,家居生活,吸尘器,奥克斯,3508.73,1454.83,3307,0,3.7,2020-12-15,在售
4721,良品铺子 方便面 标准版(黑色),食品饮料,方便面,良品铺子,37.8,11.2,1690,108,3.6,2020-07-06,在售
4722,英氏 婴儿推车 青春版,母婴用品,婴儿推车,英氏,1207.62,660.55,292,11,3.0,2024-12-17,在售
4723,BOSE 显示器 标准版,电子产品,显示器,BOSE,3476.29,2408.08,4164,0,4.2,2020-09-05,在售
4724,爱他美 婴儿推车 青春版(白色),母婴用品,婴儿推车,爱他美,2703.88,1284.23,3216,4,4.4,2025-02-06,在售
4725,星巴克 牛奶 限定版(银色),食品饮料,牛奶,星巴克,10.07,6.69,1066,277,4.0,2023-01-13,在售
4726,BOSE 音箱 限定版,电子产品,音箱,BOSE,3546.63,2452.73,319,0,4.4,2025-03-20,在售
4727,李宁 运动鞋 升级版,服装鞋帽,运动鞋,李宁,512.25,139.42,228,2,5.0,2020-04-16,在售
4728,来伊份 糖果 限定版,食品饮料,糖果,来伊份,52.84,35.28,272,65,4.8,2024-12-05,在售
4729,vivo 智能手表 旗舰版(银色),电子产品,智能手表,vivo,350.02,140.02,4275,11,2.0,2024-07-14,下架
4730,京东图书 书法字帖 (蓝色),图书文娱,书法字帖,京东图书,28.42,9.15,49,88,3.3,2020-01-20,在售
4731,UR 帽子 Plus,服装鞋帽,帽子,UR,58.36,26.71,392,62,1.0,2022-01-18,在售
4732,华硕 键盘 Plus,电子产品,键盘,华硕,761.58,374.43,1632,17,3.8,2024-03-06,在售
4733,苹果 键盘 Pro(蓝色),电子产品,键盘,苹果,57.75,20.44,27,69,3.5,2023-05-03,在售
4734,ZARA 羽绒服 限定版(蓝色),服装鞋帽,羽绒服,ZARA,256.85,120.95,3035,27,2.5,2024-02-02,在售
4735,知乎 健身器材 Pro,图书文娱,健身器材,知乎,62.0,30.56,16,55,3.6,2022-10-04,在售
4736,百雀羚 眉笔 限定版,美妆个护,眉笔,百雀羚,159.04,58.81,1937,22,4.0,2019-01-27,在售
4737,香奈儿 洗发水 旗舰版(白色),美妆个护,洗发水,香奈儿,24.03,8.17,2506,148,3.8,2021-06-28,在售
4738,欧莱雅 粉底液 (金色),美妆个护,粉底液,欧莱雅,220.77,105.46,197,15,4.0,2022-07-22,在售
4739,方太 电风扇 限定版(蓝色),家居生活,电风扇,方太,49.11,20.4,2820,55,4.0,2022-06-25,在售
4740,茅台 咖啡 Plus,食品饮料,咖啡,茅台,98.66,44.03,808,31,4.0,2019-01-29,下架
4741,vivo 相机,电子产品,相机,vivo,4118.96,1708.47,3147,0,5.0,2025-01-24,在售
4742,佳能 数据线 Plus,电子产品,数据线,佳能,5.24,1.54,1225,585,3.9,2019-09-04,在售
4743,机械工业 钢笔 Pro,图书文娱,钢笔,机械工业,891.3,397.29,1224,7,4.2,2019-09-20,在售
4744,优衣库 卫衣 标准版,服装鞋帽,卫衣,优衣库,56.02,33.42,146,56,4.3,2023-09-04,在售
4745,ZARA 内衣 升级版,服装鞋帽,内衣,ZARA,35.81,13.85,3393,115,4.1,2025-04-17,缺货
4746,蒙牛 蜂蜜 经典款,食品饮料,蜂蜜,蒙牛,82.71,61.33,2376,40,4.5,2020-12-12,在售
4747,李宁 男装T恤 标准版,服装鞋帽,男装T恤,李宁,31.18,8.74,3703,114,3.9,2022-10-06,在售
4748,电子工业 拼图 升级版(灰色),图书文娱,拼图,电子工业,116.18,65.54,189,33,4.0,2023-12-19,在售
4749,波司登 帽子 升级版,服装鞋帽,帽子,波司登,38.19,14.15,4239,80,3.9,2020-08-16,在售
4750,完美日记 身体乳 新款,美妆个护,身体乳,完美日记,228.52,103.04,192,16,2.0,2023-07-27,在售
4751,方太 地毯 Plus,家居生活,地毯,方太,85.43,30.03,4564,42,3.0,2023-12-06,在售
4752,李宁 汉服 升级版,服装鞋帽,汉服,李宁,108.68,58.83,1265,34,5.0,2021-08-06,缺货
4753,五粮液 牛奶 标准版(银色),食品饮料,牛奶,五粮液,62.2,39.89,39,74,3.5,2019-03-10,下架
4754,海澜之家 高跟鞋 青春版(金色),服装鞋帽,高跟鞋,海澜之家,602.61,253.79,143,5,3.3,2022-12-09,在售
4755,子初 游泳圈 标准版,母婴用品,游泳圈,子初,29.72,12.59,2094,115,3.1,2021-05-24,在售
4756,京东图书 健身器材 升级版,图书文娱,健身器材,京东图书,124.24,45.3,2343,28,4.0,2020-11-16,在售
4757,惠氏 积木玩具 经典款,母婴用品,积木玩具,惠氏,35.5,14.67,2462,109,4.4,2024-12-18,下架
4758,佳能 相机 (红色),电子产品,相机,佳能,1622.26,1048.42,2463,1,4.0,2022-07-21,在售
4759,来伊份 方便面 Plus,食品饮料,方便面,来伊份,29.75,17.04,442,118,3.3,2020-03-14,在售
4760,花王 儿童水杯 Pro,母婴用品,儿童水杯,花王,19.02,7.98,1830,144,3.8,2024-03-17,在售
4761,知乎 儿童绘本 标准版,图书文娱,儿童绘本,知乎,11.89,5.11,192,206,3.9,2024-08-28,在售
4762,雪花秀 卸妆水 青春版(金色),美妆个护,卸妆水,雪花秀,56.91,41.74,2461,57,4.2,2025-05-06,在售
4763,网易严选 餐桌 Plus,家居生活,餐桌,网易严选,1163.63,466.01,289,2,4.2,2021-02-03,下架
4764,花王 积木玩具 Pro(金色),母婴用品,积木玩具,花王,282.0,119.93,554,20,5.0,2019-12-05,在售
4765,香奈儿 眉笔 Plus(蓝色),美妆个护,眉笔,香奈儿,20.4,11.24,1462,129,4.1,2020-03-20,在售
4766,李宁 女装连衣裙 标准版,服装鞋帽,女装连衣裙,李宁,734.82,293.21,123,4,5.0,2021-03-18,在售
4767,贝亲 婴儿床 新款,母婴用品,婴儿床,贝亲,399.6,288.4,1101,27,3.0,2022-10-11,下架
4768,迪奥 化妆刷 升级版,美妆个护,化妆刷,迪奥,156.61,97.8,2865,28,5.0,2025-04-16,在售
4769,babycare 婴儿背带 经典款,母婴用品,婴儿背带,babycare,42.41,19.64,386,98,4.4,2023-03-10,在售
4770,樊登读书 瑜伽垫 限定版,图书文娱,瑜伽垫,樊登读书,170.32,77.62,3930,12,3.5,2023-04-29,在售
4771,机械工业 健身器材 标准版(黑色),图书文娱,健身器材,机械工业,201.35,90.98,1417,23,4.0,2019-06-15,在售
4772,蒙牛 调味料 新款,食品饮料,调味料,蒙牛,22.31,15.49,521,165,3.9,2019-05-11,在售
4773,联想 笔记本电脑 青春版,电子产品,笔记本电脑,联想,3429.35,1219.93,3299,0,4.0,2023-02-19,在售
4774,飞鹤 温奶器 标准版,母婴用品,温奶器,飞鹤,66.58,49.28,2081,51,3.3,2020-06-09,在售
4775,飞鹤 摇铃 限定版,母婴用品,摇铃,飞鹤,19.83,11.31,2201,158,3.6,2022-07-23,在售
4776,OPPO VR设备,电子产品,VR设备,OPPO,1132.8,796.17,4923,3,3.7,2020-08-13,在售
4777,资生堂 香水 Pro,美妆个护,香水,资生堂,803.09,405.84,1153,4,2.9,2022-01-04,缺货
4778,英氏 摇铃 青春版(银色),母婴用品,摇铃,英氏,16.92,10.04,2037,173,4.0,2021-01-11,下架
4779,苏泊尔 灯具 经典款,家居生活,灯具,苏泊尔,349.83,175.25,4652,5,1.0,2021-07-20,在售
4780,vivo 打印机 Plus,电子产品,打印机,vivo,553.56,293.2,481,14,3.0,2024-02-04,在售
4781,雀巢 大米 青春版,食品饮料,大米,雀巢,34.5,13.22,134,67,4.1,2021-03-17,下架
4782,子初 童装,母婴用品,童装,子初,380.41,244.48,4880,13,3.2,2024-03-30,下架
4783,MAC 指甲油 限定版,美妆个护,指甲油,MAC,17.74,4.53,479,183,3.6,2022-07-16,在售
4784,可优比 游泳圈 标准版,母婴用品,游泳圈,可优比,193.91,71.52,2700,18,3.0,2020-03-31,下架
4785,李宁 围巾 旗舰版,服装鞋帽,围巾,李宁,38.51,28.25,1620,83,4.0,2024-01-22,下架
4786,联想 充电宝 旗舰版,电子产品,充电宝,联想,50.66,15.42,15,89,3.2,2021-11-30,在售
4787,H&M 太阳镜 青春版(红色),服装鞋帽,太阳镜,H&M,80.85,38.34,4492,37,4.3,2024-05-25,在售
4788,罗技 智能家居设备 新款(黑色),电子产品,智能家居设备,罗技,135.91,43.87,3742,31,4.0,2020-03-10,在售
4789,OPPO 游戏主机 经典款,电子产品,游戏主机,OPPO,2167.79,787.42,330,4,5.0,2022-09-18,在售
4790,戴尔 笔记本电脑 经典款,电子产品,笔记本电脑,戴尔,8565.72,4957.97,249,0,4.9,2022-07-20,在售
4791,耐克 运动外套 标准版(白色),服装鞋帽,运动外套,耐克,739.33,289.09,330,6,5.0,2020-07-26,下架
4792,波司登 卫衣 Pro(粉色),服装鞋帽,卫衣,波司登,139.86,51.54,191,19,3.0,2019-08-28,在售
4793,百雀羚 护手霜 新款,美妆个护,护手霜,百雀羚,47.96,23.04,3285,78,4.7,2024-09-12,在售
4794,资生堂 指甲油 经典款,美妆个护,指甲油,资生堂,133.69,62.55,239,22,5.0,2023-03-09,在售
4795,苹果 相机 标准版,电子产品,相机,苹果,2408.86,1269.85,4895,1,2.0,2024-03-12,在售
4796,苏泊尔 吸尘器 新款,家居生活,吸尘器,苏泊尔,203.87,113.18,1090,29,3.0,2019-01-29,在售
4797,费列罗 进口饼干,食品饮料,进口饼干,费列罗,38.27,13.42,232,94,4.0,2020-07-06,在售
4798,得到 科幻小说 升级版(白色),图书文娱,科幻小说,得到,63.96,23.55,3392,31,4.0,2022-02-20,在售
4799,爱仕达 地毯 标准版,家居生活,地毯,爱仕达,464.77,226.14,4267,6,3.5,2024-06-13,在售
4800,兰蔻 指甲油 Plus,美妆个护,指甲油,兰蔻,110.27,40.32,2603,19,4.3,2023-01-02,在售
4801,玉兰油 定妆喷雾 旗舰版,美妆个护,定妆喷雾,玉兰油,82.86,22.98,1700,35,4.2,2021-04-23,在售
4802,资生堂 沐浴露 旗舰版(银色),美妆个护,沐浴露,资生堂,35.15,14.69,4006,79,4.0,2025-03-05,在售
4803,可优比 奶瓶 经典款,母婴用品,奶瓶,可优比,63.01,41.19,3443,64,3.9,2023-08-22,在售
4804,九阳 厨房刀具 旗舰版,家居生活,厨房刀具,九阳,215.7,59.64,4706,21,3.7,2020-04-07,在售
4805,完美日记 面膜 Pro,美妆个护,面膜,完美日记,72.95,36.11,1653,48,3.8,2024-04-17,下架
4806,BOSE 内存卡 升级版,电子产品,内存卡,BOSE,174.01,118.16,2143,27,4.9,2019-11-10,下架
4807,香奈儿 香水 标准版,美妆个护,香水,香奈儿,779.45,217.65,2969,14,3.9,2021-09-05,下架
4808,玉兰油 精华液 升级版,美妆个护,精华液,玉兰油,687.96,222.54,74,3,5.0,2020-04-15,在售
4809,良品铺子 牛奶 青春版(白色),食品饮料,牛奶,良品铺子,73.59,31.32,215,65,3.9,2022-10-19,在售
4810,玉兰油 面霜 Pro(红色),美妆个护,面霜,玉兰油,64.55,21.1,4021,62,4.1,2024-05-19,在售
4811,小米 VR设备 新款,电子产品,VR设备,小米,674.61,234.19,4728,2,5.0,2019-10-14,下架
4812,花王 婴儿推车 Pro,母婴用品,婴儿推车,花王,1071.72,727.29,4554,3,5.0,2023-12-31,在售
4813,UR 内衣 新款(红色),服装鞋帽,内衣,UR,67.93,47.88,3453,28,3.6,2019-06-20,在售
4814,鸿星尔克 袜子 旗舰版,服装鞋帽,袜子,鸿星尔克,58.61,30.37,258,60,3.7,2024-09-14,缺货
4815,奥克斯 电风扇 升级版,家居生活,电风扇,奥克斯,457.8,282.61,4774,5,4.5,2025-04-23,在售
4816,苏泊尔 厨房刀具 标准版,家居生活,厨房刀具,苏泊尔,289.0,182.1,364,12,2.0,2022-09-30,在售
4817,UR 男装T恤 新款(黑色),服装鞋帽,男装T恤,UR,132.02,56.07,3467,33,3.7,2025-05-07,在售
4818,华为 智能家居设备 Pro,电子产品,智能家居设备,华为,2372.76,1563.71,3104,1,4.0,2019-08-26,在售
4819,方太 保温杯 青春版(白色),家居生活,保温杯,方太,72.36,53.98,69,46,4.8,2024-03-11,在售
4820,来伊份 糖果 升级版(粉色),食品饮料,糖果,来伊份,72.14,41.1,4445,58,4.0,2024-06-25,在售
4821,安踏 睡衣 (灰色),服装鞋帽,睡衣,安踏,111.77,58.53,3993,31,4.0,2023-07-01,缺货
4822,京东图书 健身器材 经典款(粉色),图书文娱,健身器材,京东图书,369.99,245.19,4562,15,3.3,2020-04-13,在售
4823,格力 床上四件套 Plus,家居生活,床上四件套,格力,1026.47,733.84,3964,1,1.0,2021-11-26,下架
4824,美的 微波炉 Plus,家居生活,微波炉,美的,284.04,200.89,428,18,3.0,2019-07-29,在售
4825,恰恰 燕窝 标准版,食品饮料,燕窝,恰恰,581.86,168.16,2628,11,3.0,2024-05-27,在售
4826,网易严选 吸尘器 标准版,家居生活,吸尘器,网易严选,367.43,226.08,3170,8,1.0,2024-04-14,在售
4827,机械工业 书法字帖 经典款,图书文娱,书法字帖,机械工业,14.31,10.22,1936,206,3.8,2020-04-29,在售
4828,华硕 手机 标准版,电子产品,手机,华硕,1246.28,584.19,3203,5,4.0,2019-09-18,在售
4829,中信出版 书法字帖 Plus(黑色),图书文娱,书法字帖,中信出版,29.87,13.74,299,101,3.9,2019-04-23,在售
4830,海尔 保温杯 升级版(白色),家居生活,保温杯,海尔,359.87,101.0,177,9,3.8,2023-01-20,在售
4831,索尼 手机 Plus,电子产品,手机,索尼,1238.76,729.95,374,2,3.9,2024-02-10,下架
4832,兰蔻 面膜 青春版,美妆个护,面膜,兰蔻,121.86,75.98,2748,21,3.8,2022-06-09,在售
4833,无印良品 空气净化器 青春版,家居生活,空气净化器,无印良品,2462.99,1252.89,3989,5,4.5,2020-07-30,在售
4834,BOSE 打印机 Plus,电子产品,打印机,BOSE,2385.34,930.24,19,2,4.2,2024-06-03,下架
4835,兰蔻 洗面奶 旗舰版(红色),美妆个护,洗面奶,兰蔻,41.61,25.49,2449,87,3.9,2024-09-10,在售
4836,好孩子 爬行垫 限定版,母婴用品,爬行垫,好孩子,299.23,113.57,1263,10,5.0,2020-02-04,在售
4837,自然堂 指甲油 Pro,美妆个护,指甲油,自然堂,19.16,8.18,344,137,3.5,2020-05-22,在售
4838,倩碧 美容仪 升级版,美妆个护,美容仪,倩碧,286.88,151.49,1630,15,3.0,2024-09-19,在售
4839,三只松鼠 蛋白粉,食品饮料,蛋白粉,三只松鼠,228.1,73.78,1424,22,1.0,2023-01-21,在售
4840,SK-II 护手霜 经典款(蓝色),美妆个护,护手霜,SK-II,119.65,81.3,3948,24,3.7,2019-06-12,在售
4841,方太 地毯 青春版,家居生活,地毯,方太,244.99,136.68,3348,16,3.6,2021-10-06,在售
4842,美赞臣 温奶器 限定版(银色),母婴用品,温奶器,美赞臣,66.43,44.36,4192,70,3.6,2020-07-18,缺货
4843,得到 拼图,图书文娱,拼图,得到,196.11,109.13,4238,11,2.0,2023-09-21,在售
4844,李宁 泳衣 新款,服装鞋帽,泳衣,李宁,183.43,49.27,421,18,3.0,2021-09-24,在售
4845,SK-II 香水 限定版,美妆个护,香水,SK-II,79.94,56.3,270,42,3.3,2021-01-01,在售
4846,惠氏 早教机,母婴用品,早教机,惠氏,122.54,49.28,2958,26,3.7,2021-05-25,在售
4847,好奇 纸尿裤 经典款,母婴用品,纸尿裤,好奇,42.27,24.23,4542,90,4.2,2023-04-30,在售
4848,戴尔 数据线 升级版(金色),电子产品,数据线,戴尔,49.77,34.85,3412,81,3.6,2019-12-12,在售
4849,美的 沙发 限定版(白色),家居生活,沙发,美的,3590.76,2439.49,2673,0,4.2,2025-02-13,在售
4850,三只松鼠 糖果 升级版,食品饮料,糖果,三只松鼠,8.56,6.2,4858,338,3.7,2023-09-11,在售
4851,伊利 保健品 青春版,食品饮料,保健品,伊利,170.66,114.05,731,24,4.5,2019-08-10,在售
4852,优衣库 帽子 (蓝色),服装鞋帽,帽子,优衣库,31.27,10.59,421,115,4.0,2020-09-10,在售
4853,三只松鼠 茶叶 旗舰版(黑色),食品饮料,茶叶,三只松鼠,55.18,22.94,2885,78,3.8,2024-10-16,在售
4854,森马 牛仔裤 新款,服装鞋帽,牛仔裤,森马,483.14,285.4,2826,23,4.5,2021-02-03,缺货
4855,苹果 打印机 Plus(蓝色),电子产品,打印机,苹果,2390.49,1411.27,3447,4,5.0,2021-04-30,下架
4856,欧莱雅 美容仪 (黑色),美妆个护,美容仪,欧莱雅,2204.28,887.25,3528,0,4.3,2019-12-09,在售
4857,罗技 路由器 经典款,电子产品,路由器,罗技,58.3,42.91,100,62,4.0,2022-06-25,下架
4858,OPPO 数据线 Pro,电子产品,数据线,OPPO,74.45,35.49,3336,48,4.0,2025-06-27,在售
4859,格力 抱枕 Pro,家居生活,抱枕,格力,74.02,44.14,1401,56,3.8,2021-09-28,在售
4860,网易严选 洗碗机 限定版,家居生活,洗碗机,网易严选,1846.83,876.06,424,4,4.0,2022-02-08,在售
4861,百草味 蜂蜜 经典款,食品饮料,蜂蜜,百草味,32.49,15.21,4063,96,3.9,2021-05-11,下架
4862,德芙 蛋白粉 经典款,食品饮料,蛋白粉,德芙,221.2,112.48,3547,20,3.0,2020-08-20,在售
4863,H&M 帽子 经典款,服装鞋帽,帽子,H&M,154.64,108.55,4550,20,3.0,2019-05-05,在售
4864,花王 积木玩具 标准版,母婴用品,积木玩具,花王,194.97,65.74,2797,15,2.5,2020-04-09,在售
4865,迪奥 香水 旗舰版,美妆个护,香水,迪奥,371.22,125.59,4370,8,3.2,2019-10-07,在售
4866,香奈儿 护手霜 青春版,美妆个护,护手霜,香奈儿,55.25,30.07,4448,61,3.8,2019-12-22,在售
4867,飞鹤 游泳圈 新款(银色),母婴用品,游泳圈,飞鹤,94.8,52.79,3030,52,3.9,2023-01-24,在售
4868,索尼 智能家居设备 青春版,电子产品,智能家居设备,索尼,1633.09,981.8,1243,2,3.9,2019-03-31,在售
4869,电子工业 拼图 标准版,图书文娱,拼图,电子工业,16.87,4.25,162,201,3.5,2022-12-31,在售
4870,戴尔 移动硬盘 限定版(灰色),电子产品,移动硬盘,戴尔,952.7,421.51,2862,2,3.0,2023-02-17,在售
4871,玉兰油 护手霜 标准版,美妆个护,护手霜,玉兰油,21.76,6.68,1890,146,3.2,2019-03-24,在售
4872,阿迪达斯 羽绒服 Plus,服装鞋帽,羽绒服,阿迪达斯,337.63,94.36,388,11,3.2,2020-12-29,在售
4873,好奇 奶瓶 Pro(金色),母婴用品,奶瓶,好奇,31.23,18.9,4219,94,3.8,2024-10-31,在售
4874,全棉时代 童装 旗舰版(黑色),母婴用品,童装,全棉时代,52.19,22.23,3375,50,4.2,2020-09-20,下架
4875,百草味 果冻 经典款,食品饮料,果冻,百草味,12.67,9.37,1405,226,3.9,2025-03-20,在售
4876,苏泊尔 灯具 青春版(蓝色),家居生活,灯具,苏泊尔,73.3,21.26,4207,44,4.6,2019-03-31,在售
4877,倩碧 精华液 青春版,美妆个护,精华液,倩碧,196.16,102.67,2894,26,5.0,2020-05-01,在售
4878,花西子 指甲油 Plus(蓝色),美妆个护,指甲油,花西子,157.23,77.48,312,23,3.0,2023-07-14,在售
4879,机械工业 科幻小说 Pro(银色),图书文娱,科幻小说,机械工业,11.05,6.02,2535,245,3.7,2019-08-28,在售
4880,尼康 智能手表 青春版(金色),电子产品,智能手表,尼康,1290.44,908.09,2200,2,4.0,2024-05-18,下架
4881,膳魔师 加湿器 (灰色),家居生活,加湿器,膳魔师,63.57,22.15,2408,66,4.6,2021-12-23,下架
4882,爱他美 儿童牙刷 标准版(银色),母婴用品,儿童牙刷,爱他美,32.62,9.09,3234,90,4.6,2024-08-03,在售
4883,费列罗 蛋白粉 旗舰版,食品饮料,蛋白粉,费列罗,104.2,69.14,4142,21,3.0,2021-06-26,缺货
4884,宜家 垃圾桶 升级版(黑色),家居生活,垃圾桶,宜家,6.48,4.52,2647,408,3.4,2024-01-30,在售
4885,耐克 太阳镜 经典款,服装鞋帽,太阳镜,耐克,189.93,137.95,2944,23,2.2,2020-01-04,在售
4886,香奈儿 眉笔 标准版,美妆个护,眉笔,香奈儿,87.04,62.22,54,44,3.7,2019-09-07,在售
4887,惠氏 婴儿奶粉 新款(灰色),母婴用品,婴儿奶粉,惠氏,231.32,148.68,2314,22,5.0,2023-04-11,在售
4888,膳魔师 吸尘器 Plus,家居生活,吸尘器,膳魔师,2873.8,1098.49,4640,0,4.5,2020-06-11,在售
4889,特步 休闲裤 Plus,服装鞋帽,休闲裤,特步,443.92,113.35,1989,10,4.1,2023-07-06,在售
4890,森马 运动外套 Pro,服装鞋帽,运动外套,森马,714.12,351.48,4023,3,5.0,2023-04-27,在售
4891,迪奥 化妆刷 标准版(黑色),美妆个护,化妆刷,迪奥,152.9,82.4,1343,26,3.0,2020-06-28,在售
4892,尼康 游戏主机 标准版,电子产品,游戏主机,尼康,1597.32,555.34,3036,2,4.7,2024-05-28,在售
4893,百草味 蜂蜜 经典款,食品饮料,蜂蜜,百草味,100.5,75.12,3129,39,5.0,2021-07-01,在售
4894,樊登读书 心理学 升级版,图书文娱,心理学,樊登读书,15.59,5.97,2667,196,3.6,2019-11-21,在售
4895,网易严选 保温杯 (银色),家居生活,保温杯,网易严选,26.41,15.09,3512,118,4.2,2021-06-18,在售
4896,美赞臣 儿童安全座椅 旗舰版,母婴用品,儿童安全座椅,美赞臣,1533.41,1119.18,2732,2,3.7,2024-10-13,在售
4897,可优比 纸尿裤 限定版(灰色),母婴用品,纸尿裤,可优比,178.69,50.5,3194,16,5.0,2020-03-31,在售
4898,优衣库 羽绒服 (白色),服装鞋帽,羽绒服,优衣库,2715.57,1688.04,4796,2,3.4,2025-05-11,在售
4899,得到 英语教材 升级版,图书文娱,英语教材,得到,33.87,19.49,1233,83,4.5,2019-06-03,在售
4900,中信出版 小说 青春版(白色),图书文娱,小说,中信出版,19.4,5.42,90,161,4.0,2020-07-01,在售
4901,苹果 耳机 升级版(红色),电子产品,耳机,苹果,824.45,513.62,144,4,3.2,2019-11-04,在售
4902,安踏 泳衣 经典款(白色),服装鞋帽,泳衣,安踏,300.6,97.98,600,8,4.2,2019-05-09,下架
4903,机械工业 编程书籍 Pro,图书文娱,编程书籍,机械工业,131.73,86.14,4868,22,4.7,2021-04-28,在售
4904,格力 沙发,家居生活,沙发,格力,9253.53,4293.95,2421,2,4.8,2019-04-10,在售
4905,BOSE 充电宝 限定版,电子产品,充电宝,BOSE,206.59,73.24,1379,21,2.5,2020-02-02,下架
4906,全棉时代 纸尿裤 旗舰版,母婴用品,纸尿裤,全棉时代,78.55,22.7,4832,44,4.6,2022-08-08,在售
4907,玉兰油 洗面奶 升级版,美妆个护,洗面奶,玉兰油,289.5,205.34,394,16,4.3,2023-12-08,在售
4908,百雀羚 精华液 Pro(金色),美妆个护,精华液,百雀羚,329.53,234.1,316,19,3.7,2019-04-22,在售
4909,德芙 食用油 升级版,食品饮料,食用油,德芙,62.6,18.69,997,59,4.2,2020-01-23,在售
4910,得到 编程书籍 升级版(红色),图书文娱,编程书籍,得到,38.52,23.57,2214,79,4.2,2019-06-29,在售
4911,雅诗兰黛 眼影盘 标准版,美妆个护,眼影盘,雅诗兰黛,390.38,164.47,4439,9,5.0,2025-06-03,在售
4912,方太 地毯 限定版(粉色),家居生活,地毯,方太,1263.59,517.35,3332,0,4.7,2024-08-23,在售
4913,爱他美 儿童水杯 升级版,母婴用品,儿童水杯,爱他美,29.41,17.85,3778,91,4.1,2023-05-02,在售
4914,百雀羚 精华液 升级版(红色),美妆个护,精华液,百雀羚,797.23,319.58,1672,11,4.0,2020-08-19,在售
4915,樊登读书 钢笔 旗舰版,图书文娱,钢笔,樊登读书,78.25,22.54,4487,41,4.3,2019-10-03,在售
4916,苹果 音箱 青春版(红色),电子产品,音箱,苹果,1737.91,679.35,192,1,5.0,2021-09-21,下架
4917,爱仕达 吸尘器 经典款,家居生活,吸尘器,爱仕达,406.12,162.59,4590,9,3.9,2021-11-19,在售
4918,茅台 大米 (灰色),食品饮料,大米,茅台,110.72,58.85,2749,30,3.2,2020-07-19,在售
4919,vivo 数据线 Pro,电子产品,数据线,vivo,62.01,32.31,261,74,3.1,2025-01-18,在售
4920,苹果 投影仪 限定版,电子产品,投影仪,苹果,4899.88,1585.99,3771,0,4.9,2024-07-13,在售
4921,波司登 休闲裤 升级版,服装鞋帽,休闲裤,波司登,381.59,222.83,4528,4,3.0,2024-12-11,在售
4922,德芙 蜂蜜 升级版(粉色),食品饮料,蜂蜜,德芙,86.72,39.57,281,35,3.7,2022-05-09,在售
4923,帮宝适 儿童水杯 青春版,母婴用品,儿童水杯,帮宝适,161.5,116.32,305,36,3.8,2020-05-04,缺货
4924,OPPO 内存卡 新款(灰色),电子产品,内存卡,OPPO,25.59,11.0,993,128,3.6,2022-10-08,在售
4925,好孩子 婴儿推车 Pro,母婴用品,婴儿推车,好孩子,322.23,139.2,1401,17,4.5,2019-04-29,在售
4926,华为 投影仪 (黑色),电子产品,投影仪,华为,6827.29,4835.86,4301,4,2.9,2023-06-20,在售
4927,宜家 加湿器 标准版,家居生活,加湿器,宜家,55.89,27.13,2487,53,3.2,2021-12-15,下架
4928,特步 汉服 Plus,服装鞋帽,汉服,特步,119.69,64.29,768,27,4.0,2020-04-29,在售
4929,德芙 坚果零食 Pro,食品饮料,坚果零食,德芙,19.01,7.5,192,144,3.5,2024-04-12,在售
4930,网易严选 洗碗机 标准版(银色),家居生活,洗碗机,网易严选,3884.91,1935.17,3007,2,4.0,2020-05-26,在售
4931,vivo 智能家居设备 经典款(红色),电子产品,智能家居设备,vivo,1638.87,694.07,3329,3,4.7,2022-09-29,在售
4932,MAC 眼影盘 经典款,美妆个护,眼影盘,MAC,440.53,289.69,11,13,4.0,2024-10-29,在售
4933,完美日记 防晒霜 经典款,美妆个护,防晒霜,完美日记,178.99,124.36,940,12,3.5,2025-03-05,在售
4934,好奇 婴儿奶粉 经典款(灰色),母婴用品,婴儿奶粉,好奇,188.55,91.23,214,9,3.2,2021-08-26,在售
4935,花王 辅食机 Pro,母婴用品,辅食机,花王,105.81,46.73,673,35,2.5,2023-12-24,下架
4936,奥克斯 雨伞 (银色),家居生活,雨伞,奥克斯,25.78,15.21,784,129,3.5,2021-02-12,缺货
4937,SK-II 面霜 青春版,美妆个护,面霜,SK-II,234.85,145.32,2856,29,3.4,2022-03-02,下架
4938,当当 漫画,图书文娱,漫画,当当,40.97,18.23,717,70,3.7,2022-12-24,在售
4939,太平鸟 牛仔裤 青春版,服装鞋帽,牛仔裤,太平鸟,166.63,119.64,2506,25,4.0,2023-02-04,在售
4940,良品铺子 调味料 限定版,食品饮料,调味料,良品铺子,16.89,8.81,4806,176,3.5,2021-10-07,在售
4941,尼康 显示器 Pro(银色),电子产品,显示器,尼康,1791.2,961.77,4416,4,4.8,2022-08-11,在售
4942,耐克 男装T恤 青春版(红色),服装鞋帽,男装T恤,耐克,104.51,75.79,3838,29,3.7,2021-03-16,在售
4943,UR 高跟鞋 经典款,服装鞋帽,高跟鞋,UR,374.58,264.15,448,10,4.0,2019-10-25,在售
4944,优衣库 运动外套 Pro(黑色),服装鞋帽,运动外套,优衣库,119.17,78.17,481,30,3.5,2023-10-18,在售
4945,好奇 游泳圈 标准版(金色),母婴用品,游泳圈,好奇,152.47,74.14,4972,21,3.0,2024-07-30,缺货
4946,电子工业 历史书籍 旗舰版(银色),图书文娱,历史书籍,电子工业,19.5,8.35,1189,159,4.0,2025-05-27,在售
4947,爱仕达 床上四件套 Pro,家居生活,床上四件套,爱仕达,982.71,562.34,3336,3,5.0,2023-12-19,在售
4948,新东方 瑜伽垫 标准版,图书文娱,瑜伽垫,新东方,71.39,25.68,4265,43,4.8,2020-10-07,在售
4949,香奈儿 洗发水 升级版,美妆个护,洗发水,香奈儿,58.49,40.45,725,53,4.0,2024-06-19,下架
4950,全棉时代 游泳圈 经典款,母婴用品,游泳圈,全棉时代,64.99,28.65,4786,64,3.9,2023-05-23,下架
4951,ZARA 泳衣 经典款(金色),服装鞋帽,泳衣,ZARA,280.88,81.78,339,25,3.0,2020-05-17,在售
4952,倩碧 化妆刷 升级版,美妆个护,化妆刷,倩碧,67.96,17.58,480,45,2.7,2022-10-08,缺货
4953,欧莱雅 染发剂,美妆个护,染发剂,欧莱雅,114.8,50.33,207,42,5.0,2024-07-27,在售
4954,华为 VR设备 新款,电子产品,VR设备,华为,4649.23,3259.54,294,2,3.9,2024-03-07,在售
4955,鸿星尔克 羽绒服 升级版,服装鞋帽,羽绒服,鸿星尔克,252.21,182.62,2920,25,4.3,2025-01-29,在售
4956,双立人 地毯 新款,家居生活,地毯,双立人,996.63,416.1,193,2,4.1,2019-08-14,在售
4957,格力 床上四件套 旗舰版(红色),家居生活,床上四件套,格力,1754.07,1235.17,99,5,5.0,2019-03-14,在售
4958,启赋 婴儿奶粉 新款,母婴用品,婴儿奶粉,启赋,268.44,196.16,149,11,5.0,2021-05-23,在售
4959,好孩子 婴儿沐浴露 限定版,母婴用品,婴儿沐浴露,好孩子,138.7,96.57,2250,18,4.5,2019-11-01,在售
4960,京东图书 编程书籍 旗舰版,图书文娱,编程书籍,京东图书,154.45,78.21,2055,23,4.0,2019-06-27,缺货
4961,BOSE 平板电脑 新款,电子产品,平板电脑,BOSE,2115.88,1012.08,3951,3,4.5,2024-04-18,在售
4962,尼康 笔记本电脑 Pro,电子产品,笔记本电脑,尼康,10451.63,7057.64,4804,2,4.1,2024-07-25,在售
4963,双立人 洗碗机 新款(灰色),家居生活,洗碗机,双立人,5192.76,3877.01,3615,0,5.0,2023-01-21,在售
4964,自然堂 定妆喷雾 限定版,美妆个护,定妆喷雾,自然堂,52.54,18.02,2251,53,3.8,2024-12-28,在售
4965,无印良品 地毯 Plus,家居生活,地毯,无印良品,228.16,76.58,4103,18,3.8,2020-09-13,下架
4966,特步 运动外套,服装鞋帽,运动外套,特步,281.17,94.6,1795,13,3.3,2021-04-15,在售
4967,格力 抱枕 标准版,家居生活,抱枕,格力,192.99,143.72,803,10,3.6,2024-10-27,下架
4968,花西子 指甲油 标准版(金色),美妆个护,指甲油,花西子,31.12,10.73,4248,102,4.0,2024-09-01,在售
4969,索尼 鼠标 标准版(银色),电子产品,鼠标,索尼,36.7,17.44,3353,86,3.6,2024-12-30,在售
4970,英氏 儿童安全座椅 新款,母婴用品,儿童安全座椅,英氏,1232.2,850.31,3374,4,3.7,2021-09-14,在售
4971,格力 加湿器,家居生活,加湿器,格力,48.0,23.12,232,47,4.4,2019-09-25,在售
4972,中信出版 经管书籍 旗舰版,图书文娱,经管书籍,中信出版,116.76,76.11,3086,29,4.7,2024-03-14,在售
4973,ZARA 牛仔裤 新款,服装鞋帽,牛仔裤,ZARA,233.49,135.61,1705,12,3.0,2020-12-29,在售
4974,机械工业 经管书籍 标准版(蓝色),图书文娱,经管书籍,机械工业,45.72,30.34,4492,70,3.5,2022-02-23,在售
4975,百草味 坚果零食 (粉色),食品饮料,坚果零食,百草味,15.67,7.85,2026,197,4.1,2022-08-04,在售
4976,苏泊尔 晾衣架 青春版(红色),家居生活,晾衣架,苏泊尔,15.79,7.34,3566,197,3.7,2022-10-12,在售
4977,鸿星尔克 休闲裤 标准版(粉色),服装鞋帽,休闲裤,鸿星尔克,197.42,96.48,4785,26,3.3,2025-05-23,在售
4978,张裕 燕窝 青春版,食品饮料,燕窝,张裕,2593.74,1508.95,4091,6,4.0,2021-01-13,在售
4979,膳魔师 餐桌,家居生活,餐桌,膳魔师,1398.4,697.99,1077,7,3.1,2021-03-06,下架
4980,机械工业 拼图 Plus,图书文娱,拼图,机械工业,43.8,27.89,1720,63,4.0,2024-07-05,在售
4981,阿迪达斯 太阳镜 升级版(白色),服装鞋帽,太阳镜,阿迪达斯,41.31,10.91,4747,79,4.5,2022-08-12,在售
4982,完美日记 面膜 青春版,美妆个护,面膜,完美日记,38.88,12.43,348,78,3.9,2019-11-05,在售
4983,张裕 糖果 标准版,食品饮料,糖果,张裕,10.18,3.87,1407,277,3.6,2023-12-25,在售
4984,华为 智能手表 Plus(灰色),电子产品,智能手表,华为,1508.19,456.82,3731,3,3.7,2022-09-18,在售
4985,阿迪达斯 羽绒服 新款(粉色),服装鞋帽,羽绒服,阿迪达斯,1803.66,660.62,3,6,3.0,2019-04-25,在售
4986,H&M 衬衫 升级版,服装鞋帽,衬衫,H&M,110.26,30.82,4092,44,3.5,2022-11-02,下架
4987,机械工业 围棋 Plus,图书文娱,围棋,机械工业,265.19,188.94,292,18,4.0,2023-07-09,在售
4988,格力 灯具 Plus,家居生活,灯具,格力,33.18,23.45,4254,91,4.0,2019-04-28,下架
4989,农夫山泉 蛋白粉 新款,食品饮料,蛋白粉,农夫山泉,165.59,47.72,1502,27,2.0,2020-04-11,缺货
4990,H&M 运动鞋 升级版(金色),服装鞋帽,运动鞋,H&M,1356.33,1003.17,4181,3,4.0,2020-04-09,在售
4991,阿迪达斯 内衣 Plus,服装鞋帽,内衣,阿迪达斯,26.57,13.06,4913,124,3.5,2020-07-06,在售
4992,良品铺子 调味料 Plus(粉色),食品饮料,调味料,良品铺子,4.95,2.88,1644,553,3.8,2022-08-25,在售
4993,太平鸟 牛仔裤 标准版(银色),服装鞋帽,牛仔裤,太平鸟,264.29,93.53,1543,16,2.0,2022-08-31,在售
4994,H&M 皮带 Plus(黑色),服装鞋帽,皮带,H&M,137.68,90.34,3677,30,3.5,2024-06-05,在售
4995,五粮液 调味料 限定版(红色),食品饮料,调味料,五粮液,5.96,2.82,4514,442,4.0,2019-03-19,下架
4996,兰蔻 美容仪 旗舰版,美妆个护,美容仪,兰蔻,272.18,152.22,3590,17,4.0,2020-03-08,在售
4997,匡威 男装T恤 标准版(蓝色),服装鞋帽,男装T恤,匡威,35.22,25.34,1515,91,4.1,2025-02-13,下架
4998,三只松鼠 糖果,食品饮料,糖果,三只松鼠,6.83,4.09,1812,398,3.8,2024-08-12,缺货
4999,德芙 糖果 经典款(银色),食品饮料,糖果,德芙,5.69,1.95,233,407,3.6,2019-10-22,在售
5000,雅诗兰黛 防晒霜 Pro,美妆个护,防晒霜,雅诗兰黛,56.17,19.26,4352,52,3.8,2022-12-16,缺货
